iteration,wall_time,loop_time,dt_since_last,new_inference,horizon,inference_latency_s,action_idx,state_left_arm_0,state_left_arm_1,state_left_arm_2,state_left_arm_3,state_left_arm_4,state_left_arm_5,state_left_arm_6,state_left_hand_0,state_left_hand_1,state_left_hand_2,state_left_hand_3,state_left_hand_4,state_left_hand_5,state_left_hand_6,state_right_arm_0,state_right_arm_1,state_right_arm_2,state_right_arm_3,state_right_arm_4,state_right_arm_5,state_right_arm_6,state_right_hand_0,state_right_hand_1,state_right_hand_2,state_right_hand_3,state_right_hand_4,state_right_hand_5,state_right_hand_6,target_left_arm_0,target_left_arm_1,target_left_arm_2,target_left_arm_3,target_left_arm_4,target_left_arm_5,target_left_arm_6,target_left_hand_0,target_left_hand_1,target_left_hand_2,target_left_hand_3,target_left_hand_4,target_left_hand_5,target_left_hand_6,target_right_arm_0,target_right_arm_1,target_right_arm_2,target_right_arm_3,target_right_arm_4,target_right_arm_5,target_right_arm_6,target_right_hand_0,target_right_hand_1,target_right_hand_2,target_right_hand_3,target_right_hand_4,target_right_hand_5,target_right_hand_6
0,1783686161.295778,367261.932206,0.000000,1,16,0.078257,0,0.0046798596158623695,0.19886210560798645,0.051808468997478485,-0.1782722771167755,-0.04570186138153076,0.035216622054576874,0.23051990568637848,-0.0019053858704864979,-0.00027587145450524986,-0.0019035012228414416,-0.00027554394910112023,-0.0012998796300962567,-0.0020895153284072876,-2.719106760196155e-06,0.11230939626693726,-0.2398512214422226,0.08457180857658386,-0.4973989427089691,0.14851222932338715,0.09584270417690277,-0.2313203066587448,0.0007129812729544938,8.417412755079567e-05,0.0007172286277636886,0.0015106921782717109,-0.0037670466117560863,0.003814127529039979,-0.0007542040548287332,-0.02705855667591095,0.21136707067489624,0.049970392137765884,-0.22641900181770325,-0.0686742290854454,-0.029909532517194748,0.25350266695022583,0.0,0.0,0.0,0.0,0.0,0.0,0.0,0.06667958199977875,-0.23289641737937927,0.03996550664305687,-0.5701360106468201,0.14426888525485992,0.08659250289201736,-0.17714524269104004,0.0,0.0,0.0,0.0,0.0023658310528844595,0.0,0.0
1,1783686161.296041,367261.932564,0.000358,0,,,1,0.004677962977439165,0.19886216521263123,0.05180812627077103,-0.17827202379703522,-0.045701924711465836,0.035216957330703735,0.23051971197128296,-0.0019137843046337366,-0.00027708488050848246,-0.001911909319460392,-0.0002767588593997061,-0.0013038715114817023,-0.0020982760470360518,-2.720467136896332e-06,0.11230773478746414,-0.2398512363433838,0.08457175642251968,-0.49739816784858704,0.1485123336315155,0.0958433747291565,-0.2313203513622284,0.000716015521902591,8.453113696305081e-05,0.0007202533888630569,0.0015172220300883055,-0.0037785370368510485,0.0038304447662085295,-0.0007575243944302201,-0.026329947635531425,0.20845352113246918,0.04362541809678078,-0.2296377420425415,-0.0694834366440773,-0.03132098168134689,0.24066153168678284,0.0,0.0,0.0,0.0,0.0,0.0,0.0,0.06281942129135132,-0.2309899628162384,0.024532422423362732,-0.574213445186615,0.17051921784877777,0.08884232491254807,-0.1932421326637268,0.0,0.0,0.0,0.0,-0.002965398132801056,0.0,-0.0013671874767169356
2,1783686161.317590,367261.954065,0.021500,0,,,2,0.004676055163145065,0.198862224817276,0.05180775374174118,-0.17827190458774567,-0.04570196568965912,0.03521720692515373,0.23051954805850983,-0.001925269840285182,-0.000278743973467499,-0.0019234074279665947,-0.00027841993141919374,-0.001309310318902135,-0.002110288245603442,-2.7230428258917527e-06,0.11230607330799103,-0.23985128104686737,0.08457167446613312,-0.49739745259284973,0.14851243793964386,0.09584400802850723,-0.23132045567035675,0.000720163865480572,8.50189317134209e-05,0.0007243888103403151,0.001526155974715948,-0.0037941904738545418,0.0038528000004589558,-0.000762063660658896,-0.029972994700074196,0.20651113986968994,0.0423365980386734,-0.22641900181770325,-0.07272028177976608,-0.034143876284360886,0.25350266695022583,0.0,0.0,0.0,0.0,0.0,0.0,0.0,0.07053973525762558,-0.23003672063350677,0.024532422423362732,-0.5497487187385559,0.15117686986923218,0.10684092342853546,-0.1932421326637268,0.005859375,0.0029296875,0.0,0.0,-0.0005048307939432561,0.0,-0.0013671874767169356
3,1783686161.367573,367262.004042,0.049978,0,,,3,0.004565261770039797,0.19883780181407928,0.05007585883140564,-0.17503409087657928,-0.047747015953063965,0.03342898562550545,0.23110432922840118,-0.0019229142926633358,-0.0002782627707347274,-0.0019223226699978113,-0.0002781221701297909,-0.001312121981754899,-0.002114292001351714,-2.4347921225853497e-06,0.10851528495550156,-0.23521456122398376,0.07849882543087006,-0.4972933530807495,0.15067234635353088,0.10310247540473938,-0.22520920634269714,0.0007295201066881418,8.635596168460324e-05,0.0007362355245277286,0.0015288281720131636,-0.0038036059122532606,0.0038785601500421762,-0.000761088274884969,-0.02705855667591095,0.20748233795166016,0.04362541809678078,-0.23124711215496063,-0.0702926516532898,-0.029909532517194748,0.24983376264572144,0.0,0.0,0.0,0.0,0.0,0.0,0.0,0.055099114775657654,-0.23003672063350677,0.024532422423362732,-0.5579036474227905,0.16222964227199554,0.09559180587530136,-0.19592495262622833,0.0,0.0,0.0,0.0,-0.0005048307939432561,0.0,-0.0027343749534338713
4,1783686161.417528,367262.054006,0.049964,0,,,4,0.004338087048381567,0.1972646266222,0.03939938545227051,-0.16096022725105286,-0.05566282197833061,0.030873384326696396,0.23475207388401031,-0.001922403578646481,-0.00027806981233879924,-0.0019232066115364432,-0.0002781177463475615,-0.001317070797085762,-0.0021211132407188416,-2.2565925519302255e-06,0.09759343415498734,-0.22620835900306702,0.0606556199491024,-0.49277544021606445,0.15447799861431122,0.1208561435341835,-0.21310299634933472,0.0007578617660328746,9.547277295496315e-05,0.0007473742007277906,0.0015227290568873286,-0.0038005716633051634,0.003905667457729578,-0.0007583494298160076,-0.0256013385951519,0.20845352113246918,0.04283229634165764,-0.2360752373933792,-0.07110185921192169,-0.02567518875002861,0.25717154145240784,0.0,0.0,0.0,0.0,0.0,0.0,0.0,0.058959268033504486,-0.23003672063350677,0.024532422423362732,-0.5497487187385559,0.1456504762172699,0.10234127938747406,-0.171779602766037,0.0,0.0,0.0,0.0,0.003596114693209529,0.0,-0.0027343749534338713
5,1783686161.467521,367262.103988,0.049982,0,,,5,0.004962012637406588,0.1955387443304062,0.032715197652578354,-0.153464213013649,-0.059949394315481186,0.030923621729016304,0.2366870939731598,-0.0019322368316352367,-0.0002795197651721537,-0.0019319676794111729,-0.0002794130996335298,-0.0013208040036261082,-0.002126353094354272,-2.280004764543264e-06,0.0913633331656456,-0.22369882464408875,0.05270339176058769,-0.4853664040565491,0.1551332324743271,0.13112026453018188,-0.20847664773464203,0.0007573983166366816,9.706150012789294e-05,0.0007417781162075698,0.0015165806980803609,-0.0037889701779931784,0.003912739921361208,-0.0007611212786287069,-0.024872729554772377,0.20748233795166016,0.039263252168893814,-0.24251271784305573,-0.07352949678897858,-0.020029397681355476,0.26267489790916443,0.0,0.0,0.0,0.0,0.0,0.0,0.0,0.055099114775657654,-0.23003672063350677,0.016815882176160812,-0.5497487187385559,0.13459770381450653,0.10684092342853546,-0.17982804775238037,0.005859375,0.0,0.0,0.005859375,0.00031535830930806696,-0.0027343749534338713,-0.0027343749534338713
6,1783686161.517494,367262.153982,0.049994,0,,,6,0.00681723840534687,0.1950124353170395,0.027686653658747673,-0.15160128474235535,-0.06387834995985031,0.03197753056883812,0.24029554426670074,-0.001955244457349181,-0.0002831095189321786,-0.0019542817026376724,-0.00028291469789110124,-0.0013270048657432199,-0.002138775307685137,-2.6008324311987963e-06,0.08800779283046722,-0.2224055975675583,0.04790709912776947,-0.4785633981227875,0.15507052838802338,0.14124073088169098,-0.19721899926662445,0.0007474998710677028,9.492447861703113e-05,0.0007296103867702186,0.0015085835475474596,-0.0037443852052092552,0.003917813766747713,-0.0007682024734094739,-0.028515776619315147,0.2094247043132782,0.04640134423971176,-0.23929397761821747,-0.0694834366440773,-0.021440844982862473,0.26084044575691223,0.0,0.0,0.0,0.0,0.0,0.0,0.0,0.04737880453467369,-0.2309899628162384,0.020674152299761772,-0.5497487187385559,0.15117686986923218,0.11359040439128876,-0.19055932760238647,0.0029296875,0.0029296875,0.0,0.0,0.005236492957919836,0.0,0.0
7,1783686161.567571,367262.204011,0.050029,0,,,7,0.007061354350298643,0.19490177929401398,0.02660326659679413,-0.15180149674415588,-0.06603111326694489,0.03291947767138481,0.24401544034481049,-0.0019662310369312763,-0.00028479148750193417,-0.001964989583939314,-0.00028455877327360213,-0.0013310322538018227,-0.0021462037693709135,-2.5824849672062555e-06,0.0868106484413147,-0.22174322605133057,0.046616267412900925,-0.4748159348964691,0.15431587398052216,0.14828996360301971,-0.19186708331108093,0.0007706991746090353,9.64409628068097e-05,0.0007366242352873087,0.001519978977739811,-0.0037179896607995033,0.003923873882740736,-0.0007713036611676216,-0.026329947635531425,0.20845352113246918,0.03728044778108597,-0.2473408430814743,-0.07272028177976608,-0.020029397681355476,0.26084044575691223,0.0,0.0,0.0,0.0,0.0,0.0,0.0,0.05123895779252052,-0.23003672063350677,0.012957610189914703,-0.5538261532783508,0.15670324862003326,0.11584022641181946,-0.20129059255123138,0.0,0.0,0.0,0.0,0.002775925677269697,0.0,0.0
8,1783686161.617507,367262.253993,0.049982,0,,,8,0.006984529085457325,0.19491538405418396,0.026535702869296074,-0.15234375,-0.06738831102848053,0.0336737334728241,0.2477811574935913,-0.001974599901586771,-0.00028597842901945114,-0.0019729428458958864,-0.0002856861974578351,-0.001336757093667984,-0.0021521984599530697,-2.2498636553791584e-06,0.08227326720952988,-0.22148989140987396,0.045452430844306946,-0.4716273546218872,0.1542554646730423,0.158381849527359,-0.19079791009426117,0.0007974434411153197,0.00010844173084478825,0.0007434816216118634,0.0015222009969875216,-0.0036531530786305666,0.003936962224543095,-0.0007649833569303155,-0.02705855667591095,0.2094247043132782,0.034504521638154984,-0.24412208795547485,-0.07352949678897858,-0.017206501215696335,0.26450932025909424,0.0,0.0,0.0,0.0,0.0,0.0,0.0,0.04737880453467369,-0.23003672063350677,0.0013827976072207093,-0.5456712245941162,0.16222964227199554,0.13158899545669556,-0.19055932760238647,0.0,0.0,0.0,0.0,-9.47362495935522e-05,-0.0013671874767169356,0.0
9,1783686161.667522,367262.303988,0.049995,0,,,9,0.006988524924963713,0.19492287933826447,0.02624456398189068,-0.15399254858493805,-0.06820904463529587,0.034424662590026855,0.24923574924468994,-0.0019781694281846285,-0.0002864763082470745,-0.0019768509082496166,-0.0002862391993403435,-0.0013402414042502642,-0.0021553796250373125,-2.135817567250342e-06,0.080990731716156,-0.2211843729019165,0.04351886734366417,-0.4715889096260071,0.1546829491853714,0.162228062748909,-0.19097279012203217,0.0008090235642157495,0.00011236206046305597,0.0007527140551246703,0.0015185094671323895,-0.0036181178875267506,0.0039443145506083965,-0.0007589578162878752,-0.02705855667591095,0.2094247043132782,0.026969866827130318,-0.24895021319389343,-0.07757554948329926,-0.012972158379852772,0.26817822456359863,0.0,0.0,0.0,0.0,0.0,0.0,0.0,0.055099114775657654,-0.23289641737937927,0.0013827976072207093,-0.5456712245941162,0.16775602102279663,0.14508794248104095,-0.18519368767738342,0.0,0.0,0.0,0.0,0.001545641920529306,0.0,0.0
10,1783686161.717530,367262.353994,0.050006,0,,,10,0.006921060383319855,0.19502249360084534,0.0240106750279665,-0.1563883125782013,-0.06955064088106155,0.03533575311303139,0.2522742450237274,-0.0019809422083199024,-0.0002868121664505452,-0.0019797023851424456,-0.0002865840506274253,-0.001345179509371519,-0.0021599489264190197,-1.995909769902937e-06,0.07909614592790604,-0.22071795165538788,0.035266779363155365,-0.4711688160896301,0.15622533857822418,0.1714637577533722,-0.19076412916183472,0.0008260124595835805,0.0001149815070675686,0.0007692851359024644,0.001513024908490479,-0.0035887733101844788,0.003953550476580858,-0.0007492072763852775,-0.02705855667591095,0.21136707067489624,0.026969866827130318,-0.253778338432312,-0.07757554948329926,-0.011560710147023201,0.26634377241134644,0.0,0.0,0.0,0.0,0.0,0.0,0.0,0.04351864755153656,-0.2309899628162384,0.0013827976072207093,-0.5538261532783508,0.17880879342556,0.15633706748485565,-0.17714524269104004,0.0,0.0,0.0,0.0,0.004416303709149361,0.0,0.0
11,1783686161.767532,367262.403992,0.049998,0,,,11,0.006896886508911848,0.19513702392578125,0.020735736936330795,-0.15816514194011688,-0.07118543237447739,0.03720461204648018,0.25482651591300964,-0.0019803023897111416,-0.0002866234281100333,-0.0019792718812823296,-0.0002864252601284534,-0.0013488642871379852,-0.0021629694383591413,-1.9217120552639244e-06,0.07913895696401596,-0.22075814008712769,0.029094582423567772,-0.47086188197135925,0.15836165845394135,0.17961180210113525,-0.1903260201215744,0.0008250008104369044,0.00011468204320408404,0.0007689271005801857,0.0015070510562509298,-0.0035652280785143375,0.0039557116106152534,-0.0007432080456055701,-0.024144120514392853,0.2094247043132782,0.03093547560274601,-0.24895021319389343,-0.07433870434761047,-0.014383605681359768,0.26267489790916443,0.0,0.0,0.0,0.0,0.0,0.0,0.0,0.04737880453467369,-0.2309899628162384,0.0013827976072207093,-0.5619810819625854,0.1732824146747589,0.14958760142326355,-0.1744624227285385,0.0,0.005859375,0.0,0.0,0.001955736428499222,-0.0013671874767169356,0.0
12,1783686161.817505,367262.453984,0.049993,0,,,12,0.006884516682475805,0.19543573260307312,0.01617971621453762,-0.16172340512275696,-0.07307065278291702,0.03984469175338745,0.25618845224380493,-0.0019864810165017843,-0.0002874716592486948,-0.0019851219840347767,-0.00028722823481075466,-0.0013543792301788926,-0.002168727573007345,-1.9673298083944246e-06,0.07757141441106796,-0.2207573801279068,0.025084147229790688,-0.47076860070228577,0.16419310867786407,0.1931869089603424,-0.18722489476203918,0.0008127483888529241,0.00011589304631343111,0.0007583100232295692,0.0014964737929403782,-0.0035050183068960905,0.003960485570132732,-0.0007343354518525302,-0.0256013385951519,0.21039588749408722,0.027168147265911102,-0.253778338432312,-0.08243081718683243,-0.007326366845518351,0.27184709906578064,0.0,0.0,0.0,0.0,0.0,0.0,0.0,0.04737880453467369,-0.2338496595621109,-0.010192015208303928,-0.5619810819625854,0.18709838390350342,0.17208585143089294,-0.16909678280353546,0.0,0.0,0.0,0.005859375,0.001545641920529306,-0.0013671874767169356,-0.0013671874767169356
13,1783686161.867528,367262.503988,0.050003,0,,,13,0.0069091059267520905,0.19547145068645477,0.015316220931708813,-0.16254767775535583,-0.07363702356815338,0.040117401629686356,0.25630366802215576,-0.0019969213753938675,-0.00028909993125125766,-0.0019952806178480387,-0.0002888108429033309,-0.0013572954339906573,-0.0021738994400948286,-2.1149594431335572e-06,0.07723936438560486,-0.22069647908210754,0.024832794442772865,-0.4717293083667755,0.16619792580604553,0.19792276620864868,-0.18443283438682556,0.0008126150933094323,0.00013066647807136178,0.0007583536789752543,0.0014923124108463526,-0.003476036712527275,0.003958467859774828,-0.0007296039839275181,-0.022686900570988655,0.21136707067489624,0.026969866827130318,-0.2602158188819885,-0.08404923975467682,-0.003092023078352213,0.27276432514190674,0.0,0.0,0.0,0.0,0.0,0.0,0.0,0.03965849056839943,-0.23766258358955383,-0.006333744153380394,-0.5619810819625854,0.18986158072948456,0.17658549547195435,-0.171779602766037,0.0,0.0,0.0,0.0,-0.0013250198680907488,0.0,0.0
14,1783686161.917516,367262.553997,0.050009,0,,,14,0.007034624926745892,0.1955900639295578,0.014805703423917294,-0.16409149765968323,-0.07587336748838425,0.04275534301996231,0.25833097100257874,-0.0020068150479346514,-0.0002906207519117743,-0.00200564693659544,-0.00029039979563094676,-0.0013627371517941356,-0.0021804384887218475,-2.094725914503215e-06,0.07681207358837128,-0.22091306746006012,0.02197190374135971,-0.4750647246837616,0.17213240265846252,0.20816326141357422,-0.17930753529071808,0.0008234912529587746,0.00014323288633022457,0.0007695573149248958,0.001506874687038362,-0.0034399263095110655,0.003960089758038521,-0.0007251089555211365,-0.024872729554772377,0.21136707067489624,0.022607699036598206,-0.2586064338684082,-0.08404923975467682,-0.003092023078352213,0.27551600337028503,0.0,0.0,0.0,0.0,0.0,0.0,0.0,0.04351864755153656,-0.2395690381526947,-0.017908556386828423,-0.5660585761070251,0.19538795948028564,0.18108513951301575,-0.14763425290584564,0.0087890625,0.0029296875,0.0025952463038265705,0.005859375,-0.0013250198680907488,-0.004101562313735485,-0.0027343749534338713
15,1783686161.967474,367262.603946,0.049949,0,,,15,0.00756464758887887,0.19579030573368073,0.01442644838243723,-0.16700856387615204,-0.07787975668907166,0.0457434318959713,0.2603549659252167,-0.002009911695495248,-0.00029105323483236134,-0.002008680021390319,-0.0002908257592935115,-0.001365927280858159,-0.0021827067248523235,-1.9844558210024843e-06,0.07445496320724487,-0.22243258357048035,0.019613994285464287,-0.4755536913871765,0.1764371693134308,0.21601758897304535,-0.17719992995262146,0.0008262037881650031,0.00014372996520251036,0.000770899117924273,0.001508003449998796,-0.003433260601013899,0.0039624664932489395,-0.0007214258657768369,-0.02705855667591095,0.21136707067489624,0.02617674507200718,-0.2586064338684082,-0.08566766232252121,-0.0002691275149118155,0.27551600337028503,0.0,0.0,0.0,0.0,0.0,0.0,0.0,0.0357983373105526,-0.24147550761699677,-0.02176682837307453,-0.5619810819625854,0.20920392870903015,0.19908374547958374,-0.1529998928308487,0.005859375,0.01171875,0.0077857389114797115,0.01171875,-0.0009149253601208329,-0.004101562313735485,-0.004101562313735485
16,1783686162.094969,367262.731437,0.127491,1,16,0.077412,0,0.007704923395067453,0.19619512557983398,0.012438318692147732,-0.16987942159175873,-0.07990117371082306,0.04826723039150238,0.2633472681045532,-0.0020135333761572838,-0.0002915274235419929,-0.002012145472690463,-0.0002912759664468467,-0.0013709987979382277,-0.002188231563195586,-1.9809799596259836e-06,0.07278183847665787,-0.22489258646965027,0.01274552009999752,-0.47776535153388977,0.18355025351047516,0.22628562152385712,-0.16695919632911682,0.0008695959695614874,0.00016295642126351595,0.0007914908928796649,0.0015308301663026214,-0.0034296337980777025,0.003945004660636187,-0.0007267405744642019,-0.037259090691804886,0.20748233795166016,0.021219735965132713,-0.2232002466917038,-0.08324002474546432,-0.04543545842170715,0.26267489790916443,0.0,0.0,0.0,0.0,0.0,0.0,0.0,0.04737880453467369,-0.2395690381526947,-0.0294833704829216,-0.5538261532783508,0.2395990490913391,0.18558479845523834,-0.12885454297065735,0.0,0.0,0.0025952463038265705,0.0029296875,0.0068768709897994995,0.0,0.0
17,1783686162.095208,367262.731744,0.000307,0,,,1,0.007623021025210619,0.19630880653858185,0.012091523967683315,-0.17040210962295532,-0.08099325001239777,0.04973819851875305,0.2643396556377411,-0.002018105471506715,-0.00029220274882391095,-0.002016562270000577,-0.00029192547663114965,-0.0013739191927015781,-0.002191664883866906,-1.9955180050601484e-06,0.07029449939727783,-0.2262715995311737,0.008749273605644703,-0.4781315326690674,0.18903234601020813,0.23365208506584167,-0.1634485274553299,0.0008967332541942596,0.00019771956431213766,0.0008190738153643906,0.0015633156290277839,-0.0034256780054420233,0.003935294225811958,-0.0007347492501139641,-0.035073261708021164,0.2094247043132782,0.014279922470450401,-0.2232002466917038,-0.07919397205114365,-0.04261256381869316,0.27735045552253723,0.0,0.0,0.0,0.0,0.0,0.0,0.0,0.055099114775657654,-0.24338196218013763,-0.04491645470261574,-0.5579036474227905,0.19815115630626678,0.19458410143852234,-0.13690298795700073,0.0,0.0,0.0,0.0029296875,0.001955736428499222,-0.0027343749534338713,-0.004101562313735485
18,1783686162.117566,367262.754028,0.022283,0,,,2,0.007496367208659649,0.19648851454257965,0.01187148317694664,-0.17073562741279602,-0.08226734399795532,0.05175314098596573,0.2655484974384308,-0.002023236593231559,-0.0002929445181507617,-0.002021549502387643,-0.0002926460874732584,-0.001378597691655159,-0.0021961370948702097,-1.9550570868887007e-06,0.06744013726711273,-0.227462038397789,0.004659195896238089,-0.4783465564250946,0.19522538781166077,0.24232028424739838,-0.16076543927192688,0.0009283933904953301,0.0002628985675983131,0.0008615206461399794,0.00162086624186486,-0.003418175969272852,0.003911614418029785,-0.0007505156681872904,-0.04017352685332298,0.20748233795166016,0.005952145904302597,-0.2232002466917038,-0.08485844731330872,-0.03696677088737488,0.27368155121803284,0.0,0.0,0.0,0.0,0.0,0.0,0.0,0.05123895779252052,-0.24624165892601013,-0.03334164246916771,-0.5579036474227905,0.21749350428581238,0.18783462047576904,-0.13958580791950226,0.0029296875,0.0,0.0,0.0,0.004416303709149361,0.0,0.0
19,1783686162.167491,367262.803956,0.049928,0,,,3,0.00526528200134635,0.19655954837799072,0.009853623807430267,-0.16605812311172485,-0.0827428326010704,0.047736454755067825,0.26653817296028137,-0.0020240626763552427,-0.0002930215559899807,-0.0020227988716214895,-0.00029279576847329736,-0.0013811895623803139,-0.0022007436491549015,-2.0502156985457987e-06,0.06946287304162979,-0.22767439484596252,8.079095277935266e-05,-0.47861844301223755,0.19648565351963043,0.2445346564054489,-0.15611979365348816,0.0009477742714807391,0.0002878811792470515,0.0008836567867547274,0.0016451813280582428,-0.0034045111387968063,0.003895979840308428,-0.0007609903113916516,-0.038716308772563934,0.20553995668888092,0.001986538292840123,-0.2232002466917038,-0.08566766232252121,-0.034143876284360886,0.27368155121803284,0.0,0.0,0.0,0.0,0.0,0.0,0.0,0.04351864755153656,-0.24433520436286926,-0.04877472296357155,-0.5538261532783508,0.23407267034053802,0.19908374547958374,-0.14361003041267395,0.0,0.0,0.0,0.0,0.004416303709149361,0.0,0.0
20,1783686162.217522,367262.853993,0.050037,0,,,4,6.767636659787968e-05,0.19654953479766846,0.0038393132854253054,-0.15227282047271729,-0.08340100198984146,0.03816450387239456,0.26789355278015137,-0.002012313110753894,-0.0002910132461693138,-0.002010863507166505,-0.00029074714984744787,-0.0013855169527232647,-0.0022038095630705357,-1.8277954723089351e-06,0.07545205950737,-0.22999317944049835,-0.008184656500816345,-0.4784690737724304,0.20145899057388306,0.24594533443450928,-0.15042878687381744,0.0009618869516998529,0.0002919992839451879,0.0008933609933592379,0.0016489643603563309,-0.003354413667693734,0.0038868796546012163,-0.0007649346371181309,-0.03798769786953926,0.20651113986968994,0.0007968559511937201,-0.2232002466917038,-0.0880952924489975,-0.03555532172322273,0.27735045552253723,0.0,0.0,0.0,0.0,0.0,0.0,0.0,0.058959268033504486,-0.24624165892601013,-0.04491645470261574,-0.5619810819625854,0.2644678056240082,0.21258269250392914,-0.14763425290584564,0.005859375,0.0,0.0,0.005859375,0.001955736428499222,0.0,0.0
21,1783686162.267546,367262.903999,0.050006,0,,,5,-0.0019873955752700567,0.19600574672222137,-0.0027435030788183212,-0.14688974618911743,-0.08406101167201996,0.03590267896652222,0.26812106370925903,-0.0020087745506316423,-0.00029039985383860767,-0.002007841132581234,-0.00029021300724707544,-0.001389123615808785,-0.0022016738075762987,-1.508693230789504e-06,0.0757468193769455,-0.23040620982646942,-0.013722345232963562,-0.47795453667640686,0.21008092164993286,0.24871069192886353,-0.1489224135875702,0.0009685446275398135,0.0002916981466114521,0.000897855672519654,0.0016443532658740878,-0.003308614483103156,0.0038909155409783125,-0.0007587883155792952,-0.03580187261104584,0.2094247043132782,-0.018238062039017677,-0.2360752373933792,-0.08971371501684189,-0.02285229228436947,0.29386046528816223,0.0,0.0,0.0,0.0,0.0,0.0,0.0,0.05123895779252052,-0.2481481283903122,-0.04105818271636963,-0.5579036474227905,0.2395990490913391,0.23058129847049713,-0.1342201828956604,0.005859375,0.0,0.0,0.0,0.00031535830930806696,0.0,0.0
22,1783686162.317660,367262.954130,0.050130,0,,,6,-0.00233506690710783,0.19533513486385345,-0.011501788161695004,-0.14465488493442535,-0.08515450358390808,0.034129898995161057,0.2691785395145416,-0.0020185154862701893,-0.00029193502268753946,-0.002017458900809288,-0.00029173371149227023,-0.0013939893105998635,-0.002206217497587204,-1.7746306184562854e-06,0.078871950507164,-0.23159879446029663,-0.019269756972789764,-0.4786989390850067,0.22647321224212646,0.2550950348377228,-0.14863455295562744,0.000982666271738708,0.00028939262847416103,0.0008891825564205647,0.001654913416132331,-0.0032637370750308037,0.0038826996460556984,-0.0007525707478635013,-0.04163074493408203,0.20748233795166016,-0.02299679070711136,-0.2360752373933792,-0.08566766232252121,-0.024263741448521614,0.29386046528816223,0.0,0.0,0.0,0.0,0.0,0.0,0.0,0.0357983373105526,-0.24624165892601013,-0.07578261941671371,-0.5415937900543213,0.2257830798625946,0.23058129847049713,-0.13153736293315887,0.005859375,0.0,0.0,0.005859375,0.00031535830930806696,-0.0027343749534338713,-0.0027343749534338713
23,1783686162.367533,367263.003993,0.049864,0,,,7,-0.0023588561452925205,0.1955319344997406,-0.0192324947565794,-0.14496544003486633,-0.08599714934825897,0.034105584025382996,0.27400484681129456,-0.0020179718267172575,-0.0002918417449109256,-0.0020169070921838284,-0.00029163985163904727,-0.0013973634922876954,-0.002207433106377721,-1.6885837794688996e-06,0.07999427616596222,-0.2325156331062317,-0.019798047840595245,-0.47850877046585083,0.23028446733951569,0.26435697078704834,-0.14635522663593292,0.0009993893327191472,0.0002875741629395634,0.0008799987263046205,0.0016549879219383001,-0.0032459821086376905,0.0038820842746645212,-0.0007476199534721673,-0.04891683906316757,0.20748233795166016,-0.03885922208428383,-0.23285648226737976,-0.07676634192466736,-0.02285229228436947,0.304867148399353,0.0,0.0,0.0,0.0,0.0,0.0,0.0,0.04737880453467369,-0.24719490110874176,-0.09893224388360977,-0.5415937900543213,0.23407267034053802,0.23958058655261993,-0.10873342305421829,0.0,0.0,0.0,0.0,0.00113554741255939,-0.0013671874767169356,0.0
24,1783686162.417574,367263.054042,0.050049,0,,,8,-0.004380916245281696,0.19554749131202698,-0.031717438250780106,-0.14572012424468994,-0.08674880117177963,0.03438793122768402,0.2795492708683014,-0.002019587205722928,-0.00029200559947639704,-0.0020188079215586185,-0.00029185303719714284,-0.0014021790120750666,-0.002211184473708272,-1.7846980426838854e-06,0.07413040101528168,-0.23240134119987488,-0.031026529148221016,-0.47113433480262756,0.23080742359161377,0.27519693970680237,-0.13840866088867188,0.001056498964317143,0.00029098987579345703,0.0009060965967364609,0.001672387938015163,-0.0032269051298499107,0.0038809801917523146,-0.0007487009279429913,-0.0481882318854332,0.2094247043132782,-0.04520419239997864,-0.24573145806789398,-0.07433870434761047,-0.017206501215696335,0.31770825386047363,0.0,0.0,0.0,0.0,0.0,0.0,0.0,0.031938180327415466,-0.24147550761699677,-0.10279051959514618,-0.5497487187385559,0.206440731883049,0.2553293704986572,-0.09129511564970016,0.0,0.0,0.0,0.0,0.006056682206690311,0.0,0.0
25,1783686162.467567,367263.104034,0.049992,0,,,9,-0.007745623588562012,0.19555480778217316,-0.04166310653090477,-0.14602404832839966,-0.08682485669851303,0.03456832841038704,0.2847977876663208,-0.002023624023422599,-0.0002926308661699295,-0.0020227436907589436,-0.0002924659929703921,-0.001405546790920198,-0.0022168040741235018,-2.0184563709335634e-06,0.07296902686357498,-0.23237262666225433,-0.049008164554834366,-0.4678935408592224,0.23110836744308472,0.28203776478767395,-0.13005685806274414,0.0010765782790258527,0.0002925429434981197,0.0009193841833621264,0.0016752067022025585,-0.0032072458416223526,0.003864398691803217,-0.0007479641935788095,-0.05255988985300064,0.20845352113246918,-0.05392853170633316,-0.23929397761821747,-0.07595712691545486,-0.014383605681359768,0.3241288363933563,0.0,0.0,0.0,0.0,0.0,0.0,0.0,0.03965849056839943,-0.25005459785461426,-0.12979841232299805,-0.5497487187385559,0.23683585226535797,0.2710781395435333,-0.10202638059854507,0.0,0.0,0.0,0.0,0.0023658310528844595,-0.0013671874767169356,0.0
26,1783686162.517473,367263.153960,0.049926,0,,,10,-0.010827332735061646,0.1958828717470169,-0.0536651536822319,-0.1506819725036621,-0.08660616725683212,0.0363227017223835,0.2955096364021301,-0.0020269821397960186,-0.0002931223134510219,-0.002026165835559368,-0.0002929723996203393,-0.0014107307652011514,-0.0022231126204133034,-2.0700576897070277e-06,0.06903830170631409,-0.23155571520328522,-0.07255043834447861,-0.4671938717365265,0.22837980091571808,0.2957872748374939,-0.1171073466539383,0.0010669863549992442,0.00029010168509557843,0.0009109028032980859,0.0016644849674776196,-0.0031400902662426233,0.0038511566817760468,-0.0007414694991894066,-0.05620293691754341,0.20553995668888092,-0.05551477521657944,-0.23285648226737976,-0.07919397205114365,-0.014383605681359768,0.321377158164978,0.0,0.0,0.0,0.0,0.0,0.0,0.0,0.03965849056839943,-0.25291427969932556,-0.13365668058395386,-0.5538261532783508,0.23683585226535797,0.28007742762565613,-0.09129511564970016,0.0,0.0,0.0,0.0,0.00031535830930806696,-0.0013671874767169356,-0.0013671874767169356
27,1783686162.567529,367263.203962,0.050003,0,,,11,-0.01381657738238573,0.1959618180990219,-0.06040958687663078,-0.1520756334066391,-0.08651689440011978,0.036840036511421204,0.3010440766811371,-0.0020310641266405582,-0.00029372351127676666,-0.002030170988291502,-0.0002935600932687521,-0.001413340331055224,-0.002227447461336851,-2.130818984369398e-06,0.06807700544595718,-0.23190505802631378,-0.08514632284641266,-0.4675820767879486,0.22865018248558044,0.30375829339027405,-0.11262916028499603,0.001071085687726736,0.00029028987046331167,0.0009155997540801764,0.0016597405774518847,-0.003108719829469919,0.0038404089864343405,-0.0007380128372460604,-0.05766015499830246,0.20845352113246918,-0.0650322362780571,-0.23929397761821747,-0.08890450745820999,-0.011560710147023201,0.3323838412761688,0.0,0.0,0.0,0.0,0.0,0.0,0.0,0.024217870086431503,-0.2567272186279297,-0.13751496374607086,-0.5497487187385559,0.25065183639526367,0.2935763895511627,-0.1047092005610466,0.0029296875,0.0029296875,0.0025952463038265705,0.0087890625,0.003596114693209529,-0.00820312462747097,-0.0054687499068677425
28,1783686162.617510,367263.253991,0.050029,0,,,12,-0.01803280971944332,0.19589965045452118,-0.06702151894569397,-0.1521698385477066,-0.08669322729110718,0.037804849445819855,0.3067396879196167,-0.0020384411327540874,-0.00029483751859515905,-0.0020371945574879646,-0.0002946144959423691,-0.0014173892559483647,-0.0022344200406223536,-2.201177494498552e-06,0.0676613450050354,-0.23491814732551575,-0.10140489786863327,-0.468009352684021,0.2299172431230545,0.3172072470188141,-0.10727343708276749,0.0010654059005901217,0.00028953319997526705,0.0009108174126595259,0.001653575454838574,-0.0030825112480670214,0.003817702643573284,-0.0007397995796054602,-0.06130320206284523,0.20651113986968994,-0.06741159409284592,-0.23285648226737976,-0.09456898272037506,-0.008737814612686634,0.3296321630477905,0.0,0.0,0.0,0.0,0.0,0.0,0.0,0.031938180327415466,-0.25863367319107056,-0.14523150026798248,-0.5538261532783508,0.26170459389686584,0.2958262264728546,-0.0939779281616211,0.0,0.0,0.0,0.0,-0.0013250198680907488,0.0,0.0
29,1783686162.667540,367263.303993,0.050002,0,,,13,-0.020221291109919548,0.19603314995765686,-0.07135313004255295,-0.1522933691740036,-0.08737827837467194,0.03909136727452278,0.3120255172252655,-0.002038742648437619,-0.0002948592300526798,-0.0020375545136630535,-0.0002946415916085243,-0.0014204024337232113,-0.002236743224784732,-2.032991687883623e-06,0.06401894241571426,-0.23732081055641174,-0.10836151987314224,-0.46799731254577637,0.233355313539505,0.32780396938323975,-0.10670053213834763,0.0010617575608193874,0.00029512771288864315,0.0009086605277843773,0.0016699746483936906,-0.0030535159166902304,0.0037879033479839563,-0.0007520657381974161,-0.06421764194965363,0.20553995668888092,-0.06979095935821533,-0.23929397761821747,-0.09133213758468628,-0.0016805753111839294,0.334218293428421,0.0,0.0,0.0,0.0,0.0,0.0,0.0,0.031938180327415466,-0.259586900472641,-0.1529480367898941,-0.5619810819625854,0.2782837450504303,0.3115749955177307,-0.09666074812412262,0.0,0.005859375,0.005190492607653141,0.0029296875,0.0068768709897994995,0.0,-0.0013671874767169356
30,1783686162.717602,367263.354016,0.050022,0,,,14,-0.023558484390378,0.19604633748531342,-0.07812179625034332,-0.15228205919265747,-0.08999495953321457,0.042087212204933167,0.3167894184589386,-0.002041791332885623,-0.0002952541399281472,-0.0020406560506671667,-0.00029504127451218665,-0.0014249682426452637,-0.0022424692288041115,-2.0718773612316e-06,0.061675138771533966,-0.2400064915418625,-0.11630460619926453,-0.4696309566497803,0.2430378645658493,0.3391926884651184,-0.10398257523775101,0.0010563867399469018,0.0003005986218340695,0.0009085155907087028,0.001674321829341352,-0.003030650783330202,0.0037550502456724644,-0.000756358727812767,-0.064946249127388,0.20748233795166016,-0.08089466392993927,-0.23285648226737976,-0.10185188055038452,0.0011423203395679593,0.33605271577835083,0.0,0.0,0.0,0.0,0.0,0.0,0.0,0.03965849056839943,-0.265306293964386,-0.16838112473487854,-0.5579036474227905,0.29486292600631714,0.3250739276409149,-0.07385680824518204,0.0,0.0,0.0,0.0,0.00113554741255939,0.0,0.0
31,1783686162.767499,367263.403984,0.049969,0,,,15,-0.025420594960451126,0.19599200785160065,-0.08091334998607635,-0.15238122642040253,-0.09090429544448853,0.0448642261326313,0.31936460733413696,-0.0020451322197914124,-0.0002957638935185969,-0.002043759683147073,-0.00029551333864219487,-0.0014276147121563554,-0.00224680476821959,-2.1372068204073003e-06,0.06166161224246025,-0.24082016944885254,-0.12062284350395203,-0.47247377038002014,0.25089552998542786,0.347209632396698,-0.10234273970127106,0.0010546020930632949,0.000314737408189103,0.0009211167343892157,0.0016761785373091698,-0.0029900067020207644,0.0037453274708241224,-0.0007566549465991557,-0.064946249127388,0.20651113986968994,-0.0753428116440773,-0.2344658523797989,-0.10104267299175262,-0.0016805753111839294,0.3397216200828552,0.0,0.0,0.0,0.0,0.0,0.0,0.0,0.0357983373105526,-0.2624466121196747,-0.17995594441890717,-0.5701360106468201,0.31420525908470154,0.3295735716819763,-0.05641850084066391,0.0,0.0,0.0,0.0,-9.47362495935522e-05,0.0,0.0
32,1783686162.895880,367263.532356,0.128372,1,16,0.078342,0,-0.027630623430013657,0.19607257843017578,-0.08692074567079544,-0.15238238871097565,-0.09466668963432312,0.04853460565209389,0.3234446346759796,-0.0020425505936145782,-0.00029528557206504047,-0.0020419377833604813,-0.00029514895868487656,-0.0014316232409328222,-0.002248333068564534,-1.8562222976470366e-06,0.06325263530015945,-0.24376711249351501,-0.13150377571582794,-0.4755600094795227,0.2661083936691284,0.3601081669330597,-0.09247642755508423,0.001057203859090805,0.000324174587149173,0.0009332536719739437,0.0016729322960600257,-0.002947009401395917,0.0037285510916262865,-0.0007542603416368365,-0.07951843738555908,0.20359759032726288,-0.05392853170633316,-0.2232002466917038,-0.08324002474546432,-0.04261256381869316,0.31037047505378723,0.0,0.0,0.0,0.0,0.0,0.0,0.0,0.031938180327415466,-0.25291427969932556,-0.16838112473487854,-0.529361367225647,0.2782837450504303,0.23508094251155853,-0.06714976578950882,0.0,0.0,0.0,0.0,0.002775925677269697,0.0,0.0
33,1783686162.896097,367263.532646,0.000290,0,,,1,-0.027952851727604866,0.19606269896030426,-0.08972097188234329,-0.15231730043888092,-0.09701820462942123,0.050048716366291046,0.3255077600479126,-0.0020495380740612745,-0.0002963805163744837,-0.002048415830358863,-0.0002961672144010663,-0.0014345163945108652,-0.0022530171554535627,-2.0218876670696773e-06,0.06413517147302628,-0.2443188726902008,-0.14164943993091583,-0.4780544638633728,0.2779751420021057,0.3692115247249603,-0.08324924856424332,0.0010548789286985993,0.00032317385193891823,0.0009322431869804859,0.0016665165312588215,-0.0029363499488681555,0.0037171393632888794,-0.0007506018737331033,-0.08534730970859528,0.20165522396564484,-0.057101018726825714,-0.2232002466917038,-0.07595712691545486,-0.041201114654541016,0.31220492720603943,0.0,0.0,0.0,0.0,0.0,0.0,0.0,0.03965849056839943,-0.2519610524177551,-0.16452285647392273,-0.525283932685852,0.2727573812007904,0.24183042347431183,-0.08592948317527771,0.005859375,0.0,0.0,0.0029296875,0.002775925677269697,0.0,0.0
34,1783686162.917507,367263.553994,0.021347,0,,,2,-0.02810848131775856,0.19606147706508636,-0.09019771218299866,-0.1522015631198883,-0.09899991005659103,0.05130686238408089,0.3280971944332123,-0.0020552531350404024,-0.00029726867796853185,-0.0020537832751870155,-0.0002970056375488639,-0.0014386544935405254,-0.0022583226673305035,-2.0433712961676065e-06,0.06429567188024521,-0.2444940209388733,-0.15038977563381195,-0.48228684067726135,0.28915759921073914,0.3764512538909912,-0.0746571347117424,0.001042071613483131,0.00032024431857280433,0.0009188260301016271,0.0016558303032070398,-0.0029251312371343374,0.0037010638043284416,-0.0007456563180312514,-0.08097565919160843,0.20165522396564484,-0.056307896971702576,-0.2232002466917038,-0.07352949678897858,-0.03555532172322273,0.31862547993659973,0.0,0.0,0.0,0.0,0.0,0.0,0.0,0.031938180327415466,-0.24910135567188263,-0.15680630505084991,-0.5212064981460571,0.2395990490913391,0.23058129847049713,-0.0604427270591259,0.0,0.0,0.0,0.0,-0.0005048307939432561,0.0,-0.0027343749534338713
35,1783686162.967525,367263.603994,0.050001,0,,,3,-0.031841378659009933,0.19538307189941406,-0.08910196274518967,-0.14824514091014862,-0.09923047572374344,0.04874686524271965,0.32728302478790283,-0.00205401168204844,-0.00029696166166104376,-0.0020532002672553062,-0.00029681535670533776,-0.0014420596417039633,-0.002268654527142644,-2.509437990738661e-06,0.06456205248832703,-0.24330894649028778,-0.15119774639606476,-0.4777424931526184,0.29105234146118164,0.36601904034614563,-0.07316844165325165,0.0010499246418476105,0.0003194687014911324,0.0009176145540550351,0.001654264284297824,-0.0029069732408970594,0.003695863299071789,-0.0007409397512674332,-0.08389009535312653,0.20165522396564484,-0.05948038026690483,-0.2232002466917038,-0.07838476449251175,-0.034143876284360886,0.321377158164978,0.0,0.0,0.0,0.0,0.0,0.0,0.0,0.0357983373105526,-0.2519610524177551,-0.17609766125679016,-0.5334388613700867,0.26170459389686584,0.23283112049102783,-0.07117399573326111,0.0,0.0,0.0,0.0,0.001545641920529306,0.0,-0.0054687499068677425
36,1783686163.017472,367263.653982,0.049987,0,,,4,-0.0402914322912693,0.1938495934009552,-0.08308485895395279,-0.1437520682811737,-0.09779622405767441,0.041032105684280396,0.3239373564720154,-0.0020569388289004564,-0.000297404796583578,-0.002056071301922202,-0.000297265563858673,-0.001446836511604488,-0.002274952130392194,-2.310652234882582e-06,0.0639665350317955,-0.2381480187177658,-0.14653794467449188,-0.45941606163978577,0.27966269850730896,0.33795344829559326,-0.0723491758108139,0.001057567773386836,0.00031754947849549353,0.0009091489482671022,0.0016516330651938915,-0.0028825069312006235,0.0036813735496252775,-0.0007448341930285096,-0.08243287354707718,0.20165522396564484,-0.05948038026690483,-0.2232002466917038,-0.08000318706035614,-0.03273242712020874,0.31954270601272583,0.0,0.0,0.0,0.0,0.0,0.0,0.0,0.024217870086431503,-0.24910135567188263,-0.1529480367898941,-0.5232452154159546,0.2451254427433014,0.24408024549484253,-0.08592948317527771,0.0,0.0,0.0,0.0,-0.002145209116861224,-0.0013671874767169356,0.0
37,1783686163.067536,367263.703992,0.050011,0,,,5,-0.04410598427057266,0.19365258514881134,-0.08094359189271927,-0.14363601803779602,-0.09712044894695282,0.036602627485990524,0.32364216446876526,-0.0020539609249681234,-0.0002968978660646826,-0.002052634721621871,-0.00029668156639672816,-0.0014494461938738823,-0.0022761449217796326,-2.041173956968123e-06,0.06413432955741882,-0.2363237738609314,-0.14579421281814575,-0.45377248525619507,0.27557340264320374,0.32698318362236023,-0.07194741815328598,0.0010551218874752522,0.0003164792724419385,0.0009080007439479232,0.0016452393028885126,-0.0028692136984318495,0.003669595578685403,-0.00075913144974038,-0.08389009535312653,0.1997128427028656,-0.06423911452293396,-0.2232002466917038,-0.07757554948329926,-0.03132098168134689,0.3250460624694824,0.0,0.0,0.0,0.0,0.0,0.0,0.0,0.024217870086431503,-0.2510078251361847,-0.16452285647392273,-0.5334388613700867,0.25065183639526367,0.2665784955024719,-0.06983258575201035,0.0,0.0,0.0,0.0,0.00031535830930806696,-0.0013671874767169356,-0.0027343749534338713
38,1783686163.117529,367263.754010,0.050018,0,,,6,-0.04592084884643555,0.19340059161186218,-0.07979480177164078,-0.1435871422290802,-0.09643270075321198,0.033153265714645386,0.32329893112182617,-0.0020486239809542894,-0.0002960108395200223,-0.0020470849703997374,-0.0002957472170237452,-0.001452794997021556,-0.002279403619468212,-1.9532230908225756e-06,0.060361042618751526,-0.23548294603824615,-0.14291468262672424,-0.4503962993621826,0.26839569211006165,0.3201068043708801,-0.07481356710195541,0.0010427101515233517,0.00031357744592241943,0.0008954949444159865,0.0016347079072147608,-0.0028693177737295628,0.0036555230617523193,-0.0007623795536346734,-0.08389009535312653,0.19874165952205658,-0.0650322362780571,-0.2232002466917038,-0.08000318706035614,-0.02567518875002861,0.3296321630477905,0.0,0.0,0.0,0.0,0.0,0.0,0.0,0.024217870086431503,-0.2510078251361847,-0.16066458821296692,-0.5212064981460571,0.2395990490913391,0.24408024549484253,-0.06714976578950882,0.0,0.0029296875,0.0,0.0,-0.0005048307939432561,0.0,-0.0013671874767169356
39,1783686163.167525,367263.803988,0.049978,0,,,7,-0.04631831869482994,0.19246888160705566,-0.07979734241962433,-0.14348413050174713,-0.09592019021511078,0.032471515238285065,0.3231947720050812,-0.002048651222139597,-0.0002959991106763482,-0.002047276357188821,-0.00029575463850051165,-0.0014554481022059917,-0.0022847927175462246,-2.1272969661367824e-06,0.057445358484983444,-0.23523320257663727,-0.14209027588367462,-0.45029711723327637,0.26565930247306824,0.32006847858428955,-0.07471361011266708,0.0010393796255812049,0.0003128116368316114,0.0008929623872973025,0.0016280864365398884,-0.0028645654674619436,0.0036407753359526396,-0.0007662355783395469,-0.08097565919160843,0.20165522396564484,-0.06265287101268768,-0.2232002466917038,-0.07757554948329926,-0.02567518875002861,0.32688048481941223,0.0,0.0,0.0,0.0,0.0,0.0,0.0,0.012637404724955559,-0.25005459785461426,-0.16838112473487854,-0.529361367225647,0.23683585226535797,0.24183042347431183,-0.05641850084066391,0.0029296875,0.0,0.0,0.0,0.00113554741255939,0.0,-0.0013671874767169356
40,1783686163.217674,367263.854132,0.050144,0,,,8,-0.046433448791503906,0.1912621408700943,-0.07992076873779297,-0.14325769245624542,-0.09536592662334442,0.03241046890616417,0.32339996099472046,-0.0020474055781960487,-0.0002957358956336975,-0.0020457147620618343,-0.00029544151038862765,-0.001459260587580502,-0.002293897792696953,-2.3469954157917527e-06,0.05510113388299942,-0.23512138426303864,-0.14184854924678802,-0.44900745153427124,0.259988009929657,0.3170205056667328,-0.07298874855041504,0.001038646325469017,0.00032245967304334044,0.0008912198827601969,0.0016193550545722246,-0.002854976337403059,0.0036278413608670235,-0.0007702562143094838,-0.08534730970859528,0.20068404078483582,-0.06423911452293396,-0.2232002466917038,-0.07757554948329926,-0.029909532517194748,0.32688048481941223,0.0,0.0,0.0,0.0,0.0,0.0,0.0,0.024217870086431503,-0.2510078251361847,-0.1529480367898941,-0.525283932685852,0.2395990490913391,0.25982901453971863,-0.06983258575201035,0.0029296875,0.0,0.0,0.0,-0.002965398132801056,0.0,-0.0013671874767169356
41,1783686163.267481,367263.903951,0.049819,0,,,9,-0.04640912637114525,0.1911958009004593,-0.07994966953992844,-0.14307810366153717,-0.09493281692266464,0.032446831464767456,0.3235012888908386,-0.0020465070847421885,-0.00029554308275692165,-0.0020445501431822777,-0.0002952083887066692,-0.001462061540223658,-0.0023002061061561108,-2.414316213616985e-06,0.05157412216067314,-0.235000342130661,-0.14188659191131592,-0.44836652278900146,0.25614190101623535,0.31544002890586853,-0.07029913365840912,0.0010407918598502874,0.0003240057558286935,0.0008859598892740905,0.0016123562818393111,-0.0028440491296350956,0.003621837589889765,-0.0007714382954873145,-0.08389009535312653,0.1997128427028656,-0.07217032462358475,-0.2232002466917038,-0.07757554948329926,-0.028498083353042603,0.32871493697166443,0.0,0.0,0.0,0.0,0.0,0.0,0.0,0.01649755984544754,-0.2510078251361847,-0.17609766125679016,-0.5191677212715149,0.23407267034053802,0.2553293704986572,-0.05641850084066391,0.0029296875,0.0,0.0,0.0029296875,0.001955736428499222,0.0,0.0
42,1783686163.317548,367263.953999,0.050048,0,,,10,-0.046558838337659836,0.19113320112228394,-0.08004997670650482,-0.1428276002407074,-0.0943329706788063,0.03232450410723686,0.3235900402069092,-0.002045558299869299,-0.00029533630004152656,-0.0020437450148165226,-0.000295025238301605,-0.0014659829903393984,-0.0023096618242561817,-2.5166134491882985e-06,0.05009683594107628,-0.23494771122932434,-0.14056608080863953,-0.44839081168174744,0.25332486629486084,0.31499990820884705,-0.06924336403608322,0.0010539817158132792,0.0003226221597287804,0.0008841243106871843,0.0016048093093559146,-0.0028491877019405365,0.003609040752053261,-0.0007731718360446393,-0.08680453151464462,0.20068404078483582,-0.06979095935821533,-0.2232002466917038,-0.08243081718683243,-0.02285229228436947,0.3323838412761688,0.0,0.0,0.0,0.0,0.0,0.0,0.0,0.008777249604463577,-0.2519610524177551,-0.16838112473487854,-0.525283932685852,0.23407267034053802,0.25757917761802673,-0.06714976578950882,0.0,0.0,0.0,0.0,0.001955736428499222,-0.0013671874767169356,0.0
43,1783686163.367585,367264.004032,0.050033,0,,,11,-0.046680353581905365,0.1910592019557953,-0.0806935504078865,-0.1426837295293808,-0.09393291920423508,0.032218560576438904,0.3237641453742981,-0.0020416313782334328,-0.00029466120759025216,-0.0020398618653416634,-0.00029435608303174376,-0.0014687092043459415,-0.0023149068001657724,-2.4396356366196414e-06,0.049455419182777405,-0.23486091196537018,-0.14136171340942383,-0.4470832943916321,0.2512243986129761,0.3151217997074127,-0.06692396104335785,0.0010704605374485254,0.00032272693351842463,0.0008896098588593304,0.0016076734755188227,-0.0028366432525217533,0.0036051904316991568,-0.0007699471316300333,-0.08680453151464462,0.19679929316043854,-0.07137720286846161,-0.2232002466917038,-0.07676634192466736,-0.02285229228436947,0.337887167930603,0.0,0.0,0.0,0.0,0.0,0.0,0.0,0.008777249604463577,-0.25005459785461426,-0.17223939299583435,-0.525283932685852,0.2395990490913391,0.25307953357696533,-0.06178413704037666,0.0,0.0,0.0,0.0,0.005236492957919836,0.0,0.0
44,1783686163.417581,367264.054038,0.050007,0,,,12,-0.04743599519133568,0.1909562349319458,-0.08191314339637756,-0.1424366980791092,-0.09369810670614243,0.032429005950689316,0.32444268465042114,-0.0020400071516633034,-0.00029435535543598235,-0.0020383752416819334,-0.00029407284455373883,-0.0014726322842761874,-0.0023250605445355177,-2.5915812784660375e-06,0.045249346643686295,-0.2348432093858719,-0.14254817366600037,-0.4456380009651184,0.24863530695438385,0.3156491219997406,-0.06642060726881027,0.001069161226041615,0.00032085005659610033,0.0008855242049321532,0.0016030814731493592,-0.00280273356474936,0.0035936725325882435,-0.0007635981892235577,-0.08243287354707718,0.1997128427028656,-0.07217032462358475,-0.2232002466917038,-0.07757554948329926,-0.024263741448521614,0.33696994185447693,0.0,0.0,0.0,0.0,0.0,0.0,0.0,0.004917094483971596,-0.2510078251361847,-0.16838112473487854,-0.5191677212715149,0.206440731883049,0.2620788514614105,-0.06178413704037666,0.0,0.0,0.0,0.005859375,0.00113554741255939,0.0,-0.0013671874767169356
45,1783686163.467498,367264.103984,0.049946,0,,,13,-0.04816291853785515,0.19016477465629578,-0.08254768699407578,-0.142313152551651,-0.09335452318191528,0.03260182589292526,0.3261871039867401,-0.0020401242654770613,-0.0002943653962574899,-0.002038731938228011,-0.00029411911964416504,-0.0014753385912626982,-0.00233136466704309,-2.5684603315312415e-06,0.0422268882393837,-0.23475974798202515,-0.14294762909412384,-0.4455948770046234,0.24741853773593903,0.3156319856643677,-0.06615430861711502,0.0010679442202672362,0.0003199554921593517,0.0008847435819916427,0.0015984767815098166,-0.002761331619694829,0.0035859320778399706,-0.0007596322102472186,-0.08680453151464462,0.20165522396564484,-0.0753428116440773,-0.2232002466917038,-0.07191107422113419,-0.020029397681355476,0.34522494673728943,0.0,0.0,0.0,0.0,0.0,0.0,0.0,0.0010569391306489706,-0.25005459785461426,-0.17609766125679016,-0.5334388613700867,0.21749350428581238,0.2665784955024719,-0.02690752223134041,0.0,0.0,0.0025952463038265705,0.0,-0.0005048307939432561,0.0,-0.0013671874767169356
46,1783686163.517497,367264.153955,0.049970,0,,,14,-0.048168864101171494,0.18995358049869537,-0.08380419760942459,-0.14217279851436615,-0.09283675998449326,0.032766371965408325,0.32816243171691895,-0.0020389901474118233,-0.00029411990544758737,-0.0020371496211737394,-0.00029380404157564044,-0.0014788982225582004,-0.0023391551803797483,-2.5126080345216906e-06,0.038592685014009476,-0.23465828597545624,-0.14347830414772034,-0.4453558921813965,0.23761773109436035,0.31641262769699097,-0.06414523720741272,0.0010685404995456338,0.00031904989737086,0.0008851379388943315,0.0016119241481646895,-0.0027279662899672985,0.0035779615864157677,-0.0007592206820845604,-0.08826175332069397,0.20165522396564484,-0.07692905515432358,-0.2232002466917038,-0.07433870434761047,-0.01861794851720333,0.3470593988895416,0.0,0.0,0.0,0.0,0.0,0.0,0.0,-0.006663371343165636,-0.25291427969932556,-0.1876724809408188,-0.529361367225647,0.22301989793777466,0.2665784955024719,-0.018859073519706726,0.0,0.0,0.0,0.0,0.00031535830930806696,-0.0027343749534338713,0.0
47,1783686163.567674,367264.204123,0.050168,0,,,15,-0.04827616736292839,0.19004346430301666,-0.08524125814437866,-0.14204588532447815,-0.09228134155273438,0.03308497369289398,0.33099037408828735,-0.002037793630734086,-0.0002939054393209517,-0.0020358413457870483,-0.0002935724041890353,-0.0014815765898674726,-0.0023459524381905794,-2.5611675482650753e-06,0.03597061708569527,-0.2345544695854187,-0.14603497087955475,-0.44552814960479736,0.23390397429466248,0.3183232843875885,-0.05536492541432381,0.0010613807244226336,0.0003170647833030671,0.0008875860366970301,0.0016119329957291484,-0.0027211203705519438,0.0035690900404006243,-0.0007607877487316728,-0.09117618948221207,0.19777047634124756,-0.07851529866456985,-0.2232002466917038,-0.07191107422113419,-0.01579505391418934,0.3479766249656677,0.0,0.0,0.0,0.0,0.0,0.0,0.0,-0.006663371343165636,-0.2510078251361847,-0.19924728572368622,-0.5415937900543213,0.22301989793777466,0.2868269085884094,-0.002762175165116787,0.0,0.0,0.0,0.0,0.00113554741255939,0.0,-0.0027343749534338713
48,1783686163.697860,367264.334318,0.130195,1,16,0.080304,0,-0.049350935965776443,0.1901731938123703,-0.0875420942902565,-0.14184969663619995,-0.09159474819898605,0.03431190177798271,0.33474811911582947,-0.0020347803365439177,-0.00029334891587495804,-0.002032943768426776,-0.0002930345945060253,-0.0014853626489639282,-0.0023549385368824005,-2.5714834919199347e-06,0.030330371111631393,-0.2345348447561264,-0.15334519743919373,-0.4462049603462219,0.2328367680311203,0.32193660736083984,-0.04051816463470459,0.0010685933521017432,0.000317240395816043,0.0009000861900858581,0.0016050490085035563,-0.0027102178428322077,0.0035555402282625437,-0.0007572222966700792,-0.11012003570795059,0.1997128427028656,-0.06027350202202797,-0.2232002466917038,-0.07352949678897858,-0.04543545842170715,0.3608177602291107,0.0,0.0,0.0,0.0,0.0,0.0,0.0,0.020357714965939522,-0.25863367319107056,-0.1953890174627304,-0.5171290040016174,0.22854627668857574,0.25757917761802673,-0.04166301339864731,0.0,0.0,0.0,0.0,0.00113554741255939,-0.0013671874767169356,0.0
49,1783686163.698129,367264.334655,0.000337,0,,,1,-0.05087105929851532,0.19004248082637787,-0.0890900269150734,-0.14172053337097168,-0.09106684476137161,0.035599444061517715,0.336692750453949,-0.002033512806519866,-0.00029309489764273167,-0.002031797543168068,-0.0002928005123976618,-0.0014880881644785404,-0.0023621770087629557,-2.627802814458846e-06,0.02747524157166481,-0.2344837486743927,-0.16180972754955292,-0.45074594020843506,0.2322680652141571,0.3282318115234375,-0.029573187232017517,0.0010742449667304754,0.00031747581670060754,0.0009061282034963369,0.001599957118742168,-0.0026959325186908245,0.0035461087245494127,-0.0007614503847435117,-0.11303447186946869,0.19777047634124756,-0.06741159409284592,-0.2232002466917038,-0.08404923975467682,-0.03273242712020874,0.3699899911880493,0.0,0.0,0.0,0.0,0.0,0.0,0.0,0.008777249604463577,-0.2605401277542114,-0.1953890174627304,-0.5089740753173828,0.25617820024490356,0.2620788514614105,-0.03898019716143608,0.0,0.0,0.0,0.0,0.001955736428499222,0.0,-0.0027343749534338713
50,1783686163.717597,367264.354094,0.019440,0,,,2,-0.05234236642718315,0.18982087075710297,-0.09003500640392303,-0.14159820973873138,-0.09035319089889526,0.036640480160713196,0.33835721015930176,-0.002032618271186948,-0.00029288706718944013,-0.0020309090614318848,-0.0002925946027971804,-0.0014916323125362396,-0.0023705321364104748,-2.5706958695081994e-06,0.02575083076953888,-0.2344631850719452,-0.1698177307844162,-0.45655322074890137,0.23145000636577606,0.3333551287651062,-0.01991603709757328,0.0010739442659541965,0.0003165194939356297,0.0009070023661479354,0.001591809093952179,-0.002673632698133588,0.003540066769346595,-0.0007703918963670731,-0.11012003570795059,0.19679929316043854,-0.06106662377715111,-0.2232002466917038,-0.09133213758468628,-0.02285229228436947,0.3745760917663574,0.0,0.0,0.0,0.0,0.0,0.0,0.0,0.0010569391306489706,-0.259586900472641,-0.21468037366867065,-0.529361367225647,0.2672309875488281,0.2733279764652252,-0.033614564687013626,0.0,0.0,0.0,0.0,0.003186020301654935,0.0,-0.0013671874767169356
51,1783686163.767668,367264.404110,0.050016,0,,,3,-0.05624445527791977,0.18942010402679443,-0.09033158421516418,-0.14012213051319122,-0.09027635306119919,0.03682313859462738,0.3420496881008148,-0.002037243451923132,-0.0002936530509032309,-0.0020365219097584486,-0.00029352205456234515,-0.0014946002047508955,-0.0023857273627072573,-3.2676321097824257e-06,0.02662317454814911,-0.23611916601657867,-0.17085665464401245,-0.45629769563674927,0.23225843906402588,0.3325132429599762,-0.019271695986390114,0.0010752405505627394,0.00031615974148735404,0.0009088449296541512,0.00158685480710119,-0.002656556200236082,0.0035376998130232096,-0.0007758646970614791,-0.11303447186946869,0.19777047634124756,-0.06820471584796906,-0.2232002466917038,-0.10347030311822891,-0.021440844982862473,0.3745760917663574,0.0,0.0,0.0,0.0,0.0,0.0,0.0,0.004917094483971596,-0.26149338483810425,-0.21853864192962646,-0.5212064981460571,0.2672309875488281,0.2935763895511627,-0.008127807639539242,0.0029296875,0.0,0.0,0.0,0.004416303709149361,-0.0013671874767169356,0.0
52,1783686163.817591,367264.454095,0.049985,0,,,4,-0.06685040891170502,0.18881851434707642,-0.08862575888633728,-0.13948793709278107,-0.09146394580602646,0.03656758368015289,0.35131046175956726,-0.0020397852640599012,-0.00029401417123153806,-0.0020400830544531345,-0.00029404874658212066,-0.001498834346421063,-0.0024004224687814713,-3.2550140076637035e-06,0.030346570536494255,-0.23864789307117462,-0.17428719997406006,-0.45007461309432983,0.24079877138137817,0.33217233419418335,-0.021734630689024925,0.001091909478418529,0.00031776013202033937,0.0009280380327254534,0.0015816842205822468,-0.002620307495817542,0.00353234657086432,-0.0007809902308508754,-0.11157725006341934,0.19777047634124756,-0.06820471584796906,-0.2232002466917038,-0.11318083852529526,-0.007326366845518351,0.3809966444969177,0.0,0.0,0.0,0.0,0.0,0.0,0.0,0.0010569391306489706,-0.2624466121196747,-0.21468037366867065,-0.5334388613700867,0.2727573812007904,0.3115749955177307,-0.018859073519706726,0.005859375,0.0029296875,0.0025952463038265705,0.0087890625,0.004416303709149361,-0.004101562313735485,-0.004101562313735485
53,1783686163.867624,367264.504096,0.050001,0,,,5,-0.07190075516700745,0.18874719738960266,-0.08705305308103561,-0.13968826830387115,-0.0950741395354271,0.03646107763051987,0.3572239577770233,-0.0020340175833553076,-0.0002930342743638903,-0.0020345982629805803,-0.0002931024646386504,-0.001500920974649489,-0.0024026755709201097,-2.6975922082783654e-06,0.03195468708872795,-0.23985528945922852,-0.1820433884859085,-0.4488365650177002,0.24634024500846863,0.33732667565345764,-0.019987678155303,0.0011054594069719315,0.0003182492218911648,0.0009322674595750868,0.001577681046910584,-0.002581991022452712,0.0035239863209426403,-0.0007785925408825278,-0.11594890803098679,0.19582810997962952,-0.0650322362780571,-0.2232002466917038,-0.13017427921295166,0.0011423203395679593,0.3809966444969177,0.0,0.0,0.0,0.0,0.0,0.0,0.0,0.0010569391306489706,-0.2662595212459564,-0.2378299981355667,-0.5415937900543213,0.30867889523506165,0.3340732455253601,0.001262049307115376,0.0,0.0,0.0,0.0,0.001545641920529306,0.0,0.0
54,1783686163.917548,367264.554032,0.049937,0,,,6,-0.07445267587900162,0.18866807222366333,-0.08673110604286194,-0.14011593163013458,-0.10401402413845062,0.038985475897789,0.36457133293151855,-0.002026396105065942,-0.0002917638630606234,-0.0020271430257707834,-0.0002918353711720556,-0.0015039232093840837,-0.0024088926147669554,-2.479780505382223e-06,0.032382313162088394,-0.24216577410697937,-0.19009162485599518,-0.44945278763771057,0.2552359402179718,0.3512220084667206,-0.018643038347363472,0.001119893859140575,0.0003263539110776037,0.0009324220009148121,0.0016006870428100228,-0.0025242676492780447,0.003496904158964753,-0.0007877927855588496,-0.11740612983703613,0.20068404078483582,-0.06741159409284592,-0.2232002466917038,-0.13098348677158356,0.005376663990318775,0.3846655488014221,0.0,0.0,0.0,0.0,0.0,0.0,0.0,0.0010569391306489706,-0.27007246017456055,-0.24554654955863953,-0.5456712245941162,0.3059156835079193,0.3520718216896057,-7.935889152577147e-05,0.0,0.0,0.0,0.0,0.005236492957919836,0.0,0.0
55,1783686163.967618,367264.604102,0.050070,0,,,7,-0.0754474624991417,0.18839901685714722,-0.08656589686870575,-0.14017924666404724,-0.11144619435071945,0.04304656386375427,0.3676287531852722,-0.0020226468332111835,-0.0002911314368247986,-0.002023631241172552,-0.000291233736788854,-0.0015060181031003594,-0.0024153513368219137,-2.593255885585677e-06,0.03238321840763092,-0.2434258908033371,-0.1972174346446991,-0.45193761587142944,0.2663089334964752,0.3627343773841858,-0.014694993384182453,0.0011236404534429312,0.00032808183459565043,0.0009349595056846738,0.0016032615676522255,-0.0025030614342540503,0.0034859010484069586,-0.0007879930781200528,-0.12032056599855423,0.1997128427028656,-0.061859745532274246,-0.2232002466917038,-0.13422033190727234,0.009611007757484913,0.3874172270298004,0.0,0.0,0.0,0.0,0.0,0.0,0.0,-0.006663371343165636,-0.27579185366630554,-0.25326308608055115,-0.5579036474227905,0.31420525908470154,0.3565714955329895,0.010651906952261925,0.0029296875,0.0,0.0,0.0,0.001955736428499222,0.0,-0.0013671874767169356
56,1783686164.017604,367264.654092,0.049990,0,,,8,-0.07696198672056198,0.18846726417541504,-0.08636035025119781,-0.14016559720039368,-0.12069631367921829,0.049868952482938766,0.3721730411052704,-0.002016133163124323,-0.0002900583785958588,-0.002015938051044941,-0.00028998320340178907,-0.001509317895397544,-0.002425306010991335,-2.6851496386370854e-06,0.03224889561533928,-0.2472631186246872,-0.2095278799533844,-0.4580340087413788,0.27920714020729065,0.38170865178108215,-0.009439932182431221,0.0011282318737357855,0.00032779990579001606,0.0009367364109493792,0.0015955590642988682,-0.002451787469908595,0.0034761850256472826,-0.0007826684741303325,-0.12177778780460358,0.20165522396564484,-0.06820471584796906,-0.2232002466917038,-0.12855584919452667,0.009611007757484913,0.3892516791820526,0.0,0.0,0.0,0.0,0.0,0.0,0.0,-0.010523526929318905,-0.27579185366630554,-0.25712135434150696,-0.5497487187385559,0.3059156835079193,0.3655707836151123,0.022724580019712448,0.0,0.0,0.0,0.0,0.0023658310528844595,0.0,-0.004101562313735485
57,1783686164.067646,367264.704106,0.050014,0,,,9,-0.07838021963834763,0.1885625123977661,-0.08570098131895065,-0.14011786878108978,-0.12558308243751526,0.05433604493737221,0.37514498829841614,-0.0020103533752262592,-0.0002891227195505053,-0.0020096702501177788,-0.0002889770839828998,-0.0015118386363610625,-0.002432426903396845,-2.720163138292264e-06,0.03060179390013218,-0.2507755160331726,-0.21773464977741241,-0.4631271958351135,0.2861056327819824,0.3931371867656708,-0.0050649517215788364,0.0011287381639704108,0.00032590312184765935,0.0009295375784859061,0.001588391955010593,-0.002424103207886219,0.0034681325778365135,-0.000783003109972924,-0.12032056599855423,0.1997128427028656,-0.0689978376030922,-0.2232002466917038,-0.13341110944747925,0.008199559524655342,0.3929205536842346,0.0,0.0,0.0,0.0,0.0,0.0,0.0,-0.006663371343165636,-0.27865153551101685,-0.2648378908634186,-0.5538261532783508,0.3114420771598816,0.3925686776638031,0.039492182433605194,0.0,0.0,0.0,0.0,0.003596114693209529,-0.0013671874767169356,0.0
58,1783686164.117518,367264.754016,0.049910,0,,,10,-0.08043698221445084,0.18894720077514648,-0.08541103452444077,-0.1400422900915146,-0.12850241363048553,0.05844595655798912,0.37884721159935,-0.001999986357986927,-0.0002874559722840786,-0.0019987497944384813,-0.0002872344048228115,-0.0015152468113228679,-0.002438692608848214,-2.5291083147749305e-06,0.025198591873049736,-0.2540096044540405,-0.22691966593265533,-0.4674202799797058,0.29017359018325806,0.40513768792152405,0.004242805764079094,0.001121071050874889,0.00032303857733495533,0.0009181627538055182,0.0015783433336764574,-0.0023916317149996758,0.003456351812928915,-0.0007947378908284009,-0.11740612983703613,0.20359759032726288,-0.07058408111333847,-0.22480961680412292,-0.12855584919452667,0.008199559524655342,0.3929205536842346,0.0,0.0,0.0,0.0,0.0,0.0,0.0,-0.025964148342609406,-0.28246447443962097,-0.2764127254486084,-0.574213445186615,0.32249483466148376,0.4060676395893097,0.05625978484749794,0.0,0.0,0.0,0.0,0.002775925677269697,-0.0027343749534338713,0.0
59,1783686164.167564,367264.804072,0.050056,0,,,11,-0.08092357218265533,0.18903252482414246,-0.0854233130812645,-0.14009925723075867,-0.13045071065425873,0.05937930941581726,0.3814223110675812,-0.0019944682717323303,-0.00028659121016971767,-0.00199332763440907,-0.00028638486401177943,-0.0015175155131146312,-0.0024430579505860806,-2.4519642920495244e-06,0.023421091958880424,-0.2560306191444397,-0.23278836905956268,-0.4713810980319977,0.29333314299583435,0.4178781509399414,0.014023859985172749,0.0011134508531540632,0.00032114042551256716,0.0009116645087487996,0.00157132965978235,-0.0023608265910297632,0.0034383111633360386,-0.0007953013409860432,-0.11594890803098679,0.20165522396564484,-0.0753428116440773,-0.23124711215496063,-0.1237005814909935,0.003965215757489204,0.3901688754558563,0.0,0.0,0.0,0.0,0.0,0.0,0.0,-0.03368445858359337,-0.28437092900276184,-0.2648378908634186,-0.5660585761070251,0.31696847081184387,0.4015679657459259,0.05894260108470917,0.005859375,0.0,0.0,0.0029296875,-0.0005048307939432561,0.0,0.0
60,1783686164.217497,367264.854008,0.049936,0,,,12,-0.08082134276628494,0.1901172399520874,-0.0855066254734993,-0.14024852216243744,-0.13153576850891113,0.0601777620613575,0.3839499056339264,-0.001983180409297347,-0.0002847607829608023,-0.0019811198581010103,-0.0002844144473783672,-0.001520616002380848,-0.002448562067002058,-2.346657993257395e-06,0.015852831304073334,-0.25868940353393555,-0.2408892959356308,-0.47825950384140015,0.2990538775920868,0.43788063526153564,0.028448723256587982,0.0011051623150706291,0.00031853601103648543,0.0009023312013596296,0.0015628391411155462,-0.0023258724249899387,0.003417286789044738,-0.000789381330832839,-0.11594890803098679,0.20165522396564484,-0.07137720286846161,-0.2296377420425415,-0.11399005353450775,0.0025537682231515646,0.39246195554733276,0.0,0.0,0.0,0.0,0.0,0.0,0.0,-0.029824303463101387,-0.29009032249450684,-0.2764127254486084,-0.5864458680152893,0.3114420771598816,0.4240662157535553,0.08577076345682144,0.005859375,0.0,0.0,0.0,-9.47362495935522e-05,-0.0027343749534338713,-0.0027343749534338713
61,1783686164.267734,367264.904192,0.050184,0,,,13,-0.08036305010318756,0.1903388947248459,-0.08580396324396133,-0.14081750810146332,-0.13188427686691284,0.06039376184344292,0.3845410645008087,-0.0019743989687412977,-0.00028336342074908316,-0.001972848316654563,-0.0002830976736731827,-0.0015231526922434568,-0.0024522626772522926,-2.3004656668490497e-06,0.007967287674546242,-0.2613406777381897,-0.24219708144664764,-0.48207446932792664,0.30064859986305237,0.44534656405448914,0.03661128133535385,0.001108553959056735,0.00031574370223097503,0.0008890263270586729,0.0015628732508048415,-0.0023182444274425507,0.003404347924515605,-0.0007859387551434338,-0.11886334419250488,0.20068404078483582,-0.07058408111333847,-0.23124711215496063,-0.10751636326313019,0.0025537682231515646,0.39704805612564087,0.0,0.0,0.0,0.0,0.0,0.0,0.0,-0.0375446155667305,-0.29009032249450684,-0.28412926197052,-0.5823683738708496,0.30038928985595703,0.4330655336380005,0.12198878824710846,0.0,0.0,0.0,0.0,0.001955736428499222,-0.0013671874767169356,0.0
62,1783686164.317522,367264.954018,0.049825,0,,,14,-0.08001530170440674,0.19039244949817657,-0.0862598866224289,-0.14188964664936066,-0.1315845251083374,0.060465410351753235,0.3854007124900818,-0.0019691900815814734,-0.0002825621922966093,-0.0019674445502460003,-0.0002822678943630308,-0.0015263742534443736,-0.002461849246174097,-2.562011786721996e-06,0.0030985961202532053,-0.26538804173469543,-0.24445149302482605,-0.4948551058769226,0.3013515770435333,0.45882996916770935,0.05545114353299141,0.0011292952112853527,0.00031330122146755457,0.0008799144416116178,0.0015576808946207166,-0.0023132329806685448,0.003370073391124606,-0.0007925828103907406,-0.11740612983703613,0.20165522396564484,-0.08089466392993927,-0.2360752373933792,-0.1050887256860733,-0.0002691275149118155,0.3865000009536743,0.0,0.0,0.0,0.0,0.0,0.0,0.0,-0.04526492580771446,-0.29390326142311096,-0.2764127254486084,-0.6027557253837585,0.2865733504295349,0.4420648217201233,0.1394270956516266,0.0,0.0,0.0,0.0,0.002775925677269697,0.0,0.0
63,1783686164.367623,367265.004102,0.050085,0,,,15,-0.08000116795301437,0.19040736556053162,-0.08633385598659515,-0.14244909584522247,-0.13093233108520508,0.06050824001431465,0.3869689702987671,-0.0019611704628914595,-0.00028127830591984093,-0.001959440764039755,-0.0002809881407301873,-0.0015287772985175252,-0.00246704975143075,-2.5173937956424197e-06,-0.0011758215259760618,-0.26729610562324524,-0.24882230162620544,-0.5012146830558777,0.3011990487575531,0.4680250287055969,0.07534079998731613,0.0011367826955392957,0.00031282371492125094,0.0008822006639093161,0.0015521618770435452,-0.0022975297179073095,0.0033570474479347467,-0.0007913478766568005,-0.11594890803098679,0.1997128427028656,-0.08010154217481613,-0.2344658523797989,-0.10023345798254013,-0.0002691275149118155,0.3929205536842346,0.0,0.0,0.0,0.0,0.0,0.0,0.0,-0.0375446155667305,-0.29390326142311096,-0.2802709937095642,-0.5986782312393188,0.25065183639526367,0.4330655336380005,0.18637637794017792,0.0,0.0,0.0,0.0,0.001955736428499222,0.0,0.0
64,1783686164.507594,367265.144050,0.139947,1,16,0.090032,0,-0.07992519438266754,0.19051460921764374,-0.08801186084747314,-0.1450013965368271,-0.12944462895393372,0.060458097606897354,0.38730254769325256,-0.0019439415773376822,-0.00027849679463543,-0.0019422168843448162,-0.00027821175171993673,-0.0015321115497499704,-0.0024713778402656317,-2.309670435352018e-06,-0.0067056999541819096,-0.2705523669719696,-0.2506684362888336,-0.5115476250648499,0.2960101366043091,0.47996172308921814,0.10120472311973572,0.0011263510677963495,0.0003102988994214684,0.0008704281062819064,0.0015422530705109239,-0.002264955546706915,0.0033402566332370043,-0.0007864154176786542,-0.13197831809520721,0.1948569267988205,-0.061859745532274246,-0.2232002466917038,-0.10832557082176208,-0.020029397681355476,0.3791622221469879,0.0,0.0,0.0,0.0,0.0,0.0,0.0,-0.006663371343165636,-0.29390326142311096,-0.2648378908634186,-0.5946007966995239,0.2782837450504303,0.4015679657459259,0.07503949850797653,0.0,0.0,0.0,0.0,-9.47362495935522e-05,0.0,-0.0013671874767169356
65,1783686164.507883,367265.144410,0.000360,0,,,1,-0.0798599049448967,0.19048210978507996,-0.09031656384468079,-0.14656491577625275,-0.1276998668909073,0.0603271909058094,0.38744425773620605,-0.00193854421377182,-0.0002776407345663756,-0.0019366175401955843,-0.0002773235901258886,-0.001533985952846706,-0.0024766449350863695,-2.431148459436372e-06,-0.007589502725750208,-0.2716522812843323,-0.2508162260055542,-0.5175345540046692,0.28663164377212524,0.4819217324256897,0.12275664508342743,0.0011274158023297787,0.0003099237219430506,0.0008712314302101731,0.0015372743364423513,-0.002245795214548707,0.003330081235617399,-0.0007834004354663193,-0.12760666012763977,0.19679929316043854,-0.06582535058259964,-0.2232002466917038,-0.1050887256860733,-0.011560710147023201,0.380079448223114,0.0,0.0,0.0,0.0,0.0,0.0,0.0,0.004917094483971596,-0.2891370952129364,-0.28798753023147583,-0.5986782312393188,0.2534150183200836,0.4240662157535553,0.11259892582893372,0.0,0.0,0.0,0.0,0.00031535830930806696,0.0,-0.0027343749534338713
66,1783686164.517539,367265.154021,0.009611,0,,,2,-0.0797508955001831,0.19035138189792633,-0.09234747290611267,-0.1474236249923706,-0.12555618584156036,0.06012292206287384,0.3877289295196533,-0.0019345413893461227,-0.00027701043291017413,-0.0019326668698340654,-0.00027669777045957744,-0.0015369411557912827,-0.002486621495336294,-2.641495939315064e-06,-0.007609587628394365,-0.27218934893608093,-0.2509841024875641,-0.5213140249252319,0.2743058502674103,0.4830172061920166,0.14938931167125702,0.0011437059147283435,0.0003118579916190356,0.0008913807687349617,0.0015326525317505002,-0.0022191184107214212,0.003324973164126277,-0.0007767602219246328,-0.12469222396612167,0.19874165952205658,-0.06820471584796906,-0.22802837193012238,-0.11075320839881897,-0.01014926191419363,0.383748322725296,0.0,0.0,0.0,0.0,0.0,0.0,0.0,-0.014383682049810886,-0.28723061084747314,-0.2725544273853302,-0.6109106540679932,0.25065183639526367,0.4195665717124939,0.12467160075902939,0.0,0.0,0.0,0.0029296875,0.00113554741255939,0.0,-0.0013671874767169356
67,1783686164.567696,367265.204150,0.050129,0,,,3,-0.08075202256441116,0.18959297239780426,-0.09275363385677338,-0.14719155430793762,-0.1248076930642128,0.05964137241244316,0.3874346613883972,-0.0019361114827916026,-0.00027727524866349995,-0.0019350938964635134,-0.00027709713322110474,-0.0015394404763355851,-0.0024959621950984,-2.8882429887744365e-06,-0.0007686085882596672,-0.27228355407714844,-0.2511836290359497,-0.5245076417922974,0.2696453630924225,0.4830281734466553,0.15330706536769867,0.0011659939773380756,0.00031515827868133783,0.000915502430871129,0.0015310507733374834,-0.0022033953573554754,0.0033161321189254522,-0.0007760757580399513,-0.12469222396612167,0.19679929316043854,-0.06661847233772278,-0.2360752373933792,-0.10994399338960648,-0.005914919078350067,0.3828310966491699,0.0,0.0,0.0,0.0,0.0,0.0,0.0,-0.006663371343165636,-0.2862773835659027,-0.28412926197052,-0.619065523147583,0.2451254427433014,0.4195665717124939,0.1421099156141281,0.0,0.0,0.0,0.0,0.007697060238569975,0.0,-0.004101562313735485
68,1783686164.617522,367265.254003,0.049853,0,,,4,-0.0830029770731926,0.1890455037355423,-0.08956307917833328,-0.14649631083011627,-0.12438657879829407,0.057070836424827576,0.38673707842826843,-0.00192558066919446,-0.0002755624591372907,-0.0019242450362071395,-0.0002753382141236216,-0.0015425424790009856,-0.0025086000096052885,-2.983653757837601e-06,0.014404142275452614,-0.27064478397369385,-0.25136587023735046,-0.5266531705856323,0.2641308009624481,0.48291271924972534,0.14528869092464447,0.0011849298607558012,0.00031745556043460965,0.0009367667371407151,0.0015328695299103856,-0.0021845942828804255,0.0033054547384381294,-0.0007819778402335942,-0.12323500216007233,0.19777047634124756,-0.07217032462358475,-0.24251271784305573,-0.10185188055038452,-0.0002691275149118155,0.3855827748775482,0.0,0.0,0.0,0.0,0.0,0.0,0.0,-0.014383682049810886,-0.28723061084747314,-0.2725544273853302,-0.6231430172920227,0.23130947351455688,0.4240662157535553,0.17162089049816132,0.0,0.0,0.0,0.0029296875,-0.0009149253601208329,0.0,0.0
69,1783686164.667470,367265.303947,0.049944,0,,,5,-0.08403778076171875,0.1889583021402359,-0.08797957003116608,-0.1471618413925171,-0.12423249334096909,0.05667203292250633,0.38657400012016296,-0.0019146553240716457,-0.0002738124458119273,-0.0019132025772705674,-0.0002735687012318522,-0.0015447733458131552,-0.002511687111109495,-2.6403076844871975e-06,0.019564006477594376,-0.26934903860092163,-0.2519235610961914,-0.5293301343917847,0.2588699758052826,0.4830568730831146,0.1444949209690094,0.001180845545604825,0.0003160524065606296,0.0009330296888947487,0.0015304514672607183,-0.002139968564733863,0.003295226488262415,-0.0007911499124020338,-0.11886334419250488,0.20165522396564484,-0.07137720286846161,-0.253778338432312,-0.09861503541469574,0.0025537682231515646,0.3874172270298004,0.0,0.0,0.0,0.0,0.0,0.0,0.0,-0.010523526929318905,-0.2834177017211914,-0.2686961591243744,-0.6272204518318176,0.20091435313224792,0.4240662157535553,0.18905919790267944,0.0,0.0,0.0,0.0,0.007697060238569975,-0.0027343749534338713,0.0
70,1783686164.717520,367265.353991,0.050044,0,,,6,-0.0841175988316536,0.18885692954063416,-0.08778669685125351,-0.15114158391952515,-0.12356138974428177,0.05685025081038475,0.3864513635635376,-0.0019026545342057943,-0.0002718921168707311,-0.0019015036523342133,-0.00027169991517439485,-0.0015481312293559313,-0.0025187355931848288,-2.590924850665033e-06,0.02044721506536007,-0.2688576579093933,-0.2519419193267822,-0.535047709941864,0.24807806313037872,0.48341673612594604,0.15296810865402222,0.0011737921740859747,0.00031385247712023556,0.0009253284661099315,0.0015320692909881473,-0.002115923445671797,0.003280359786003828,-0.0007925645331852138,-0.11886334419250488,0.1997128427028656,-0.07058408111333847,-0.2634345591068268,-0.09861503541469574,0.011022455058991909,0.3874172270298004,0.0,0.0,0.0,0.0,0.0,0.0,0.0,-0.025964148342609406,-0.28246447443962097,-0.2725544273853302,-0.6353753805160522,0.18433518707752228,0.4240662157535553,0.20381468534469604,0.0,0.0,0.0,0.0,0.001545641920529306,0.0,-0.0027343749534338713
71,1783686164.767551,367265.403994,0.050004,0,,,7,-0.08357039839029312,0.1889438033103943,-0.08782649785280228,-0.15641523897647858,-0.12295782566070557,0.057328276336193085,0.3864302337169647,-0.0018969473894685507,-0.00027097994461655617,-0.0018960940651595592,-0.0002708395477384329,-0.0015506938798353076,-0.0025249121244996786,-2.635000555528677e-06,0.02030525542795658,-0.26790085434913635,-0.2514251470565796,-0.5403645038604736,0.23734413087368011,0.4834834635257721,0.16190209984779358,0.0011770045384764671,0.00031370745273306966,0.0009286616696044803,0.001530280220322311,-0.002073867479339242,0.0032633913215249777,-0.0007893025758676231,-0.11886334419250488,0.20262640714645386,-0.06820471584796906,-0.2586064338684082,-0.09861503541469574,0.008199559524655342,0.3846655488014221,0.0,0.0,0.0,0.0,0.0,0.0,0.0,-0.025964148342609406,-0.28246447443962097,-0.2802709937095642,-0.6516852378845215,0.17880879342556,0.4195665717124939,0.24003270268440247,0.0,0.0,0.0,0.0,0.00113554741255939,0.0,-0.0013671874767169356
72,1783686164.817571,367265.454048,0.050053,0,,,8,-0.0826239064335823,0.1891075074672699,-0.08778347074985504,-0.1684374362230301,-0.12187260389328003,0.05977488309144974,0.3864542841911316,-0.0018868864281103015,-0.0002693544083740562,-0.0018860986456274986,-0.00026922638062387705,-0.0015538345323875546,-0.0025367916096001863,-2.8851777642557863e-06,0.013989646919071674,-0.26571640372276306,-0.2509111762046814,-0.5482762455940247,0.21652069687843323,0.4838410019874573,0.18043528497219086,0.0011847888818010688,0.00031395695987157524,0.0009376247180625796,0.0015237415209412575,-0.0020377435721457005,0.0032500687520951033,-0.0007943764794617891,-0.11886334419250488,0.20068404078483582,-0.07137720286846161,-0.26826268434524536,-0.09537819772958755,0.011022455058991909,0.38879305124282837,0.0,0.0,0.0,0.0,0.0,0.0,0.0,-0.022103993222117424,-0.28246447443962097,-0.2725544273853302,-0.6516852378845215,0.16775602102279663,0.4375651776790619,0.23332566022872925,0.0,0.0,0.0,0.0,-9.47362495935522e-05,0.0,0.0
73,1783686164.867502,367265.503992,0.049944,0,,,9,-0.08260442316532135,0.18956995010375977,-0.08771418035030365,-0.17278383672237396,-0.12114578485488892,0.06001799553632736,0.3863362967967987,-0.0018832165515050292,-0.0002687562955543399,-0.0018816181691363454,-0.00026849712594412267,-0.0015554038109257817,-0.0025471618864685297,-3.089963229285786e-06,0.010009486228227615,-0.2654024660587311,-0.2512039244174957,-0.5582420229911804,0.20534725487232208,0.4838576316833496,0.1975146234035492,0.0011866320855915546,0.00031351103098131716,0.0009407252655364573,0.0015183842042461038,-0.002026973059400916,0.0032349280081689358,-0.0007983474060893059,-0.11740612983703613,0.20165522396564484,-0.07772217690944672,-0.26665329933166504,-0.09375977516174316,0.011022455058991909,0.39154472947120667,0.0,0.0,0.0,0.0,0.0,0.0,0.0,-0.029824303463101387,-0.2805579900741577,-0.28412926197052,-0.6802274584770203,0.17880879342556,0.4690627157688141,0.2682022750377655,0.0,0.0,0.0,0.0,0.00113554741255939,0.0,0.0
74,1783686164.917520,367265.554009,0.050017,0,,,10,-0.08246917277574539,0.18978746235370636,-0.0876992717385292,-0.17718321084976196,-0.11983097344636917,0.06156238913536072,0.38641929626464844,-0.0018738608341664076,-0.0002672484260983765,-0.0018723143730312586,-0.00026699481531977654,-0.001558245625346899,-0.002560423221439123,-3.187476067978423e-06,0.007822493091225624,-0.265204519033432,-0.25128522515296936,-0.5729639530181885,0.1932411938905716,0.4863695800304413,0.21509277820587158,0.0012090306263417006,0.0003162515931762755,0.0009658454218879342,0.0015145223587751389,-0.0020206731278449297,0.003225447377189994,-0.0007946923724375665,-0.11594890803098679,0.1997128427028656,-0.07692905515432358,-0.2714814245700836,-0.08971371501684189,0.01243390329182148,0.38787582516670227,0.0,0.0,0.0,0.0,0.0,0.0,0.0,-0.03368445858359337,-0.28151124715805054,-0.28798753023147583,-0.6802274584770203,0.1497952789068222,0.4645630717277527,0.29167690873146057,0.0,0.0,0.0,0.0,-0.0037855871487408876,0.0,0.0
75,1783686164.967517,367265.603983,0.049974,0,,,11,-0.08231626451015472,0.1899060755968094,-0.08791107684373856,-0.179513618350029,-0.1185251772403717,0.062025655061006546,0.3866238594055176,-0.00186640745960176,-0.0002660373575054109,-0.001864532008767128,-0.0002657308359630406,-0.0015600897604599595,-0.002569960430264473,-3.215208835172234e-06,0.005757682491093874,-0.26461875438690186,-0.25288793444633484,-0.5852760076522827,0.1884581446647644,0.4966907203197479,0.230765238404274,0.0012162793427705765,0.000316622550599277,0.0009754487546160817,0.0015101853059604764,-0.002014550846070051,0.0032160510309040546,-0.0007911347784101963,-0.11303447186946869,0.19777047634124756,-0.08089466392993927,-0.27791890501976013,-0.09133213758468628,0.015256798826158047,0.39062750339508057,0.0,0.0,0.0,0.0,0.0,0.0,0.0,-0.0375446155667305,-0.28437092900276184,-0.29184579849243164,-0.6761500239372253,0.1359793096780777,0.4465644657611847,0.31783437728881836,0.0,0.0,0.0,0.0,0.00113554741255939,0.0,0.0
76,1783686165.017537,367265.654020,0.050037,0,,,12,-0.08111391961574554,0.18991601467132568,-0.08866019546985626,-0.18273285031318665,-0.11615949124097824,0.063503198325634,0.3867466449737549,-0.001857549650594592,-0.00026459526270627975,-0.0018556722206994891,-0.00026428562705405056,-0.001562870922498405,-0.002581571228802204,-3.150376642224728e-06,0.0008409960428252816,-0.2643485963344574,-0.2558042109012604,-0.5978319048881531,0.17584490776062012,0.5048661231994629,0.25719544291496277,0.0012451054062694311,0.0003202415246050805,0.0010032478021457791,0.0015067228814586997,-0.002034942852333188,0.003212505020201206,-0.0007846411899663508,-0.11594890803098679,0.19777047634124756,-0.08644651621580124,-0.2747001647949219,-0.08566766232252121,0.016668247058987617,0.3956722319126129,0.0,0.0,0.0,0.0,0.0,0.0,0.0,-0.0375446155667305,-0.2796047627925873,-0.29570406675338745,-0.7006147503852844,0.11663695424795151,0.4735623598098755,0.3567352294921875,0.0,0.0,0.0,0.0,0.0023658310528844595,0.0,0.0
77,1783686165.067494,367265.703957,0.049937,0,,,13,-0.07934606075286865,0.1898105889558792,-0.09020281583070755,-0.18639922142028809,-0.11507466435432434,0.065027616918087,0.3869376480579376,-0.0018487668130546808,-0.00026316658477298915,-0.0018471635412424803,-0.0002628989168442786,-0.001564952777698636,-0.0025899233296513557,-3.128666776319733e-06,-0.0028981550130993128,-0.26439493894577026,-0.2592574954032898,-0.6012154817581177,0.16431590914726257,0.5051879286766052,0.2781386375427246,0.001266241306439042,0.0003229012945666909,0.0010249923216179013,0.0015044548781588674,-0.002031568204984069,0.003207752713933587,-0.0007802970358170569,-0.11303447186946869,0.19777047634124756,-0.09120524674654007,-0.28435641527175903,-0.08243081718683243,0.01949114166200161,0.396589457988739,0.0,0.0,0.0,0.0,0.0,0.0,0.0,-0.04140476882457733,-0.28151124715805054,-0.29956233501434326,-0.6965373158454895,0.10420258343219757,0.4645630717277527,0.39161184430122375,0.0,0.0,0.0,0.0,-0.002555303508415818,0.0,0.0
78,1783686165.117529,367265.754011,0.050055,0,,,14,-0.07878856360912323,0.18967022001743317,-0.09436724334955215,-0.18847578763961792,-0.11226311326026917,0.06678680330514908,0.3882979154586792,-0.0018360853428021073,-0.0002611048112157732,-0.0018338256049901247,-0.0002607335918582976,-0.0015675557078793645,-0.0026056827045977116,-3.3487579003121937e-06,-0.004936760291457176,-0.26399773359298706,-0.26509889960289,-0.6124996542930603,0.14614947140216827,0.5121176242828369,0.31079453229904175,0.0012864107266068459,0.0003250923182349652,0.0010460555786266923,0.0014999156119301915,-0.0020107536111027002,0.0031933963764458895,-0.0007756715640425682,-0.11449169367551804,0.19679929316043854,-0.09199836850166321,-0.28435641527175903,-0.08404923975467682,0.02231403812766075,0.40346860885620117,0.0,0.0,0.0,0.0,0.0,0.0,0.0,-0.03368445858359337,-0.2796047627925873,-0.29184579849243164,-0.7128471732139587,0.09867619723081589,0.4690627157688141,0.40368449687957764,0.0,0.0,0.0,0.0,-0.0009149253601208329,0.0,0.0
79,1783686165.167615,367265.804047,0.050036,0,,,15,-0.07803093641996384,0.18956930935382843,-0.09821301698684692,-0.1913154274225235,-0.1101769506931305,0.06913075596094131,0.3895029127597809,-0.0018270956352353096,-0.000259635504335165,-0.0018252735026180744,-0.0002593339013401419,-0.0015698361676186323,-0.0026140748523175716,-3.248763505325769e-06,-0.006596082355827093,-0.2639065682888031,-0.2682916522026062,-0.6188392043113708,0.1339596062898636,0.5138733983039856,0.33656007051467896,0.0013051902642473578,0.00032731902319937944,0.0010662887943908572,0.001497400226071477,-0.002017629100009799,0.0031892487313598394,-0.0007713506347499788,-0.11449169367551804,0.19874165952205658,-0.10706767439842224,-0.29079389572143555,-0.08081239461898804,0.023725485429167747,0.4085133373737335,0.0,0.0,0.0,0.0,0.0,0.0,0.0,-0.04140476882457733,-0.2776983082294464,-0.28798753023147583,-0.6883823871612549,0.07657065242528915,0.4375651776790619,0.45465800166130066,0.0,0.0,0.0,0.0,-0.0013250198680907488,0.0,0.0
80,1783686165.296613,367265.933084,0.129037,1,16,0.079055,0,-0.07769659906625748,0.1893150359392166,-0.10339876264333725,-0.1954822987318039,-0.10844968259334564,0.07177882641553879,0.3925955593585968,-0.0018218348268419504,-0.00025878651649691164,-0.0018203703220933676,-0.0002585414913482964,-0.0015727406134828925,-0.0026311278343200684,-3.518005769365118e-06,-0.006511541083455086,-0.26365217566490173,-0.2689368724822998,-0.6280645728111267,0.11942649632692337,0.5151728391647339,0.36756443977355957,0.0013305548345670104,0.00033032766077667475,0.001093642320483923,0.0014939167303964496,-0.0020297556184232235,0.0031803646124899387,-0.0007659358670935035,-0.12906387448310852,0.19582810997962952,-0.08644651621580124,-0.24251271784305573,-0.061391327530145645,-0.004503470845520496,0.4039272367954254,0.0,0.0,0.0,0.0,0.0,0.0,0.0,-0.0028032162226736546,-0.2567272186279297,-0.3072788715362549,-0.7373119592666626,-0.022904304787516594,0.4105672836303711,0.49892449378967285,0.0029296875,0.0,0.0,0.0,-0.005015871021896601,0.0,0.0
81,1783686165.296880,367265.933405,0.000321,0,,,1,-0.0776314064860344,0.18932853639125824,-0.10883218050003052,-0.198706716299057,-0.1070229783654213,0.07355303317308426,0.3961545526981354,-0.0018098639557138085,-0.0002568266063462943,-0.0018085513729602098,-0.0002566072507761419,-0.0015748144360259175,-0.002638502512127161,-3.2675059173925547e-06,-0.007369177881628275,-0.26295310258865356,-0.268835186958313,-0.6281354427337646,0.1077658087015152,0.5107818841934204,0.39435669779777527,0.0013540481450036168,0.0003332493070047349,0.0011186019983142614,0.0014921411639079452,-0.0020368583500385284,0.0031776651740074158,-0.0007614975911565125,-0.12760666012763977,0.19874165952205658,-0.08327402919530869,-0.2473408430814743,-0.06705580651760101,0.0025537682231515646,0.4030100107192993,0.0,0.0,0.0,0.0,0.0,0.0,0.0,-0.0028032162226736546,-0.24147550761699677,-0.29570406675338745,-0.7413893938064575,-0.06918779015541077,0.4105672836303711,0.5230698585510254,0.005859375,0.0,0.0,0.0,0.002775925677269697,0.0,0.0
82,1783686165.317639,367265.953997,0.020592,0,,,2,-0.07758729159832001,0.18932974338531494,-0.11673463881015778,-0.20255611836910248,-0.10558629781007767,0.07461041212081909,0.3985452950000763,-0.0018040058203041553,-0.00025580881629139185,-0.001802817452698946,-0.00025560814538039267,-0.0015774358762428164,-0.0026537952944636345,-3.453769750194624e-06,-0.008860294707119465,-0.26209643483161926,-0.26818394660949707,-0.6250317692756653,0.09601473808288574,0.5049259066581726,0.4221937358379364,0.001399948843754828,0.0003396880638319999,0.0011676070280373096,0.0014923199778422713,-0.0020482854451984167,0.0031729929614812136,-0.0007553061004728079,-0.12760666012763977,0.19777047634124756,-0.08644651621580124,-0.25538769364356995,-0.05653605982661247,0.003965215757489204,0.40346860885620117,0.0,0.0,0.0,0.0,0.0,0.0,0.0,0.004917094483971596,-0.2195511758327484,-0.2686961591243744,-0.7699316143989563,-0.12099766731262207,0.4015679657459259,0.5633120536804199,0.005859375,0.0029296875,0.0077857389114797115,0.005859375,0.003596114693209529,-0.0013671874767169356,-0.0068359375
83,1783686165.367528,367266.004009,0.050012,0,,,3,-0.07992777228355408,0.18910159170627594,-0.11852993816137314,-0.199188232421875,-0.10306323319673538,0.07318446040153503,0.3988019824028015,-0.0018171095289289951,-0.00025789171922951937,-0.0018138149753212929,-0.0002573678793851286,-0.0015784436836838722,-0.00267602875828743,-4.436986273503862e-06,-0.003411318641155958,-0.25434353947639465,-0.26882949471473694,-0.6311168074607849,0.07010974735021591,0.49900418519973755,0.442142128944397,0.0014357783365994692,0.0003439155116211623,0.0011894704075530171,0.001491217757575214,-0.0020447438582777977,0.0031558224000036716,-0.0007534308824688196,-0.12469222396612167,0.19777047634124756,-0.09279149025678635,-0.26182520389556885,-0.05815448239445686,0.011022455058991909,0.400258332490921,0.0,0.0,0.0,0.0,0.0,0.0,0.0,0.004917094483971596,-0.21097208559513092,-0.26097962260246277,-0.7658541798591614,-0.16106396913528442,0.3835693895816803,0.619651198387146,0.0029296875,0.0,0.0,0.0,-0.0009149253601208329,0.0,0.0
84,1783686165.417502,367266.053984,0.049974,0,,,4,-0.08452251553535461,0.18906642496585846,-0.11130930483341217,-0.18534724414348602,-0.0947103351354599,0.06992971152067184,0.3989701569080353,-0.00181994226295501,-0.0002583112218417227,-0.0018144159112125635,-0.00025743438163772225,-0.001580426818691194,-0.002697834512218833,-4.308725237933686e-06,0.018559880554676056,-0.22530777752399445,-0.265347957611084,-0.6634961366653442,-0.004623217973858118,0.48466992378234863,0.48992598056793213,0.0014854095643386245,0.0003531892434693873,0.0012265621917322278,0.0015005976893007755,-0.0020134460646659136,0.003123388160020113,-0.0007679500849917531,-0.12614944577217102,0.1997128427028656,-0.09755021333694458,-0.2634345591068268,-0.05329921841621399,0.016668247058987617,0.40988919138908386,0.0,0.0,0.0,0.0,0.0,0.0,0.0,0.008777249604463577,-0.1985800862312317,-0.24168826639652252,-0.7699316143989563,-0.19698548316955566,0.3880690336227417,0.6411137580871582,0.0,0.0,0.0,0.0,0.003596114693209529,0.0,-0.0013671874767169356
85,1783686165.467669,367266.104122,0.050139,0,,,5,-0.0847846120595932,0.18914483487606049,-0.10826580226421356,-0.18156300485134125,-0.09009606391191483,0.06994135677814484,0.3992462754249573,-0.0017988994950428605,-0.0002548567717894912,-0.0017952766502276063,-0.0002542764996178448,-0.0015830156626179814,-0.0026988366153091192,-3.301247033959953e-06,0.02812018431723118,-0.20925351977348328,-0.2558326721191406,-0.680903434753418,-0.05443456396460533,0.47100746631622314,0.531930685043335,0.0015263364184647799,0.0003595869056880474,0.0012635588645935059,0.0015058296266943216,-0.002007259288802743,0.003122772090137005,-0.0007715002284385264,-0.12760666012763977,0.19777047634124756,-0.09834333509206772,-0.2747001647949219,-0.05734527111053467,0.02231403812766075,0.4103477895259857,0.0,0.0,0.0,0.0,0.0,0.0,0.0,0.012637404724955559,-0.19190746545791626,-0.21468037366867065,-0.7658541798591614,-0.23567017912864685,0.3655707836151123,0.7055013179779053,0.0,0.0,0.0,0.0,0.001545641920529306,0.0,-0.004101562313735485
86,1783686165.517501,367266.153987,0.049865,0,,,6,-0.0854385644197464,0.18919606506824493,-0.10900985449552536,-0.18118029832839966,-0.08496548235416412,0.0705360546708107,0.40038588643074036,-0.0017936115618795156,-0.0002539442211855203,-0.0017912007169798017,-0.00025355693651363254,-0.001586257596500218,-0.002711519133299589,-3.3138894650619477e-06,0.03307240083813667,-0.19404181838035583,-0.23839884996414185,-0.6915839314460754,-0.11416631191968918,0.4568154513835907,0.583077073097229,0.001581166172400117,0.000366375403245911,0.0013177053770050406,0.001506552565842867,-0.0019790937658399343,0.003119313158094883,-0.0007724696770310402,-0.12760666012763977,0.1997128427028656,-0.10151582211256027,-0.2747001647949219,-0.05329921841621399,0.02231403812766075,0.40988919138908386,0.0,0.0,0.0,0.0,0.0,0.0,0.0,0.024217870086431503,-0.19095422327518463,-0.21082210540771484,-0.7699316143989563,-0.25501254200935364,0.3655707836151123,0.7269638776779175,0.005859375,0.0029296875,0.0,0.0,-0.0009149253601208329,0.0,-0.0027343749534338713
87,1783686165.567586,367266.204023,0.050036,0,,,7,-0.08629301190376282,0.18916624784469604,-0.10993626713752747,-0.18262073397636414,-0.08321922272443771,0.07219814509153366,0.4013267457485199,-0.0017919002566486597,-0.00025360716972500086,-0.00179031933657825,-0.00025334785459563136,-0.001588489394634962,-0.0027217017486691475,-3.3653116133791627e-06,0.03580122068524361,-0.18710653483867645,-0.22251147031784058,-0.6927992105484009,-0.15258930623531342,0.44520705938339233,0.622178316116333,0.0016129441792145371,0.0003707081777974963,0.0013504744274541736,0.0015058680437505245,-0.0019603644032031298,0.0031052357517182827,-0.0007834974676370621,-0.12906387448310852,0.19777047634124756,-0.10706767439842224,-0.2811376750469208,-0.055726852267980576,0.03360562026500702,0.4112650156021118,0.0,0.0,0.0,0.0,0.0,0.0,0.0,0.031938180327415466,-0.1928606927394867,-0.18381421267986298,-0.7699316143989563,-0.2743549048900604,0.3295735716819763,0.7645233273506165,0.005859375,0.005859375,0.0,0.0,-0.005425965413451195,0.0,-0.0027343749534338713
88,1783686165.617491,367266.253987,0.049963,0,,,8,-0.08721920102834702,0.18919217586517334,-0.112480029463768,-0.18635128438472748,-0.08080058544874191,0.07409215718507767,0.4021300673484802,-0.0017900996608659625,-0.00025322107831016183,-0.001788444584235549,-0.00025295198429375887,-0.0015911327209323645,-0.002735992893576622,-3.4329739264649106e-06,0.04403304681181908,-0.182350292801857,-0.20213493704795837,-0.6939027905464172,-0.19488422572612762,0.4311736226081848,0.6717711091041565,0.0017100886907428503,0.0003941382165066898,0.001427355338819325,0.0015103842597454786,-0.0019619264639914036,0.00307840364985168,-0.0007987134158611298,-0.12906387448310852,0.19874165952205658,-0.11420577019453049,-0.28435641527175903,-0.054108429700136185,0.03642851486802101,0.4140166938304901,0.0,0.0,0.0,0.0,0.0,0.0,0.0,0.03965849056839943,-0.1900009959936142,-0.17995594441890717,-0.7576992511749268,-0.30751320719718933,0.3295735716819763,0.7833030223846436,0.0,0.0,0.0,0.0,-0.0005048307939432561,0.0,0.0
89,1783686165.667588,367266.304066,0.050079,0,,,9,-0.08776868134737015,0.1892082691192627,-0.11491366475820541,-0.19005054235458374,-0.07985682040452957,0.07743439078330994,0.40313225984573364,-0.0017853793688118458,-0.00025239840033464134,-0.00178384012542665,-0.00025214339257217944,-0.0015930415829643607,-0.002747215563431382,-3.50397135662206e-06,0.051364656537771225,-0.1820306032896042,-0.18808625638484955,-0.6940506100654602,-0.221193328499794,0.4172217845916748,0.7042194604873657,0.001786769600585103,0.00042149133514612913,0.0014818378258496523,0.0015134462155401707,-0.0019906361121684313,0.0030575802084058523,-0.0008079058607108891,-0.13052110373973846,0.19777047634124756,-0.11499889194965363,-0.28435641527175903,-0.0508715845644474,0.03783996403217316,0.416768342256546,0.0,0.0,0.0,0.0,0.0,0.0,0.0,0.06667958199977875,-0.1900009959936142,-0.1529480367898941,-0.7454668283462524,-0.3240923583507538,0.3115749955177307,0.7859858274459839,0.0,0.0,0.0,0.0,-0.006656249053776264,0.0,0.0
90,1783686165.717515,367266.353995,0.049929,0,,,10,-0.08873744308948517,0.18925483524799347,-0.12111204862594604,-0.1947561353445053,-0.07864225655794144,0.08217104524374008,0.40502819418907166,-0.0017784259980544448,-0.00025118247140198946,-0.0017770075937733054,-0.0002509462065063417,-0.001595482463017106,-0.002760598435997963,-3.4468805552023696e-06,0.061203453689813614,-0.18122057616710663,-0.17064771056175232,-0.6931791305541992,-0.25588181614875793,0.39902040362358093,0.742457389831543,0.0018855789676308632,0.0004436553281266242,0.0015747195575386286,0.0015207132091745734,-0.0020102791022509336,0.0030279189813882113,-0.0008098255493678153,-0.12760666012763977,0.19777047634124756,-0.11579201370477676,-0.28596577048301697,-0.0516807958483696,0.042074307799339294,0.416768342256546,0.0,0.0,0.0,0.0,0.0,0.0,0.0,0.06281942129135132,-0.1900009959936142,-0.1490897685289383,-0.7373119592666626,-0.3572506904602051,0.28007742762565613,0.7993999123573303,0.0,0.0,0.0,0.0,-0.0005048307939432561,0.0,0.0
91,1783686165.767552,367266.403999,0.050004,0,,,11,-0.08930277079343796,0.18921814858913422,-0.12529750168323517,-0.19673752784729004,-0.07737531512975693,0.08471529185771942,0.4060910642147064,-0.0017806669929996133,-0.00025147662381641567,-0.001779145677573979,-0.0002512239443603903,-0.0015971815446391702,-0.002774597844108939,-3.7235515719657997e-06,0.07335659861564636,-0.18107187747955322,-0.15689879655838013,-0.6890360116958618,-0.2781432271003723,0.38492098450660706,0.7607223391532898,0.0019390092929825187,0.00045131007209420204,0.001631333027034998,0.001524206716567278,-0.00204291008412838,0.0029996123630553484,-0.000809335382655263,-0.13343553245067596,0.19874165952205658,-0.12293010950088501,-0.28596577048301697,-0.055726852267980576,0.042074307799339294,0.4186027944087982,0.0,0.0,0.0,0.0,0.0,0.0,0.0,0.07826004177331924,-0.19095422327518463,-0.1490897685289383,-0.7210021018981934,-0.360013872385025,0.2710781395435333,0.8074483871459961,0.0029296875,0.0,0.0,0.0,-0.0037855871487408876,0.0,-0.0027343749534338713
92,1783686165.817486,367266.453986,0.049987,0,,,12,-0.08983143419027328,0.18917612731456757,-0.12819364666938782,-0.19890660047531128,-0.07608889788389206,0.0884275957942009,0.4076719284057617,-0.0017824387177824974,-0.00025165779516100883,-0.001780566293746233,-0.00025134693714790046,-0.001599580398760736,-0.002792026149109006,-3.7005954709457e-06,0.08623459190130234,-0.18088552355766296,-0.1404224932193756,-0.6742122769355774,-0.31151553988456726,0.36039242148399353,0.7852869033813477,0.002051436807960272,0.000467628357000649,0.0017439342336729169,0.0015339329838752747,-0.0020663763862103224,0.0029575300868600607,-0.0008101577404886484,-0.1348927617073059,0.19777047634124756,-0.12848195433616638,-0.2875751554965973,-0.05653605982661247,0.049131546169519424,0.4250233769416809,0.0,0.0,0.0,0.0,0.0,0.0,0.0,0.0859803557395935,-0.19381392002105713,-0.13751496374607086,-0.708769679069519,-0.37382984161376953,0.24408024549484253,0.8101311922073364,0.0,0.0,0.0,0.0,-0.004605776164680719,0.0,0.0
93,1783686165.867558,367266.504013,0.050026,0,,,13,-0.09093189239501953,0.18921859562397003,-0.1310722529888153,-0.19914954900741577,-0.07566006481647491,0.09055870771408081,0.4089576303958893,-0.0017811086727306247,-0.0002513878862373531,-0.0017793497536331415,-0.00025109428679570556,-0.0016011926345527172,-0.0028021056205034256,-3.7062550291011576e-06,0.09316222369670868,-0.18085253238677979,-0.13693372905254364,-0.6645676493644714,-0.3262861669063568,0.3469225764274597,0.7960585355758667,0.002120630582794547,0.0004767546779476106,0.001808271510526538,0.0015394430374726653,-0.002083348575979471,0.002926821354776621,-0.000817611813545227,-0.1348927617073059,0.19582810997962952,-0.12451634556055069,-0.28435641527175903,-0.0516807958483696,0.05054299533367157,0.4286922514438629,0.0,0.0,0.0,0.0,0.0,0.0,0.0,0.09370066970586777,-0.1900009959936142,-0.12208187580108643,-0.663917601108551,-0.40975135564804077,0.21258269250392914,0.8181796073913574,0.0,0.0,0.0,0.0,0.0007254528463818133,0.0,0.0
94,1783686165.917524,367266.554011,0.049999,0,,,14,-0.09282761067152023,0.1892593652009964,-0.13593633472919464,-0.19975413382053375,-0.07512124627828598,0.09464295208454132,0.4124234616756439,-0.0017783247167244554,-0.0002508514153305441,-0.0017767025856301188,-0.00025057781022042036,-0.0016038828762248158,-0.0028200449887663126,-3.759714445550344e-06,0.10368242114782333,-0.1813896894454956,-0.1310645043849945,-0.6466221213340759,-0.34827280044555664,0.3235078752040863,0.807765007019043,0.0022190765012055635,0.0004902080399915576,0.0019022462656721473,0.0015462199226021767,-0.00212152861058712,0.002874315483495593,-0.0008237094734795392,-0.1378071904182434,0.1948569267988205,-0.13562005758285522,-0.29079389572143555,-0.05491764098405838,0.05336588993668556,0.4341956079006195,0.0,0.0,0.0,0.0,0.0,0.0,0.0,0.09370066970586777,-0.19190746545791626,-0.1105070635676384,-0.6516852378845215,-0.418040931224823,0.19008444249629974,0.7993999123573303,0.0,0.0,0.0,0.0,0.00113554741255939,0.0,0.0
95,1783686165.967536,367266.603992,0.049980,0,,,15,-0.09388167411088943,0.1891387403011322,-0.13786359131336212,-0.1999455839395523,-0.07460537552833557,0.09752348810434341,0.4150417447090149,-0.001781076891347766,-0.00025124463718384504,-0.0017795503372326493,-0.0002509867481421679,-0.001605445984750986,-0.0028308811597526073,-3.8085079268057598e-06,0.10945139080286026,-0.18145163357257843,-0.12246576696634293,-0.6250703930854797,-0.3673649728298187,0.301852822303772,0.8141211271286011,0.0022648689337074757,0.0004966416745446622,0.0019500006455928087,0.0015489793149754405,-0.0021200745832175016,0.002843866590410471,-0.0008243303163908422,-0.1436360627412796,0.19679929316043854,-0.13879252970218658,-0.2940126359462738,-0.055726852267980576,0.056188784539699554,0.4332783818244934,0.0,0.0,0.0,0.0,0.0,0.0,0.0,0.09370066970586777,-0.1900009959936142,-0.1105070635676384,-0.6231430172920227,-0.44014647603034973,0.16983602941036224,0.7993999123573303,0.0,0.0,0.0,0.0,0.0007254528463818133,0.0,0.0
96,1783686166.094929,367266.731389,0.127397,1,16,0.077356,0,-0.09627433866262436,0.18893271684646606,-0.14252975583076477,-0.20146635174751282,-0.0739879384636879,0.10167399048805237,0.4203564524650574,-0.0017757604364305735,-0.0002502845600247383,-0.001774304430000484,-0.0002500400005374104,-0.001608228893019259,-0.0028445743955671787,-3.535360292516998e-06,0.11607448756694794,-0.18150947988033295,-0.10741405934095383,-0.5902019739151001,-0.3932916820049286,0.2728307545185089,0.8166476488113403,0.002365306718274951,0.0005113602383062243,0.002052910393103957,0.0015573223354294896,-0.002100757323205471,0.0027836367953568697,-0.0008264556527137756,-0.1523793786764145,0.19388574361801147,-0.1165851354598999,-0.26665329933166504,-0.04197026044130325,0.04348575696349144,0.4048444628715515,0.0,0.0,0.0,0.0,0.0,0.0,0.0,0.031938180327415466,-0.1900009959936142,-0.10664878785610199,-0.7128471732139587,-0.3475795090198517,0.24408024549484253,0.8503734469413757,0.0,0.0,0.0,0.0,0.00031535830930806696,0.0,-0.0013671874767169356
97,1783686166.095196,367266.731717,0.000328,0,,,1,-0.0986897274851799,0.18888092041015625,-0.146516352891922,-0.2029968649148941,-0.07375995069742203,0.10415135324001312,0.422206848859787,-0.0017724124481901526,-0.0002496443339623511,-0.0017711197724565864,-0.00024942902382463217,-0.0016100205248221755,-0.0028538410551846027,-3.544815172062954e-06,0.11725519597530365,-0.18145179748535156,-0.10142236948013306,-0.5711344480514526,-0.40739595890045166,0.25662803649902344,0.8168753981590271,0.0024324108380824327,0.0005213506519794464,0.0021209109108895063,0.0015635245945304632,-0.002090344438329339,0.002742768032476306,-0.000828572257887572,-0.15383660793304443,0.19582810997962952,-0.11737825721502304,-0.2650439441204071,-0.04277947172522545,0.04772009700536728,0.400258332490921,0.0,0.0,0.0,0.0,0.0,0.0,0.0,0.0357983373105526,-0.1900009959936142,-0.10664878785610199,-0.6802274584770203,-0.3931722044944763,0.23958058655261993,0.8450077772140503,0.0,0.0029296875,0.0,0.0,0.001955736428499222,0.0,-0.0013671874767169356
98,1783686166.117529,367266.753995,0.022278,0,,,2,-0.10166366398334503,0.18880991637706757,-0.15087048709392548,-0.20589084923267365,-0.0734374150633812,0.10606352239847183,0.4233413338661194,-0.0017779965419322252,-0.00025042309425771236,-0.0017765382071956992,-0.000250185199547559,-0.0016125933034345508,-0.002871876349672675,-3.7238116874505067e-06,0.11829979717731476,-0.1813155561685562,-0.09798461198806763,-0.5535068511962891,-0.42340371012687683,0.2393052875995636,0.8171872496604919,0.002495494903996587,0.0005285147926770151,0.002245947252959013,0.0015756969805806875,-0.0020748183596879244,0.002661858219653368,-0.0008338098414242268,-0.1523793786764145,0.19582810997962952,-0.11975762248039246,-0.2747001647949219,-0.04439789429306984,0.05336588993668556,0.40530306100845337,0.0,0.0,0.0,0.0,0.0,0.0,0.0,0.024217870086431503,-0.1900009959936142,-0.08349916338920593,-0.6598401665687561,-0.4000801742076874,0.22608163952827454,0.8369593620300293,0.0029296875,0.0,0.0,0.0,0.00113554741255939,0.0,-0.0013671874767169356
99,1783686166.167511,367266.803993,0.049998,0,,,3,-0.10470467805862427,0.1887648105621338,-0.14962543547153473,-0.2043312042951584,-0.07257691025733948,0.10628718882799149,0.4214687943458557,-0.0017760094488039613,-0.00024994881823658943,-0.0017731643747538328,-0.00024949549697339535,-0.0016136630438268185,-0.002887280657887459,-4.078942765772808e-06,0.10834969580173492,-0.18128426373004913,-0.09760015457868576,-0.5553696751594543,-0.4263172447681427,0.24324163794517517,0.8254603743553162,0.002534385770559311,0.0005370843573473394,0.002323452616110444,0.0015832529170438647,-0.0020637072157114744,0.0026195591781288385,-0.0008385014371015131,-0.1465505063533783,0.19582810997962952,-0.11341264843940735,-0.2714814245700836,-0.03873341903090477,0.056188784539699554,0.41080641746520996,0.0,0.0,0.0,0.0,0.0,0.0,0.0,0.028078027069568634,-0.1900009959936142,-0.08349916338920593,-0.6353753805160522,-0.3986985981464386,0.19458410143852234,0.8611046671867371,0.0,0.0,0.0,0.0,-0.0009149253601208329,0.0,-0.0027343749534338713
100,1783686166.217503,367266.853986,0.049993,0,,,4,-0.11009129881858826,0.18864919245243073,-0.1441950798034668,-0.19683420658111572,-0.07055835425853729,0.10693042725324631,0.41499826312065125,-0.0017821151996031404,-0.0002508772595319897,-0.0017795865423977375,-0.0002504690201021731,-0.001616019057109952,-0.002900123130530119,-3.696933163155336e-06,0.07683443278074265,-0.1815466284751892,-0.09159871935844421,-0.5693010091781616,-0.42577794194221497,0.2543434202671051,0.8380763530731201,0.002642108825966716,0.0005597769049927592,0.0024196836166083813,0.0015913181705400348,-0.002042977372184396,0.0025662933476269245,-0.0008478804957121611,-0.15383660793304443,0.19679929316043854,-0.12293010950088501,-0.2811376750469208,-0.045207105576992035,0.056188784539699554,0.4112650156021118,0.0,0.0,0.0,0.0,0.0,0.0,0.0,0.024217870086431503,-0.1900009959936142,-0.07578261941671371,-0.5905233025550842,-0.4263305068016052,0.20133356750011444,0.8396421670913696,0.005859375,0.0,0.0,0.0,0.004416303709149361,0.0,0.0
101,1783686166.267528,367266.903997,0.050011,0,,,5,-0.110226109623909,0.18836860358715057,-0.14261801540851593,-0.1951267272233963,-0.06864738464355469,0.10796885192394257,0.4132496118545532,-0.001793807023204863,-0.0002527396136429161,-0.0017918403027579188,-0.00025242165429517627,-0.0016179655212908983,-0.002909388393163681,-3.630063929449534e-06,0.06079360842704773,-0.18158000707626343,-0.08273691684007645,-0.5709066390991211,-0.4245327413082123,0.24801819026470184,0.8465300798416138,0.00268136290833354,0.000564306159503758,0.0024569884408265352,0.0015917635755613446,-0.0020373892039060593,0.0025171791203320026,-0.0008602052694186568,-0.15092216432094574,0.1948569267988205,-0.12134386599063873,-0.2811376750469208,-0.04277947172522545,0.06042312830686569,0.4112650156021118,0.0,0.0,0.0,0.0,0.0,0.0,0.0,0.028078027069568634,-0.1900009959936142,-0.060349538922309875,-0.5701360106468201,-0.44290968775749207,0.17208585143089294,0.8396421670913696,0.0029296875,0.0,0.0,0.0,0.00031535830930806696,0.0,-0.004101562313735485
102,1783686166.317516,367266.954015,0.050018,0,,,6,-0.11096623539924622,0.18828953802585602,-0.1416565179824829,-0.19518375396728516,-0.0673922449350357,0.1088535413146019,0.4128241240978241,-0.0017944948049262166,-0.00025271211052313447,-0.0017935574287548661,-0.00025255687069147825,-0.0016206677537411451,-0.002925020642578602,-3.598719786168658e-06,0.05038520321249962,-0.18156909942626953,-0.06786073744297028,-0.5505803823471069,-0.4257287085056305,0.23707444965839386,0.8505575656890869,0.0027766963467001915,0.0005743632791563869,0.0025375632103532553,0.0015965958591550589,-0.0019960955251008272,0.002455872017890215,-0.00086983572691679,-0.14800772070884705,0.1997128427028656,-0.12610259652137756,-0.2827470302581787,-0.04197026044130325,0.06042312830686569,0.4176855683326721,0.0,0.0,0.0,0.0,0.0,0.0,0.0,0.031938180327415466,-0.1900009959936142,-0.060349538922309875,-0.5334388613700867,-0.46225202083587646,0.15408724546432495,0.8235452771186829,0.0,0.0,0.0,0.0,-0.002555303508415818,0.0,0.0
103,1783686166.367510,367267.003952,0.049937,0,,,7,-0.11124055832624435,0.18821461498737335,-0.1415269523859024,-0.19609493017196655,-0.06678768247365952,0.10922738909721375,0.41265997290611267,-0.001794275944121182,-0.0002525949676055461,-0.0017929584719240665,-0.00025237706722691655,-0.0016217496013268828,-0.0029333520215004683,-3.5393388770899037e-06,0.050060905516147614,-0.18159125745296478,-0.059295833110809326,-0.5293550491333008,-0.4310922622680664,0.2291031777858734,0.8509782552719116,0.0028348430059850216,0.0005808924324810505,0.0025851514656096697,0.0015995788853615522,-0.001982341054826975,0.0024141028989106417,-0.000882654101587832,-0.149464949965477,0.19388574361801147,-0.1205507442355156,-0.2891845107078552,-0.04277947172522545,0.06183457747101784,0.4176855683326721,0.0,0.0,0.0,0.0,0.0,0.0,0.0,0.03965849056839943,-0.1900009959936142,-0.056491266936063766,-0.5130515694618225,-0.4802127778530121,0.12933917343616486,0.804765522480011,0.0,0.0,0.0,0.0,0.00113554741255939,0.0,0.0
104,1783686166.417621,367267.054105,0.050153,0,,,8,-0.1111454889178276,0.1883419156074524,-0.14154161512851715,-0.19708053767681122,-0.06584230065345764,0.11039083451032639,0.41267129778862,-0.0017969264881685376,-0.0002528943296056241,-0.0017951872432604432,-0.00025260550319217145,-0.0016236233059316874,-0.0029487754218280315,-3.6449378058023285e-06,0.05371342599391937,-0.18157030642032623,-0.04942377284169197,-0.4903378188610077,-0.444376140832901,0.21351689100265503,0.8497542142868042,0.002940982347354293,0.0005958181573078036,0.00268778158351779,0.001608284772373736,-0.001989061012864113,0.002339400118216872,-0.0008946781163103878,-0.14509329199790955,0.19777047634124756,-0.12610259652137756,-0.2875751554965973,-0.04439789429306984,0.06183457747101784,0.416768342256546,0.0,0.0,0.0,0.0,0.0,0.0,0.0,0.028078027069568634,-0.1900009959936142,-0.04877472296357155,-0.48043185472488403,-0.4981735348701477,0.10909075289964676,0.8154968023300171,0.0,0.0,0.0,0.0029296875,0.0007254528463818133,0.0,0.0
105,1783686166.467664,367267.104086,0.049981,0,,,9,-0.11046658456325531,0.18831084668636322,-0.14093483984470367,-0.19832968711853027,-0.06524958461523056,0.11203493922948837,0.41286855936050415,-0.0017924398416653275,-0.0002520850975997746,-0.0017909195739775896,-0.00025183145771734416,-0.0016254433430731297,-0.0029592220671474934,-3.6213798466633307e-06,0.057497572153806686,-0.1814955770969391,-0.047409676015377045,-0.47812044620513916,-0.45136985182762146,0.19105520844459534,0.8432533144950867,0.0022065474186092615,0.0005499260732904077,0.0027805373538285494,0.0016195593634620309,-0.001985139213502407,0.002283755922690034,-0.0008987501496449113,-0.14509329199790955,0.19582810997962952,-0.12610259652137756,-0.29079389572143555,-0.03873341903090477,0.06183457747101784,0.4176855683326721,0.0,0.0,0.0,0.0,0.0,0.0,0.0,0.031938180327415466,-0.1900009959936142,-0.04491645470261574,-0.44373470544815063,-0.5064631104469299,0.09559180587530136,0.804765522480011,0.0,0.0,0.0,0.0,0.00113554741255939,0.0,0.0
106,1783686166.517608,367267.154087,0.050001,0,,,10,-0.10926414281129837,0.18834617733955383,-0.14086617529392242,-0.19928687810897827,-0.06452024728059769,0.11377657204866409,0.4130239486694336,-0.0017908226000145078,-0.00025170508888550103,-0.0017901967512443662,-0.00025159522192552686,-0.0016281962161883712,-0.002970695961266756,-3.367458702996373e-06,0.05405662581324577,-0.1814725250005722,-0.04346694052219391,-0.45942410826683044,-0.46424242854118347,0.1574326604604721,0.8377742171287537,0.0021729269064962864,0.0005127665353938937,0.0028809402137994766,0.0016385808121412992,-0.001966937445104122,0.0022120813373476267,-0.0009028722415678203,-0.14509329199790955,0.19874165952205658,-0.12372322380542755,-0.2875751554965973,-0.04601631686091423,0.06465747207403183,0.41906142234802246,0.0,0.0,0.0,0.0,0.0,0.0,0.0,0.008777249604463577,-0.1900009959936142,-0.03719991073012352,-0.41111502051353455,-0.528568685054779,0.07309355586767197,0.7779374122619629,0.0,0.0,0.0,0.0,0.004416303709149361,0.0,0.0
107,1783686166.567507,367267.203988,0.049901,0,,,11,-0.10863426327705383,0.18831393122673035,-0.14098620414733887,-0.20024338364601135,-0.06397683173418045,0.11453170329332352,0.4130796790122986,-0.0017943060956895351,-0.00025220582028850913,-0.0017940598772838712,-0.00025215864297933877,-0.0016298088012263179,-0.002978125587105751,-3.3496319247205975e-06,0.05090102180838585,-0.18143166601657867,-0.04073210060596466,-0.44404616951942444,-0.47057634592056274,0.1378311812877655,0.8319319486618042,0.0020401128567755222,0.00045706017408519983,0.002941660350188613,0.001646355027332902,-0.0019540886860340834,0.0021719178184866905,-0.0009049674263224006,-0.1465505063533783,0.19777047634124756,-0.12451634556055069,-0.29079389572143555,-0.045207105576992035,0.06465747207403183,0.416768342256546,0.0,0.0,0.0,0.0,0.0,0.0,0.0,0.012637404724955559,-0.1900009959936142,-0.010192015208303928,-0.3846115171909332,-0.5479110479354858,0.06634408235549927,0.7564748525619507,0.005859375,0.005859375,0.0,0.005859375,0.00031535830930806696,-0.0013671874767169356,-0.0054687499068677425
108,1783686166.617550,367267.254018,0.050030,0,,,12,-0.10816802084445953,0.18863214552402496,-0.1409412920475006,-0.2014182060956955,-0.06338492035865784,0.11539078503847122,0.4133607745170593,-0.0017950007459148765,-0.00025219592498615384,-0.0017947062151506543,-0.000252141006058082,-0.0016320958966389298,-0.0029912872705608606,-3.352123258082429e-06,0.038402047008275986,-0.18142956495285034,-0.031984005123376846,-0.4120020568370819,-0.48555058240890503,0.10681841522455215,0.8161559104919434,0.00205455394461751,0.000488898775074631,0.003049447201192379,0.0016591614112257957,-0.001910543069243431,0.0021059755235910416,-0.0009110710816457868,-0.14800772070884705,0.19777047634124756,-0.11975762248039246,-0.2811376750469208,-0.045207105576992035,0.06606891751289368,0.4112650156021118,0.0,0.0,0.0,0.0,0.0,0.0,0.0,0.028078027069568634,-0.1900009959936142,0.0013827976072207093,-0.36626294255256653,-0.561726987361908,0.06409425288438797,0.7698889374732971,0.005859375,0.0,0.0,0.0,-0.005425965413451195,0.0,-0.0027343749534338713
109,1783686166.667483,367267.303958,0.049940,0,,,13,-0.10812285542488098,0.18867146968841553,-0.14101259410381317,-0.2019207924604416,-0.06316860765218735,0.11609676480293274,0.4133557677268982,-0.001799851655960083,-0.000252911529969424,-0.0017996295355260372,-0.0002528685436118394,-0.0016335080144926906,-0.003000703640282154,-3.49556353285152e-06,0.03289073333144188,-0.18146897852420807,-0.023244749754667282,-0.39533257484436035,-0.49763187766075134,0.0920051708817482,0.800428032875061,0.0019085664534941316,0.000518519664183259,0.0031106064561754465,0.001679392415098846,-0.0018991000251844525,0.002060958417132497,-0.0009277716744691133,-0.1407216340303421,0.1997128427028656,-0.12293010950088501,-0.29079389572143555,-0.04197026044130325,0.06748037040233612,0.41906142234802246,0.0,0.0,0.0,0.0,0.0,0.0,0.0,0.012637404724955559,-0.1928606927394867,0.005241068545728922,-0.33364322781562805,-0.5589637756347656,0.04609565809369087,0.759157657623291,0.0,0.0029296875,0.0,0.0,-0.0017351144924759865,0.0,0.0
110,1783686166.717493,367267.353982,0.050024,0,,,14,-0.10791250318288803,0.18872195482254028,-0.14094407856464386,-0.2020227611064911,-0.06280023604631424,0.11692418158054352,0.41309410333633423,-0.0018074315739795566,-0.0002540073764976114,-0.00180698127951473,-0.00025392856332473457,-0.0016355477273464203,-0.0030192702542990446,-3.846954768960131e-06,0.030205467715859413,-0.18142904341220856,-0.01140899769961834,-0.3752419650554657,-0.5163682103157043,0.07233120501041412,0.7778159976005554,-0.0011865322012454271,0.0005446052527986467,0.003212820738554001,0.0016984350513666868,-0.0019292564829811454,0.0019902344793081284,-0.0009510423988103867,-0.1436360627412796,0.1997128427028656,-0.11896450072526932,-0.29079389572143555,-0.043588683009147644,0.06959754228591919,0.4176855683326721,0.0,0.0,0.0,0.0,0.0,0.0,0.0,0.020357714965939522,-0.19381392002105713,0.009099339134991169,-0.3254883289337158,-0.5783061385154724,0.05734477937221527,0.7645233273506165,0.0,0.0,0.0,0.0,-0.0005048307939432561,0.0,0.0
111,1783686166.767530,367267.403991,0.050010,0,,,15,-0.10606522113084793,0.18902605772018433,-0.1408068984746933,-0.20315231382846832,-0.062395475804805756,0.11752768605947495,0.41316547989845276,-0.0018076725536957383,-0.00025395621196366847,-0.0018071349477395415,-0.00025386156630702317,-0.0016368527431041002,-0.003030614461749792,-3.843848844553577e-06,0.025166040286421776,-0.18156979978084564,-0.006078288424760103,-0.35833343863487244,-0.524944543838501,0.05808185786008835,0.7653682231903076,-0.0007870466797612607,0.000564820016734302,0.0032944814302027225,0.0017061072867363691,-0.0019454092252999544,0.0019463569624349475,-0.0009565119980834424,-0.1436360627412796,0.19874165952205658,-0.12451634556055069,-0.2875751554965973,-0.043588683009147644,0.06818608939647675,0.42273029685020447,0.0,0.0,0.0,0.0,0.0,0.0,0.0,0.004917094483971596,-0.19381392002105713,0.009099339134991169,-0.3071397542953491,-0.6031748652458191,0.037096358835697174,0.75110924243927,0.0,0.0,0.0,0.0,0.002775925677269697,0.0,0.0
112,1783686166.892628,367267.529084,0.125093,1,16,0.075090,0,-0.10454678535461426,0.1893010437488556,-0.1406666487455368,-0.20430947840213776,-0.06188240274786949,0.1189572736620903,0.4133923351764679,-0.0018112354446202517,-0.00025437577278353274,-0.001810437417589128,-0.00025423895567655563,-0.0016389787197113037,-0.0030556051060557365,-4.317161256039981e-06,0.020038770511746407,-0.18182319402694702,-0.0002803396200761199,-0.3414643704891205,-0.5398157835006714,0.04351673275232315,0.7513990998268127,-0.0006336095393635333,0.0005876687355339527,0.003411051817238331,0.0017167137702926993,-0.001943380804732442,0.0018779318779706955,-0.0009602775680832565,-0.13197831809520721,0.19097217917442322,-0.12927508354187012,-0.2891845107078552,-0.04844395071268082,0.0731261596083641,0.4277750253677368,0.0,0.0,0.0,0.0,0.0,0.0,0.0,0.004917094483971596,-0.1900009959936142,0.024532422423362732,-0.31121718883514404,-0.5313318371772766,0.07984302937984467,0.6733075380325317,0.0,0.0,0.0,0.0,0.00113554741255939,0.0,0.0
113,1783686166.892871,367267.529398,0.000314,0,,,1,-0.10429295152425766,0.18941257894039154,-0.14061744511127472,-0.20444118976593018,-0.061621204018592834,0.11939199268817902,0.41391459107398987,-0.0018090432276949286,-0.0002539333945605904,-0.0018083821050822735,-0.00025381738669238985,-0.0016402611508965492,-0.0030692555010318756,-4.397783868625993e-06,0.015377520583570004,-0.18195052444934845,0.002700906014069915,-0.33130723237991333,-0.5507882833480835,0.034352488815784454,0.7453010082244873,-0.0005912354681640863,0.0005984689341858029,0.003481958294287324,0.001723355962894857,-0.0019242569105699658,0.0018414318328723311,-0.000961937359534204,-0.13634997606277466,0.19194336235523224,-0.12451634556055069,-0.2891845107078552,-0.05006237328052521,0.07877194881439209,0.4305267035961151,0.0,0.0,0.0,0.0,0.0,0.0,0.0,0.008777249604463577,-0.19095422327518463,0.009099339134991169,-0.3091784715652466,-0.5562006235122681,0.07759320735931396,0.6625762581825256,0.0,0.005859375,0.0025952463038265705,0.0029296875,0.00031535830930806696,0.0,-0.0013671874767169356
114,1783686166.917659,367267.554127,0.024729,0,,,2,-0.10413368046283722,0.18949776887893677,-0.1407109498977661,-0.20461122691631317,-0.06124874949455261,0.11975951492786407,0.41439342498779297,-0.0018104484770447016,-0.000254010665230453,-0.0018094987608492374,-0.00025384817854501307,-0.0016421887557953596,-0.0030916687101125717,-4.553212875180179e-06,0.010460260324180126,-0.1821008026599884,0.005434292834252119,-0.32081905007362366,-0.5640665888786316,0.024716567248106003,0.7379662394523621,-0.0005886574508622289,0.0006154130096547306,0.0035959528759121895,0.001734284800477326,-0.001886105863377452,0.001778570469468832,-0.0009653859306126833,-0.13052110373973846,0.1900009959936142,-0.12372322380542755,-0.2940126359462738,-0.0508715845644474,0.07736050337553024,0.4314439296722412,0.0,0.0,0.0,0.0,0.0,0.0,0.0,0.008777249604463577,-0.1928606927394867,0.005241068545728922,-0.29286861419677734,-0.5672533512115479,0.05284513160586357,0.6706247329711914,0.0,0.0,0.0,0.005859375,0.003186020301654935,0.0,-0.0027343749534338713
115,1783686166.967678,367267.604145,0.050018,0,,,3,-0.10291168838739395,0.1891137808561325,-0.14071567356586456,-0.20523877441883087,-0.06112884357571602,0.1208406537771225,0.4159542918205261,-0.001811644178815186,-0.0002541578724049032,-0.0018106765346601605,-0.0002539829001761973,-0.0016433428972959518,-0.00310690188780427,-4.548507604340557e-06,0.010374967008829117,-0.18217973411083221,0.009373265318572521,-0.31618013978004456,-0.5660000443458557,0.02524920366704464,0.7232656478881836,-0.0005359013448469341,0.0006380472332239151,0.00369285442866385,0.001748670474626124,-0.0018660741625353694,0.001742867287248373,-0.0009681890369392931,-0.12906387448310852,0.19388574361801147,-0.12610259652137756,-0.2940126359462738,-0.05329921841621399,0.07877194881439209,0.4314439296722412,0.0,0.0,0.0,0.0,0.0,0.0,0.0,0.031938180327415466,-0.1957203894853592,0.009099339134991169,-0.2847137153148651,-0.6004117131233215,0.04609565809369087,0.6733075380325317,0.0029296875,0.0,0.0,0.0,0.00031535830930806696,0.0,-0.0013671874767169356
116,1783686167.017579,367267.654056,0.049911,0,,,4,-0.09662110358476639,0.18599893152713776,-0.14081889390945435,-0.20743012428283691,-0.06138497591018677,0.12416400760412216,0.4191945493221283,-0.0018130167154595256,-0.00025425857165828347,-0.001812057918868959,-0.0002540745190344751,-0.001645023818127811,-0.0031250412575900555,-4.277956122678006e-06,0.013152049854397774,-0.18187160789966583,0.0140835614874959,-0.30821794271469116,-0.5632868409156799,0.024550672620534897,0.6938962340354919,-0.0004961406229995191,0.0006701191305182874,0.0038192893844097853,0.0017838364001363516,-0.00183575926348567,0.0016779422294348478,-0.0009834462543949485,-0.13343553245067596,0.1948569267988205,-0.12451634556055069,-0.29723137617111206,-0.052490007132291794,0.08371201902627945,0.4332783818244934,0.0,0.0,0.0,0.0,0.0,0.0,0.0,0.020357714965939522,-0.19762684404850006,0.005241068545728922,-0.27044257521629333,-0.5865957140922546,0.041596006602048874,0.6652591228485107,0.0,0.0,0.0,0.005859375,0.004826398566365242,-0.0027343749534338713,-0.0013671874767169356
117,1783686167.067570,367267.704028,0.049972,0,,,5,-0.09304337203502655,0.18569767475128174,-0.14111638069152832,-0.2078864425420761,-0.06168629229068756,0.1262209713459015,0.420504093170166,-0.0018164516659453511,-0.00025471136905252934,-0.001814669813029468,-0.0002544014423619956,-0.0016462119529023767,-0.003140420885756612,-4.518510195339331e-06,0.018126821145415306,-0.1818830519914627,0.01446993462741375,-0.3066527247428894,-0.5639829039573669,0.01895827054977417,0.6805396676063538,-0.0005561887519434094,0.0006807292811572552,0.0038883548695594072,0.0017963434802368283,-0.0018226653337478638,0.0016383464680984616,-0.000991686130873859,-0.12906387448310852,0.19388574361801147,-0.12372322380542755,-0.30205950140953064,-0.0508715845644474,0.08582919090986252,0.4305267035961151,0.0,0.0,0.0,0.0,0.0,0.0,0.0,0.031938180327415466,-0.19762684404850006,0.0013827976072207093,-0.2724813222885132,-0.6114644408226013,0.030346883460879326,0.6759903430938721,0.005859375,0.0,0.0,0.005859375,-0.002145209116861224,-0.0013671874767169356,0.0
118,1783686167.117632,367267.754118,0.050090,0,,,6,-0.09118490666151047,0.18581894040107727,-0.14104919135570526,-0.20834067463874817,-0.06213989108800888,0.1311376988887787,0.4230619966983795,-0.0018078770954161882,-0.000253178586717695,-0.0018067228375002742,-0.00025297308457084,-0.0016488971887156367,-0.0031623588874936104,-4.556334715744015e-06,0.02049434743821621,-0.1824066936969757,0.014665273018181324,-0.299250066280365,-0.5649871826171875,0.010442180559039116,0.6659949421882629,-0.0005699750036001205,0.0006972382543608546,0.0039989883080124855,0.0018287493148818612,-0.0017839707434177399,0.0015766994329169393,-0.0010008587269112468,-0.13052110373973846,0.19388574361801147,-0.12293010950088501,-0.30366888642311096,-0.046825528144836426,0.08865208923816681,0.4305267035961151,0.0,0.0,0.0,0.0,0.0,0.0,0.0,0.020357714965939522,-0.2014397829771042,-0.014050286263227463,-0.26126828789711,-0.6087012887001038,0.023597408086061478,0.6786732077598572,0.0029296875,0.005859375,0.005190492607653141,0.0,0.002775925677269697,0.0,0.0
119,1783686167.167520,367267.803988,0.049870,0,,,7,-0.09052122384309769,0.18585915863513947,-0.14098961651325226,-0.21067386865615845,-0.06236206367611885,0.1340520679950714,0.42355987429618835,-0.0018052475061267614,-0.000252661993727088,-0.0018045558826997876,-0.0002525346353650093,-0.0016507123364135623,-0.003174166427925229,-4.331595391704468e-06,0.022243382409214973,-0.18290497362613678,0.01431385986506939,-0.2961811125278473,-0.5693117380142212,0.003722128225490451,0.6600614786148071,-0.0005958693218417466,0.000710340216755867,0.004079313017427921,0.0018590193940326571,-0.0017789656994864345,0.0015280896332114935,-0.0010044602677226067,-0.13052110373973846,0.1900009959936142,-0.12927508354187012,-0.3068876266479492,-0.054108429700136185,0.08865208923816681,0.4341956079006195,0.0,0.0,0.0,0.0,0.0,0.0,0.0,0.024217870086431503,-0.19190746545791626,0.0013827976072207093,-0.26024892926216125,-0.6087012887001038,0.01909775845706463,0.7215982675552368,0.603515625,1.4970703125,1.328766107559204,1.494140625,0.33987364172935486,-0.699999988079071,-0.699999988079071
120,1783686167.217538,367267.853999,0.050011,0,,,8,-0.09019346535205841,0.18586225807666779,-0.14088904857635498,-0.21456199884414673,-0.062387678772211075,0.13712242245674133,0.42400848865509033,-0.0018020765855908394,-0.0002520375419408083,-0.001801515812985599,-0.00025193451438099146,-0.0016530955908820033,-0.003193542594090104,-4.250225174473599e-06,0.021736595779657364,-0.1840866655111313,0.010192535817623138,-0.2901684045791626,-0.5729835033416748,-0.006894649006426334,0.6588360667228699,-0.0004513757594395429,0.008922467939555645,0.011409323662519455,0.009947611019015312,0.0009402688592672348,-0.0016691571800038218,-0.00406848406419158,-0.12906387448310852,0.19097217917442322,-0.12768884003162384,-0.3052782416343689,-0.04439789429306984,0.08582919090986252,0.4323611557483673,0.0,0.0,0.0,0.0,0.0,0.0,0.0,0.05123895779252052,-0.19095422327518463,-0.006333744153380394,-0.25617146492004395,-0.6087012887001038,0.012348284013569355,0.7430607676506042,0.61669921875,1.5,1.328766107559204,1.5,0.33987364172935486,-0.699999988079071,-0.699999988079071
121,1783686167.267503,367267.903959,0.049960,0,,,9,-0.09011728316545486,0.18558788299560547,-0.14095333218574524,-0.21712182462215424,-0.06260518729686737,0.1384579837322235,0.4249332547187805,-0.0017991972854360938,-0.00025152662419714034,-0.0017989928601309657,-0.0002514794177841395,-0.001654438441619277,-0.0032049415167421103,-4.246666776452912e-06,0.021068433299660683,-0.18375487625598907,0.0066369641572237015,-0.28837326169013977,-0.5758925080299377,-0.012000476941466331,0.6624549031257629,0.0059531074948608875,0.06972722709178925,0.06903082877397537,0.07026465237140656,0.021749090403318405,-0.031937126070261,-0.03391977399587631,-0.12906387448310852,0.1900009959936142,-0.12451634556055069,-0.3004501461982727,-0.05006237328052521,0.08300629258155823,0.4351128041744232,0.0,0.0,0.0,0.0,0.0,0.0,0.0,0.03965849056839943,-0.1928606927394867,-0.014050286263227463,-0.2622876763343811,-0.6197540163993835,-0.007900139316916466,0.7323294878005981,0.636474609375,1.5,1.3235756158828735,1.494140625,0.33823326230049133,-0.699999988079071,-0.699999988079071
122,1783686167.317680,367267.954032,0.050073,0,,,10,-0.089764304459095,0.18478621542453766,-0.1415148824453354,-0.21818973124027252,-0.06252159178256989,0.13890478014945984,0.4254360496997833,-0.0018026187317445874,-0.000251970486715436,-0.0018016018439084291,-0.0002518005494493991,-0.00165640062186867,-0.0032259649597108364,-4.462171546038007e-06,0.023638039827346802,-0.1801893413066864,-0.005793674848973751,-0.28828272223472595,-0.5784847140312195,-0.023409023880958557,0.6603298783302307,-0.0024763287510722876,0.2080247402191162,0.2578207850456238,0.269880086183548,0.07054155319929123,-0.1274811178445816,-0.1286783665418625,-0.12906387448310852,0.19582810997962952,-0.12451634556055069,-0.30366888642311096,-0.04601631686091423,0.08653491735458374,0.43098530173301697,0.0,0.0,0.0,0.0,0.0,0.0,0.0,0.04351864755153656,-0.1957203894853592,-0.010192015208303928,-0.26024892926216125,-0.6252804398536682,-0.020274175330996513,0.7376951575279236,0.636474609375,1.5,1.328766107559204,1.4970703125,0.3349525034427643,-0.699999988079071,-0.699999988079071
123,1783686167.367584,367268.003995,0.049964,0,,,11,-0.08944188803434372,0.18467146158218384,-0.14146874845027924,-0.21837455034255981,-0.06250114738941193,0.1389652043581009,0.42628008127212524,-0.0017990831984207034,-0.0002513296785764396,-0.001797904260456562,-0.00025113276205956936,-0.0016576549969613552,-0.0032415203750133514,-4.5458818931365386e-06,0.023747526109218597,-0.17985723912715912,-0.014370888471603394,-0.2883455157279968,-0.58205246925354,-0.03268200904130936,0.6577250957489014,-0.0015373106580227613,0.3047667145729065,0.41028910875320435,0.4401896595954895,0.10190556943416595,-0.20184114575386047,-0.2023027092218399,-0.12614944577217102,0.19388574361801147,-0.12293010950088501,-0.2988407611846924,-0.043588683009147644,0.08300629258155823,0.43740588426589966,0.0,0.0,0.0,0.0,0.0,0.0,0.0,0.07053973525762558,-0.1957203894853592,-0.03334164246916771,-0.2724813222885132,-0.6335700154304504,-0.03152329847216606,0.7430607676506042,0.82763671875,1.5,1.1782418489456177,1.5,0.17419545352458954,-0.699999988079071,-0.699999988079071
124,1783686167.417483,367268.053977,0.049981,0,,,12,-0.08902865648269653,0.1853363960981369,-0.14136458933353424,-0.21859899163246155,-0.06235835328698158,0.13918271660804749,0.4267064332962036,-0.0017941901460289955,-0.0002504236763343215,-0.0017925535794347525,-0.0002501556009519845,-0.0016594716580584645,-0.0032618751283735037,-4.5622837205883116e-06,0.024486958980560303,-0.18023762106895447,-0.0232431348413229,-0.28955507278442383,-0.5877932906150818,-0.04642954468727112,0.6538748741149902,-0.0009796683443710208,0.42969825863838196,0.5963291525840759,0.6522486805915833,0.13622413575649261,-0.29208093881607056,-0.2915554642677307,-0.12469222396612167,0.19582810997962952,-0.11499889194965363,-0.2956220209598541,-0.046825528144836426,0.07947767525911331,0.4341956079006195,0.0,0.0,0.0,0.0,0.0,0.0,0.0,0.05123895779252052,-0.19667361676692963,-0.03719991073012352,-0.2765587866306305,-0.6280436515808105,-0.03939768671989441,0.7484263777732849,0.86279296875,1.5,1.1470988988876343,1.5,0.13810713589191437,-0.699999988079071,-0.699999988079071
125,1783686167.467540,367268.104006,0.050029,0,,,13,-0.0884433463215828,0.18545328080654144,-0.14134202897548676,-0.21867866814136505,-0.06211160123348236,0.13920433819293976,0.4273150861263275,-0.00179820426274091,-0.00025103241205215454,-0.0017963303253054619,-0.00025072399876080453,-0.0016606365097686648,-0.0032768049277365208,-4.595162408804754e-06,0.03150350973010063,-0.18024705350399017,-0.030869679525494576,-0.2956189811229706,-0.5906091928482056,-0.057541653513908386,0.6524373888969421,-0.0008588367491029203,0.5037260055541992,0.7005977034568787,0.7818115949630737,0.1445089727640152,-0.3464863896369934,-0.3453730642795563,-0.13052110373973846,0.19097217917442322,-0.11499889194965363,-0.2956220209598541,-0.04197026044130325,0.08371201902627945,0.4351128041744232,0.0,0.0,0.0,0.0,0.0,0.0,0.0,0.055099114775657654,-0.1957203894853592,-0.04105818271636963,-0.2582102119922638,-0.6556755304336548,-0.0663955882191658,0.7376951575279236,1.0078125,1.5,1.0017651319503784,1.5,0.002775925677269697,-0.699999988079071,-0.699999988079071
126,1783686167.517506,367268.153997,0.049991,0,,,14,-0.08676353096961975,0.18584364652633667,-0.13750511407852173,-0.2184220254421234,-0.06188691779971123,0.1390419453382492,0.4279959499835968,-0.0017927202861756086,-0.0002500420669093728,-0.0017907402943819761,-0.0002497137465979904,-0.0016622705152258277,-0.003296257695183158,-4.515955879469402e-06,0.03460385277867317,-0.1804194152355194,-0.039411839097738266,-0.30067822337150574,-0.5923246145248413,-0.07157623767852783,0.6552055478096008,-0.0006184952217154205,0.5949022769927979,0.7988941669464111,0.9266790747642517,0.14450791478157043,-0.40636560320854187,-0.40506744384765625,-0.13343553245067596,0.19388574361801147,-0.11975762248039246,-0.2891845107078552,-0.03873341903090477,0.08300629258155823,0.4351128041744232,0.0,0.0,0.0,0.0,0.0,0.0,0.0,0.07053973525762558,-0.1957203894853592,-0.05263299494981766,-0.2582102119922638,-0.6639651656150818,-0.08551909774541855,0.759157657623291,1.0107421875,1.5,1.006955623626709,1.5,-0.0005048307939432561,-0.699999988079071,-0.699999988079071
127,1783686167.567526,367268.203989,0.049992,0,,,15,-0.08703302592039108,0.18582117557525635,-0.13500909507274628,-0.21718907356262207,-0.061588678508996964,0.13914752006530762,0.42853742837905884,-0.001784997759386897,-0.00024873990332707763,-0.0017832224257290363,-0.0002484445576556027,-0.0016639034729450941,-0.0033063392620533705,-4.208428435958922e-06,0.03586406260728836,-0.18049898743629456,-0.04468129575252533,-0.30150699615478516,-0.5954086780548096,-0.08627976477146149,0.6573256850242615,-0.000707488099578768,0.6542957425117493,0.8407320380210876,1.010863184928894,0.1343262940645218,-0.419238418340683,-0.42923814058303833,-0.12906387448310852,0.19291454553604126,-0.11817137897014618,-0.29723137617111206,-0.03873341903090477,0.0851234644651413,0.4314439296722412,0.0,0.0,0.0,0.0,0.0,0.0,0.0,0.06667958199977875,-0.1957203894853592,-0.0680660828948021,-0.2806362509727478,-0.6612019538879395,-0.1046426072716713,0.7672061324119568,0.9990234375,1.494140625,1.0017651319503784,1.4970703125,-0.0005048307939432561,-0.699999988079071,-0.699999988079071
128,1783686167.695208,367268.331681,0.127692,1,16,0.077675,0,-0.0891478881239891,0.1857917308807373,-0.13467316329479218,-0.21404653787612915,-0.0609423853456974,0.13933835923671722,0.4289213716983795,-0.0017795502208173275,-0.0002477692032698542,-0.001777981175109744,-0.00024751023738645017,-0.001666055410169065,-0.0033177505247294903,-3.835079041891731e-06,0.041273824870586395,-0.18030668795108795,-0.05223289132118225,-0.3023627698421478,-0.6009691953659058,-0.10966601222753525,0.6608396172523499,-0.0007953873719088733,0.7141903042793274,0.8691235780715942,1.1028683185577393,0.11324086040258408,-0.42032134532928467,-0.4461245536804199,-0.11012003570795059,0.19582810997962952,-0.10706767439842224,-0.32620009779930115,-0.030641306191682816,0.09994366765022278,0.4305267035961151,0.0,0.0,0.0,0.0,0.0,0.0,0.0,0.12072174996137619,-0.1985800862312317,-0.04105818271636963,-0.3214108645915985,-0.6694915294647217,-0.08551909774541855,0.7108669877052307,1.00048828125,1.5,0.9965745806694031,1.5,0.003596114693209529,-0.699999988079071,-0.699999988079071
129,1783686167.695463,367268.331982,0.000301,0,,,1,-0.0894903764128685,0.1857633739709854,-0.13463076949119568,-0.21401533484458923,-0.060430921614170074,0.13941866159439087,0.4289887845516205,-0.0017791989957913756,-0.0002476631780155003,-0.001777644269168377,-0.00024740496883168817,-0.0016671753255650401,-0.0033242530189454556,-3.5966468203696422e-06,0.04448973387479782,-0.18014004826545715,-0.05830583721399307,-0.30540987849235535,-0.6040608286857605,-0.12359949201345444,0.6678558588027954,-0.0007472003344446421,0.746403694152832,0.8801276683807373,1.1555876731872559,0.10028538852930069,-0.42055416107177734,-0.4549390375614166,-0.11012003570795059,0.19388574361801147,-0.10548143088817596,-0.3245907127857208,-0.029022883623838425,0.09994366765022278,0.4369472563266754,0.0,0.0,0.0,0.0,0.0,0.0,0.0,0.12458191066980362,-0.19762684404850006,-0.0719243511557579,-0.31529465317726135,-0.6777811050415039,-0.12264120578765869,0.7484263777732849,1.001953125,1.4970703125,1.004360318183899,1.5,0.004416303709149361,-0.699999988079071,-0.699999988079071
130,1783686167.717748,367268.354129,0.022147,0,,,2,-0.08949332684278488,0.1857057809829712,-0.1345464289188385,-0.2141089290380478,-0.05979755520820618,0.13962137699127197,0.4290161728858948,-0.0017779221525415778,-0.0002473857603035867,-0.0017763797659426928,-0.00024712851154617965,-0.0016689543845131993,-0.0033349439036101103,-3.5167538499081274e-06,0.046773217618465424,-0.18007147312164307,-0.06445467472076416,-0.3097832202911377,-0.6062712669372559,-0.1363902986049652,0.6759986877441406,-0.0006605431553907692,0.7877917289733887,0.8892372846603394,1.2126967906951904,0.08587255328893661,-0.42088472843170166,-0.4647396504878998,-0.11012003570795059,0.19388574361801147,-0.11182640492916107,-0.3229813575744629,-0.030641306191682816,0.09712076932191849,0.429609477519989,0.0,0.0,0.0,0.0,0.0,0.0,0.0,0.13230222463607788,-0.19381392002105713,-0.09121570736169815,-0.3254883289337158,-0.6943602561950684,-0.16313804686069489,0.7752545475959778,0.99609375,1.5,1.004360318183899,1.5,-0.0005048307939432561,-0.699999988079071,-0.6986327767372131
131,1783686167.767545,367268.404020,0.049891,0,,,3,-0.0869426503777504,0.1852378100156784,-0.13470220565795898,-0.21812433004379272,-0.05927508324384689,0.14206185936927795,0.4288289248943329,-0.0017926449654623866,-0.00024975280393846333,-0.0017912210896611214,-0.0002495129592716694,-0.0016704504378139973,-0.003338020760565996,-3.2773982638900634e-06,0.05608753859996796,-0.18000072240829468,-0.06622705608606339,-0.31799471378326416,-0.610173761844635,-0.14313364028930664,0.6745157241821289,-0.0007634938810952008,0.8079647421836853,0.8929622769355774,1.2416882514953613,0.07915755361318588,-0.42221662402153015,-0.470974326133728,-0.11012003570795059,0.1948569267988205,-0.1102401614189148,-0.32137197256088257,-0.029022883623838425,0.100649394094944,0.43006810545921326,0.0,0.0,0.0,0.0,0.0,0.0,0.0,0.14002253115177155,-0.19095422327518463,-0.14137323200702667,-0.33364322781562805,-0.691597044467926,-0.22163349390029907,0.8101311922073364,0.99755859375,1.5,1.0095508098602295,1.5,0.00031535830930806696,-0.699999988079071,-0.699999988079071
132,1783686167.817560,367268.454030,0.050010,0,,,4,-0.07686952501535416,0.1851886808872223,-0.13265137374401093,-0.23204907774925232,-0.057117946445941925,0.14544503390789032,0.42883992195129395,-0.0018036358524113894,-0.0002514254010748118,-0.0018015038222074509,-0.000251081888563931,-0.0016721152933314443,-0.003355637891218066,-3.7796623928443296e-06,0.08766733109951019,-0.17668360471725464,-0.07713302969932556,-0.34072479605674744,-0.6223169565200806,-0.17059902846813202,0.6743065714836121,-0.0009658982162363827,0.8121048212051392,0.8976041078567505,1.281330943107605,0.07145243883132935,-0.4300307035446167,-0.48332488536834717,-0.11157725006341934,0.19582810997962952,-0.11341264843940735,-0.31976261734962463,-0.029022883623838425,0.09994366765022278,0.429609477519989,0.0,0.0,0.0,0.0,0.0,0.0,0.0,0.15160299837589264,-0.1900009959936142,-0.15680630505084991,-0.3173334002494812,-0.6998866200447083,-0.26662999391555786,0.8074483871459961,1.0078125,1.4970703125,1.006955623626709,1.5,-0.0005048307939432561,-0.699999988079071,-0.699999988079071
133,1783686167.867528,367268.503993,0.049963,0,,,5,-0.07486649602651596,0.18527962267398834,-0.13156990706920624,-0.2349550724029541,-0.05584941431879997,0.14673568308353424,0.42881014943122864,-0.0018014127854257822,-0.00025098558398894966,-0.0017986035672947764,-0.00025053208810277283,-0.0016728733899071813,-0.00336669129319489,-3.931721948902123e-06,0.10093443840742111,-0.1733570247888565,-0.0946701318025589,-0.34778037667274475,-0.6261571645736694,-0.19991014897823334,0.6873699426651001,-0.0008981163264252245,0.8124066591262817,0.9000892639160156,1.2996495962142944,0.06655678153038025,-0.4346195161342621,-0.4894735515117645,-0.11012003570795059,0.19194336235523224,-0.11261952668428421,-0.3229813575744629,-0.030641306191682816,0.10135511308908463,0.4332783818244934,0.0,0.0,0.0,0.0,0.0,0.0,0.0,0.15546314418315887,-0.1900009959936142,-0.1915307492017746,-0.3214108645915985,-0.6998866200447083,-0.31837597489356995,0.8557390570640564,1.0078125,1.5,1.004360318183899,1.5,0.00031535830930806696,-0.699999988079071,-0.699999988079071
134,1783686167.917477,367268.553949,0.049956,0,,,6,-0.07375968992710114,0.18580661714076996,-0.130592942237854,-0.23553211987018585,-0.05449424311518669,0.14942148327827454,0.42882099747657776,-0.0017926914151757956,-0.000249457370955497,-0.0017903271364048123,-0.0002490696497261524,-0.0016747890040278435,-0.00337960640899837,-3.7120410070201615e-06,0.11628687381744385,-0.17068834602832794,-0.12270969152450562,-0.3495052754878998,-0.6298272013664246,-0.2536439001560211,0.7050617933273315,-0.0008420410449616611,0.8132832646369934,0.9040219783782959,1.3246076107025146,0.058263540267944336,-0.43850404024124146,-0.4966030716896057,-0.11303447186946869,0.19291454553604126,-0.1165851354598999,-0.3101063668727875,-0.025786040350794792,0.09853222221136093,0.4314439296722412,0.0,0.0,0.0,0.0,0.0,0.0,0.0,0.1593233048915863,-0.1900009959936142,-0.21853864192962646,-0.3214108645915985,-0.7054130434989929,-0.3661847412586212,0.8825672268867493,1.0048828125,1.5,1.006955623626709,1.5,0.001545641920529306,-0.699999988079071,-0.699999988079071
135,1783686167.967528,367268.603995,0.050047,0,,,7,-0.07356875389814377,0.18572764098644257,-0.13051480054855347,-0.2356901466846466,-0.05394976958632469,0.15077702701091766,0.4288695156574249,-0.001793012721464038,-0.00024945501354523003,-0.0017910655587911606,-0.00024913300876505673,-0.001676008803769946,-0.003386090276762843,-3.600062655095826e-06,0.12204053997993469,-0.1695558726787567,-0.14213983714580536,-0.3494986593723297,-0.631420373916626,-0.28769651055336,0.7225354313850403,-0.0008329674601554871,0.8137803673744202,0.9055989384651184,1.336076021194458,0.05461254343390465,-0.4413768947124481,-0.5004573464393616,-0.11594890803098679,0.19582810997962952,-0.11420577019453049,-0.3181532323360443,-0.025786040350794792,0.09853222221136093,0.4341956079006195,0.0,0.0,0.0,0.0,0.0,0.0,0.0,0.17476393282413483,-0.1900009959936142,-0.25326308608055115,-0.3275270462036133,-0.6860706806182861,-0.4072440564632416,0.9093953967094421,1.00341796875,1.5,0.9991698265075684,1.5,-0.002555303508415818,-0.699999988079071,-0.699999988079071
136,1783686168.017637,367268.654020,0.050025,0,,,8,-0.07376101613044739,0.18563590943813324,-0.13058120012283325,-0.23509052395820618,-0.05265788733959198,0.1515301764011383,0.42892786860466003,-0.0017931348411366343,-0.0002493850188329816,-0.0017917330842465162,-0.00024914907407946885,-0.0016777835553511977,-0.0033957543782889843,-3.4678587326197885e-06,0.132303848862648,-0.1699099838733673,-0.1749555617570877,-0.3471277058124542,-0.6375672817230225,-0.3373996317386627,0.7628312706947327,0.007340798620134592,0.8322722911834717,0.9071463346481323,1.350538969039917,0.05133605748414993,-0.45291244983673096,-0.5095632672309875,-0.11303447186946869,0.19291454553604126,-0.12134386599063873,-0.31976261734962463,-0.0241676177829504,0.09853222221136093,0.43006810545921326,0.0,0.0,0.0,0.0,0.0,0.0,0.0,0.17862407863140106,-0.1900009959936142,-0.28798753023147583,-0.3316045105457306,-0.6943602561950684,-0.4398665130138397,0.9308578968048096,1.0048828125,1.5,1.0095508098602295,1.5,-0.0037855871487408876,-0.699999988079071,-0.699999988079071
137,1783686168.067533,367268.704016,0.049996,0,,,9,-0.0746193677186966,0.18595106899738312,-0.13051538169384003,-0.23511847853660583,-0.051588770002126694,0.15172001719474792,0.42906203866004944,-0.0017918376252055168,-0.0002491119084879756,-0.00178925518412143,-0.00024869153276085854,-0.001678631640970707,-0.003401836846023798,-3.3440326205891324e-06,0.14553052186965942,-0.16893331706523895,-0.20022699236869812,-0.3328077793121338,-0.6419990062713623,-0.36450865864753723,0.7884708046913147,0.03643158823251724,0.8738893270492554,0.9133360981941223,1.3614370822906494,0.050887756049633026,-0.47099560499191284,-0.5212585926055908,-0.11157725006341934,0.19388574361801147,-0.12610259652137756,-0.31976261734962463,-0.025786040350794792,0.09853222221136093,0.4341956079006195,0.0,0.0,0.0,0.0,0.0,0.0,0.0,0.20564517378807068,-0.1900009959936142,-0.3111371397972107,-0.3254883289337158,-0.6750178933143616,-0.4736138880252838,0.9630517363548279,1.0107421875,1.5,1.0095508098602295,1.5,-0.005425965413451195,-0.699999988079071,-0.699999988079071
138,1783686168.117534,367268.754024,0.050008,0,,,10,-0.07465869933366776,0.18587304651737213,-0.13266874849796295,-0.2350919395685196,-0.050589606165885925,0.15245357155799866,0.4289686977863312,-0.0017982195131480694,-0.00025005399947986007,-0.0017964579164981842,-0.0002497649402357638,-0.0016808985965326428,-0.003410036675632,-3.2602972623863025e-06,0.15035688877105713,-0.16641291975975037,-0.23374296724796295,-0.3373606503009796,-0.6399005651473999,-0.40615221858024597,0.8146317005157471,0.031721848994493484,0.9149144291877747,0.9343112707138062,1.3828142881393433,0.05034033581614494,-0.49557390809059143,-0.5371428728103638,-0.11594890803098679,0.1900009959936142,-0.13244757056236267,-0.31976261734962463,-0.02254919521510601,0.09994366765022278,0.4314439296722412,0.0,0.0,0.0,0.0,0.0,0.0,0.0,0.20178501307964325,-0.1900009959936142,-0.33814504742622375,-0.3275270462036133,-0.6805443167686462,-0.5118609070777893,0.9952455163002014,0.990234375,1.5,1.0173366069793701,1.5,0.001545641920529306,-0.699999988079071,-0.699999988079071
139,1783686168.167627,367268.804029,0.050005,0,,,11,-0.07451064884662628,0.18581132590770721,-0.1355605125427246,-0.2352319061756134,-0.04992305114865303,0.15264104306697845,0.4289897382259369,-0.0018034166423603892,-0.0002508302859496325,-0.0018021558644250035,-0.0002506195451132953,-0.0016821789322420955,-0.0034190546721220016,-3.4512556794652482e-06,0.1593819409608841,-0.16588927805423737,-0.2560310363769531,-0.33923348784446716,-0.6343187093734741,-0.4345107674598694,0.8336758017539978,0.020491948351264,0.9414492249488831,0.9390062689781189,1.3939323425292969,0.0424000509083271,-0.4978232681751251,-0.5390201210975647,-0.11303447186946869,0.19291454553604126,-0.12848195433616638,-0.3229813575744629,-0.0241676177829504,0.09853222221136093,0.43740588426589966,0.0,0.0,0.0,0.0,0.0,0.0,0.0,0.20178501307964325,-0.1900009959936142,-0.33042851090431213,-0.3214108645915985,-0.6584387421607971,-0.4983619451522827,0.9952455163002014,0.81884765625,1.5,1.173051357269287,1.4970703125,0.172555074095726,-0.699999988079071,-0.699999988079071
140,1783686168.217532,367268.853983,0.049954,0,,,12,-0.07458637654781342,0.18555064499378204,-0.13789959251880646,-0.23544734716415405,-0.048754945397377014,0.1529134213924408,0.4291575253009796,-0.0017978207906708121,-0.0002498267567716539,-0.0017966885352507234,-0.00024963598116301,-0.0016838118899613619,-0.003429083852097392,-3.393207634871942e-06,0.1678420901298523,-0.16534310579299927,-0.2843300700187683,-0.3404160439968109,-0.6266549825668335,-0.47222450375556946,0.863578200340271,0.008090916089713573,0.9792963862419128,0.9417095184326172,1.4088704586029053,0.03612762689590454,-0.4998708665370941,-0.5405578017234802,-0.11303447186946869,0.1948569267988205,-0.12610259652137756,-0.32620009779930115,-0.025786040350794792,0.10276656597852707,0.4406161606311798,0.0,0.0,0.0,0.0,0.0,0.0,0.0,0.19020454585552216,-0.1900009959936142,-0.33428677916526794,-0.3254883289337158,-0.6418595910072327,-0.5073612332344055,1.0113424062728882,0.64892578125,1.5,1.3028136491775513,1.494140625,0.30706608295440674,-0.699999988079071,-0.699999988079071
141,1783686168.267534,367268.903984,0.050000,0,,,13,-0.07458844780921936,0.1854945570230484,-0.1388271600008011,-0.23573192954063416,-0.04810354858636856,0.15310993790626526,0.42942970991134644,-0.001798432320356369,-0.00024986627977341413,-0.0017973497742787004,-0.00024968385696411133,-0.0016850621905177832,-0.003436989150941372,-3.449254336373997e-06,0.169983372092247,-0.16543522477149963,-0.2970466911792755,-0.3401333689689636,-0.620796799659729,-0.48626673221588135,0.8799697756767273,0.0010174601338803768,1.0050337314605713,0.953483521938324,1.4171159267425537,0.03728143125772476,-0.4998862147331238,-0.5408974289894104,-0.10866281390190125,0.19582810997962952,-0.13165444135665894,-0.32620009779930115,-0.027404461055994034,0.10558945685625076,0.4360300302505493,0.0,0.0,0.0,0.0,0.0,0.0,0.0,0.19406470656394958,-0.1900009959936142,-0.3458615839481354,-0.33364322781562805,-0.6280436515808105,-0.5186103582382202,1.0328049659729004,0.64453125,1.5,1.328766107559204,1.5,0.3251102566719055,-0.699999988079071,-0.699999988079071
142,1783686168.317507,367268.953989,0.050005,0,,,14,-0.07452701032161713,0.18566207587718964,-0.1390153020620346,-0.23721711337566376,-0.047418974339962006,0.15408343076705933,0.43061357736587524,-0.001798992045223713,-0.0002498872927390039,-0.0017978674732148647,-0.0002496998058632016,-0.0016868454404175282,-0.0034458087757229805,-3.354459977344959e-06,0.17002321779727936,-0.16577741503715515,-0.30826902389526367,-0.3387583792209625,-0.6119336485862732,-0.4974384307861328,0.9026539921760559,-0.0009312969632446766,1.039065957069397,0.9848991632461548,1.4201033115386963,0.04880155622959137,-0.4977388381958008,-0.5410441756248474,-0.11303447186946869,0.19777047634124756,-0.12927508354187012,-0.3245907127857208,-0.029022883623838425,0.10417801141738892,0.43373697996139526,0.0,0.0,0.0,0.0,0.0,0.0,0.0,0.21722564101219177,-0.1900009959936142,-0.37672775983810425,-0.3540305495262146,-0.6363332271575928,-0.5478581190109253,1.0703643560409546,0.62109375,1.5,1.3235756158828735,1.4912109375,0.3300313949584961,-0.699999988079071,-0.699999988079071
143,1783686168.367527,367269.003990,0.050001,0,,,15,-0.07413823157548904,0.1861446648836136,-0.13999779522418976,-0.23856398463249207,-0.04705425724387169,0.1550249606370926,0.43081390857696533,-0.0017999561969190836,-0.00024998083245009184,-0.0017985771410167217,-0.0002497532987035811,-0.0016878957394510508,-0.003450480755418539,-3.2143952921614982e-06,0.17040930688381195,-0.16640356183052063,-0.3181905150413513,-0.33926627039909363,-0.6062269806861877,-0.5078980922698975,0.9199498891830444,-0.0006783948629163206,1.0607517957687378,1.0171853303909302,1.4204201698303223,0.06240155175328255,-0.4952103793621063,-0.5411118865013123,-0.1042911559343338,0.19777047634124756,-0.13562005758285522,-0.3310282230377197,-0.029022883623838425,0.10417801141738892,0.4369472563266754,0.0,0.0,0.0,0.0,0.0,0.0,0.0,0.221085786819458,-0.1900009959936142,-0.3612946569919586,-0.3499530851840973,-0.6501491665840149,-0.528734564781189,1.0918269157409668,0.633544921875,1.5,1.3235756158828735,1.5,0.323469877243042,-0.699999988079071,-0.699999988079071
144,1783686168.499897,367269.136334,0.132344,1,16,0.082109,0,-0.07378710806369781,0.18706770241260529,-0.14205998182296753,-0.23924683034420013,-0.04674723371863365,0.1557314097881317,0.4307933747768402,-0.001809716341085732,-0.00025147947599180043,-0.0018079951405525208,-0.0002511994680389762,-0.0016893857391551137,-0.0034618815407156944,-3.4419595067447517e-06,0.17870502173900604,-0.16665062308311462,-0.33165332674980164,-0.35090622305870056,-0.6020946502685547,-0.5298784375190735,0.9470171928405762,-0.0007077380432747304,1.068090796470642,1.0614570379257202,1.4208120107650757,0.08547846227884293,-0.4903133511543274,-0.5412341952323914,-0.11157725006341934,0.1948569267988205,-0.12530946731567383,-0.3229813575744629,-0.0015097063733264804,0.10558945685625076,0.43281975388526917,0.0,0.0,0.0,0.0,0.0,0.0,0.0,0.24038657546043396,-0.1900009959936142,-0.38444429636001587,-0.4049988090991974,-0.616990864276886,-0.6333514451980591,1.113289475440979,0.99462890625,1.4970703125,0.9991698265075684,1.4912109375,0.0068768709897994995,-0.697265625,-0.699999988079071
145,1783686168.500138,367269.136679,0.000345,0,,,1,-0.07164059579372406,0.1881464421749115,-0.14238353073596954,-0.2411191165447235,-0.046554092317819595,0.15600815415382385,0.43095943331718445,-0.0018073293613269925,-0.00025105298846028745,-0.001805928535759449,-0.0002508215548004955,-0.0016903748037293553,-0.003465492045506835,-3.24463189826929e-06,0.18312452733516693,-0.16719746589660645,-0.3348698019981384,-0.3585188388824463,-0.6015732288360596,-0.5378283858299255,0.9622488021850586,-0.0007103894604369998,1.06987464427948,1.0861971378326416,1.4210715293884277,0.1007893979549408,-0.4885658621788025,-0.5413277745246887,-0.11303447186946869,0.19388574361801147,-0.13562005758285522,-0.32620009779930115,-0.0015097063733264804,0.10417801141738892,0.42639920115470886,0.0,0.0,0.0,0.0,0.0,0.0,0.0,0.26354750990867615,-0.1900009959936142,-0.3921608328819275,-0.41111502051353455,-0.5755429267883301,-0.6828475594520569,1.1991395950317383,0.9931640625,1.5,1.0121461153030396,1.5,0.010157627984881401,-0.699999988079071,-0.699999988079071
146,1783686168.517616,367269.154098,0.017419,0,,,2,-0.0687321126461029,0.18861444294452667,-0.14412392675876617,-0.24324624240398407,-0.04628367722034454,0.15637239813804626,0.4312382936477661,-0.001805683015845716,-0.0002507181197870523,-0.0018046839395537972,-0.00025054701836779714,-0.0016919649206101894,-0.0034753039944916964,-3.351399527673493e-06,0.18599346280097961,-0.16804666817188263,-0.3379916846752167,-0.363419771194458,-0.6014295220375061,-0.5426056385040283,0.9785276055335999,-0.000694722926709801,1.0744543075561523,1.1185221672058105,1.421491026878357,0.12029864639043808,-0.48461854457855225,-0.5414818525314331,-0.11012003570795059,0.19097217917442322,-0.13562005758285522,-0.3278094530105591,0.00658240495249629,0.10558945685625076,0.4314439296722412,0.0,0.0,0.0,0.0,0.0,0.0,0.0,0.25196704268455505,-0.1900009959936142,-0.3921608328819275,-0.41519248485565186,-0.5437662601470947,-0.6895970702171326,1.2420645952224731,0.9990234375,1.5,1.006955623626709,1.494140625,0.019999897107481956,-0.699999988079071,-0.699999988079071
147,1783686168.567606,367269.204085,0.049987,0,,,3,-0.06882194429636002,0.18858341872692108,-0.14701536297798157,-0.24352756142616272,-0.04418577998876572,0.15704698860645294,0.4310055077075958,-0.0018135309219360352,-0.0002519190311431885,-0.0018107674550265074,-0.00025148128042928874,-0.0016930324491113424,-0.003485427238047123,-3.6214059946360067e-06,0.19443969428539276,-0.1681075096130371,-0.34882575273513794,-0.37322384119033813,-0.5967852473258972,-0.5636921525001526,0.9980424642562866,-0.0007502344087697566,1.0763784646987915,1.1299538612365723,1.421794056892395,0.12474967539310455,-0.48222875595092773,-0.5415226221084595,-0.11157725006341934,0.19388574361801147,-0.14196501672267914,-0.3245907127857208,-0.0015097063733264804,0.1070009097456932,0.4314439296722412,0.0,0.0,0.0,0.0,0.0,0.0,0.0,0.26354750990867615,-0.1900009959936142,-0.3921608328819275,-0.413153737783432,-0.5230422616004944,-0.6940966844558716,1.2635271549224854,0.9638671875,1.5,1.051074743270874,1.5,0.051167082041502,-0.699999988079071,-0.699999988079071
148,1783686168.617563,367269.254035,0.049951,0,,,4,-0.06894796341657639,0.18833647668361664,-0.14714393019676208,-0.2436586320400238,-0.03405175358057022,0.1575498729944229,0.4305840730667114,-0.0018013096414506435,-0.00024983714683912694,-0.0017979805124923587,-0.00024931476218625903,-0.0016947335097938776,-0.0035035153850913048,-3.8636280805803835e-06,0.21607981622219086,-0.1704925149679184,-0.3705076277256012,-0.40047547221183777,-0.5687040686607361,-0.6218085885047913,1.0612648725509644,-0.0006204223609529436,1.0776009559631348,1.1282161474227905,1.4222321510314941,0.11995483934879303,-0.4806104898452759,-0.5416545271873474,-0.11012003570795059,0.1900009959936142,-0.14830999076366425,-0.3310282230377197,0.00010871586709981784,0.1070009097456932,0.43832311034202576,0.0,0.0,0.0,0.0,0.0,0.0,0.0,0.26354750990867615,-0.1900009959936142,-0.3921608328819275,-0.4315023124217987,-0.4650152325630188,-0.7278440594673157,1.3010865449905396,0.9755859375,1.5,1.0458842515945435,1.494140625,0.03722386807203293,-0.699999988079071,-0.699999988079071
149,1783686168.667524,367269.304023,0.049988,0,,,5,-0.06938476115465164,0.1882552057504654,-0.14766985177993774,-0.24364392459392548,-0.03113730624318123,0.15806327760219574,0.43060532212257385,-0.0017940695397555828,-0.0002485949080437422,-0.0017920109676197171,-0.0002482645504642278,-0.0016959268832579255,-0.0035087678115814924,-3.6168551105220104e-06,0.22408175468444824,-0.1710129678249359,-0.37573525309562683,-0.4080560803413391,-0.5489354729652405,-0.6457914113998413,1.0935630798339844,-0.0005883592530153692,1.0793542861938477,1.1276895999908447,1.422487735748291,0.1184774860739708,-0.4808223843574524,-0.5419155359268188,-0.11449169367551804,0.1900009959936142,-0.15624120831489563,-0.3310282230377197,-0.004746550694108009,0.11405814439058304,0.4433678388595581,0.0,0.0,0.0,0.0,0.0,0.0,0.0,0.26354750990867615,-0.1900009959936142,-0.3921608328819275,-0.4539283514022827,-0.4691600203514099,-0.6783479452133179,1.2742583751678467,0.6668701171875,1.5,1.2898374795913696,1.4970703125,0.30214494466781616,-0.699999988079071,-0.699999988079071
150,1783686168.717633,367269.354110,0.050087,0,,,6,-0.06995192915201187,0.1872374266386032,-0.1525222808122635,-0.24393773078918457,-0.02835768461227417,0.15906047821044922,0.4315023124217987,-0.0017858545761555433,-0.00024718287750147283,-0.0017843312816694379,-0.000246930867433548,-0.001697696396149695,-0.00351658440195024,-3.3464718853792874e-06,0.23167367279529572,-0.17183028161525726,-0.3869186341762543,-0.41821756958961487,-0.5119293332099915,-0.6745167970657349,1.1406660079956055,-0.0005922490963712335,1.0799328088760376,1.127434492111206,1.4229114055633545,0.11762519180774689,-0.4824482798576355,-0.5429378747940063,-0.11303447186946869,0.1900009959936142,-0.16099993884563446,-0.3455125689506531,-0.006364972796291113,0.11758676916360855,0.4479539394378662,0.0,0.0,0.0,0.0,0.0,0.0,0.0,0.26354750990867615,-0.1900009959936142,-0.3921608328819275,-0.49266424775123596,-0.44014647603034973,-0.6558496952056885,1.2742583751678467,0.6357421875,1.5,1.3131946325302124,1.48828125,0.3316717743873596,-0.699999988079071,-0.6986327767372131
151,1783686168.767666,367269.404113,0.050003,0,,,7,-0.0713774710893631,0.18657813966274261,-0.1576736867427826,-0.2444036900997162,-0.027782639488577843,0.16109192371368408,0.43293944001197815,-0.0017822999507188797,-0.00024654061417095363,-0.0017806206597015262,-0.00024626258527860045,-0.0016987260896712542,-0.00352158909663558,-3.2784043924038997e-06,0.23645687103271484,-0.1721322387456894,-0.38760268688201904,-0.42738962173461914,-0.4977889955043793,-0.6775282025337219,1.1604398488998413,-0.000501843576785177,1.0815671682357788,1.1288323402404785,1.4231570959091187,0.12688864767551422,-0.48190614581108093,-0.5429986119270325,-0.11594890803098679,0.1900009959936142,-0.16099993884563446,-0.3358563184738159,-0.0031281285919249058,0.11688104271888733,0.4433678388595581,0.0,0.0,0.0,0.0,0.0,0.0,0.0,0.26354750990867615,-0.1900009959936142,-0.3921608328819275,-0.5110127925872803,-0.44429126381874084,-0.6018539071083069,1.2635271549224854,0.621826171875,1.5,1.3235756158828735,1.5,0.3365928828716278,-0.699999988079071,-0.699999988079071
152,1783686168.817648,367269.454136,0.050023,0,,,8,-0.07243673503398895,0.1856100857257843,-0.16655735671520233,-0.2507420778274536,-0.027198879048228264,0.1651616245508194,0.43520405888557434,-0.001786011504009366,-0.0002470170147716999,-0.0017845866968855262,-0.00024678485351614654,-0.001700549153611064,-0.003527925116941333,-3.1794227197678993e-06,0.24439933896064758,-0.17226402461528778,-0.38546791672706604,-0.44976532459259033,-0.4791189730167389,-0.6705588102340698,1.1870795488357544,-0.00035782792838290334,1.088598370552063,1.139156699180603,1.4235159158706665,0.15535977482795715,-0.4794282019138336,-0.5429746508598328,-0.11740612983703613,0.1900009959936142,-0.1657586693763733,-0.3422938287258148,-0.006364972796291113,0.11970394104719162,0.4525400698184967,0.0,0.0,0.0,0.0,0.0,0.0,0.0,0.26354750990867615,-0.1900009959936142,-0.3921608328819275,-0.5171290040016174,-0.4125145375728607,-0.5793556571006775,1.2635271549224854,0.629150390625,1.5,1.328766107559204,1.494140625,0.3300313949584961,-0.699999988079071,-0.699999988079071
153,1783686168.867647,367269.504123,0.049986,0,,,9,-0.07448156923055649,0.18498405814170837,-0.17117895185947418,-0.25209519267082214,-0.026695579290390015,0.16624784469604492,0.435509592294693,-0.0017955903895199299,-0.0002484546566847712,-0.0017935222713276744,-0.00024812211631797254,-0.0017014015465974808,-0.0035379715263843536,-3.470269120953162e-06,0.24854476749897003,-0.17233332991600037,-0.3814461827278137,-0.46519994735717773,-0.4698633551597595,-0.654739499092102,1.200668215751648,-0.0002132937079295516,1.0960407257080078,1.1499439477920532,1.4237949848175049,0.17608751356601715,-0.4759008586406708,-0.5429196953773499,-0.11594890803098679,0.19097217917442322,-0.17368988692760468,-0.347121924161911,-0.0015097063733264804,0.11758676916360855,0.45024698972702026,0.0,0.0,0.0,0.0,0.0,0.0,0.0,0.26354750990867615,-0.1900009959936142,-0.3921608328819275,-0.5130515694618225,-0.46777841448783875,-0.5816054940223694,1.2098708152770996,0.0,0.0087890625,0.0,0.0,-9.47362495935522e-05,0.0,-0.0013671874767169356
154,1783686168.917616,367269.554028,0.049906,0,,,10,-0.07701585441827774,0.184670552611351,-0.17665405571460724,-0.2537819743156433,-0.02612461894750595,0.1688452810049057,0.43789204955101013,-0.0018122757319360971,-0.00025104533415287733,-0.001810530317015946,-0.00025076468591578305,-0.0017030710587278008,-0.003545517800375819,-3.2515713428438175e-06,0.25176945328712463,-0.17246486246585846,-0.3767513930797577,-0.47801464796066284,-0.45534658432006836,-0.6288624405860901,1.2122929096221924,-1.7212134480359964e-05,1.10079026222229,1.1584551334381104,1.4171669483184814,0.19842447340488434,-0.4688071608543396,-0.5416502356529236,-0.11740612983703613,0.1900009959936142,-0.17368988692760468,-0.33907508850097656,0.00010871586709981784,0.11335242539644241,0.4470367133617401,0.0,0.0,0.0,0.0,0.0,0.0,0.0,0.26354750990867615,-0.1900009959936142,-0.3921608328819275,-0.529361367225647,-0.49955514073371887,-0.5703563690185547,1.2098708152770996,0.0,0.0,0.0,0.0,-0.004605776164680719,0.0,0.0
155,1783686168.967670,367269.604122,0.050094,0,,,11,-0.07731112837791443,0.1846170276403427,-0.18028093874454498,-0.2560250759124756,-0.02567056193947792,0.16950258612632751,0.43892499804496765,-0.001817261683754623,-0.0002517506363801658,-0.0018159241881221533,-0.00025153617025353014,-0.0017040410311892629,-0.003547308500856161,-3.0088228868407896e-06,0.252911776304245,-0.17252349853515625,-0.3748464584350586,-0.4805144667625427,-0.45519688725471497,-0.6185258626937866,1.2085227966308594,-0.0002585956535767764,1.0610809326171875,1.1150964498519897,1.3609164953231812,0.19178685545921326,-0.4546641707420349,-0.5238626599311829,-0.12032056599855423,0.1900009959936142,-0.1784486174583435,-0.34873130917549133,-0.006364972796291113,0.11617531627416611,0.45116421580314636,0.0,0.0,0.0,0.0,0.0,0.0,0.0,0.2558271884918213,-0.1900009959936142,-0.3921608328819275,-0.5334388613700867,-0.4843575656414032,-0.5501078963279724,1.1669458150863647,0.005859375,0.005859375,0.0,0.0,-0.002145209116861224,0.0,-0.004101562313735485
156,1783686169.017518,367269.653976,0.049854,0,,,12,-0.07780513167381287,0.18453234434127808,-0.18401598930358887,-0.25696444511413574,-0.02479901909828186,0.1696912944316864,0.43955448269844055,-0.0018270594300702214,-0.00025319462292827666,-0.001826571300625801,-0.00025311022181995213,-0.001705614267848432,-0.003559697885066271,-3.370617605469306e-06,0.25323015451431274,-0.1727551817893982,-0.3783663809299469,-0.49772047996520996,-0.45831480622291565,-0.5952991247177124,1.1982671022415161,-0.0003608659317251295,0.8930615186691284,0.9776167273521423,1.1812022924423218,0.16443192958831787,-0.392901211977005,-0.4485138952732086,-0.11594890803098679,0.19097217917442322,-0.17051739990711212,-0.35034069418907166,-0.0015097063733264804,0.11546959728002548,0.44841256737709045,0.0,0.0,0.0,0.0,0.0,0.0,0.0,0.25196704268455505,-0.1900009959936142,-0.3921608328819275,-0.5497487187385559,-0.50093674659729,-0.5062363147735596,1.1562144756317139,0.0,0.0,0.0,0.0,-0.0037855871487408876,0.0,-0.0027343749534338713
157,1783686169.067533,367269.703992,0.050017,0,,,13,-0.07844746112823486,0.18454676866531372,-0.1847618967294693,-0.2575846314430237,-0.024538761004805565,0.17001479864120483,0.44059690833091736,-0.0018258431227877736,-0.00025293222279287875,-0.0018267891136929393,-0.00025307387113571167,-0.0017069337191060185,-0.003562847850844264,-3.172280685248552e-06,0.2525325119495392,-0.17466911673545837,-0.3836142122745514,-0.5089564919471741,-0.45632708072662354,-0.5798216462135315,1.1890208721160889,-0.0003129649849142879,0.7816863656044006,0.922656774520874,1.0917117595672607,0.14984948933124542,-0.3533296585083008,-0.400714635848999,-0.11157725006341934,0.19388574361801147,-0.17686237394809723,-0.3519500494003296,-0.0031281285919249058,0.11476387083530426,0.44726601243019104,0.0,0.0,0.0,0.0,0.0,0.0,0.0,0.24038657546043396,-0.1900009959936142,-0.3921608328819275,-0.525283932685852,-0.4981735348701477,-0.48598790168762207,1.1508488655090332,0.0,0.0,0.0,0.0,0.002775925677269697,-0.0027343749534338713,0.0
158,1783686169.117540,367269.754018,0.050025,0,,,14,-0.07877189666032791,0.18464477360248566,-0.184900164604187,-0.261674165725708,-0.023925647139549255,0.17024832963943481,0.44131985306739807,-0.0018270014552399516,-0.0002529974444769323,-0.0018282262608408928,-0.00025318405823782086,-0.0017084333812817931,-0.0035622299183160067,-2.6294501367374323e-06,0.2555062174797058,-0.1763424575328827,-0.38406145572662354,-0.5214586853981018,-0.4550095498561859,-0.5501552224159241,1.1842058897018433,-9.153548307949677e-05,0.6138066053390503,0.8996286988258362,0.9693004488945007,0.128956601023674,-0.2935464382171631,-0.32860830426216125,-0.11303447186946869,0.1900009959936142,-0.17368988692760468,-0.3455125689506531,-0.004746550694108009,0.11335242539644241,0.4433678388595581,0.0,0.0,0.0,0.0,0.0,0.0,0.0,0.24038657546043396,-0.1900009959936142,-0.3883025646209717,-0.5497487187385559,-0.5064631104469299,-0.46573948860168457,1.1347519159317017,0.0,0.005859375,0.0,0.0,-0.0005048307939432561,0.0,-0.0027343749534338713
159,1783686169.167553,367269.803992,0.049975,0,,,15,-0.07872065156698227,0.18483012914657593,-0.1857788860797882,-0.2634299695491791,-0.023597152903676033,0.17028765380382538,0.44139719009399414,-0.0018340512178838253,-0.00025406546774320304,-0.0018345039570704103,-0.0002541308640502393,-0.0017090537585318089,-0.003562123281881213,-2.4876642328308662e-06,0.2539609968662262,-0.17630617320537567,-0.383535772562027,-0.5212739109992981,-0.45458659529685974,-0.5325983166694641,1.1795953512191772,2.0206100543873617e-06,0.5340506434440613,0.8903856873512268,0.9031262397766113,0.11916528642177582,-0.2644336521625519,-0.29349571466445923,-0.10866281390190125,0.19291454553604126,-0.1721036434173584,-0.3455125689506531,-0.006364972796291113,0.11546959728002548,0.4442850351333618,0.0,0.0,0.0,0.0,0.0,0.0,0.0,0.22494594752788544,-0.19190746545791626,-0.37672775983810425,-0.5415937900543213,-0.4926471412181854,-0.4533654451370239,1.129386305809021,0.0,0.0,0.0,0.0,0.004826398566365242,-0.0013671874767169356,-0.0027343749534338713
160,1783686169.297329,367269.933798,0.129806,1,16,0.079797,0,-0.07828981429338455,0.18480853736400604,-0.18746566772460938,-0.26393359899520874,-0.023220747709274292,0.17021149396896362,0.44123828411102295,-0.0018517622957006097,-0.00025680960970930755,-0.0018511962844058871,-0.00025671106413938105,-0.001709918724372983,-0.0035693380050361156,-2.8370116069709184e-06,0.2513432204723358,-0.17640024423599243,-0.38198840618133545,-0.521171510219574,-0.4557534158229828,-0.5040147304534912,1.1712026596069336,0.0001623808784643188,0.424757182598114,0.8657890558242798,0.7995722889900208,0.10530650615692139,-0.22425751388072968,-0.2447977066040039,-0.11740612983703613,0.19582810997962952,-0.13879252970218658,-0.35516878962516785,0.0017271380638703704,0.12323255836963654,0.4516228437423706,0.0,0.0,0.0,0.0,0.0,0.0,0.0,0.23652641475200653,-0.1900009959936142,-0.3921608328819275,-0.6109106540679932,-0.37244823575019836,-0.37462159991264343,1.0864613056182861,0.0029296875,0.01171875,0.005190492607653141,0.0029296875,0.005236492957919836,0.0,-0.0027343749534338713
161,1783686169.297599,367269.934127,0.000329,0,,,1,-0.07672598212957382,0.18490834534168243,-0.18750116229057312,-0.2640601694583893,-0.02308056876063347,0.17019619047641754,0.4411845803260803,-0.0018572433618828654,-0.00025761706638149917,-0.0018562199547886848,-0.00025744352024048567,-0.0017103614518418908,-0.003573657013475895,-2.9374309633567464e-06,0.247141495347023,-0.1771896332502365,-0.37918728590011597,-0.5199918150901794,-0.45686644315719604,-0.4898017346858978,1.1681712865829468,0.00025640259264037013,0.3742298185825348,0.8443228006362915,0.7450281381607056,0.0988067165017128,-0.2056562453508377,-0.22229206562042236,-0.12177778780460358,0.19194336235523224,-0.1451375037431717,-0.35677817463874817,-0.0031281285919249058,0.12887835502624512,0.4507056176662445,0.0,0.0,0.0,0.0,0.0,0.0,0.0,0.24038657546043396,-0.1900009959936142,-0.3921608328819275,-0.6027557253837585,-0.36830344796180725,-0.33187490701675415,1.0757299661636353,0.0,0.0,0.0,0.0,0.0023658310528844595,0.0,0.0
162,1783686169.317554,367269.954046,0.019919,0,,,2,-0.07425893098115921,0.18503375351428986,-0.18764689564704895,-0.2641010284423828,-0.022962374612689018,0.1703108251094818,0.4410597085952759,-0.0018704665126278996,-0.0002596192352939397,-0.0018690834986045957,-0.0002593892568256706,-0.0017114820657297969,-0.0035852836444973946,-3.344732022014796e-06,0.2420952022075653,-0.1779128611087799,-0.3757583498954773,-0.5174015164375305,-0.4588094651699066,-0.47561755776405334,1.1633609533309937,-0.0009526137146167457,0.3072422742843628,0.8011189699172974,0.6681974530220032,0.09052004665136337,-0.18236379325389862,-0.1939271092414856,-0.12032056599855423,0.19291454553604126,-0.1451375037431717,-0.34873130917549133,0.00010871586709981784,0.12676118314266205,0.4543744921684265,0.0,0.0,0.0,0.0,0.0,0.0,0.0,0.2326662540435791,-0.1900009959936142,-0.37672775983810425,-0.6353753805160522,-0.36830344796180725,-0.30262720584869385,1.0596331357955933,0.0,0.0,0.0,0.0,-9.47362495935522e-05,0.0,0.0
163,1783686169.367507,367270.003959,0.049913,0,,,3,-0.07479731738567352,0.18491537868976593,-0.1868724375963211,-0.26472008228302,-0.02286890149116516,0.17191050946712494,0.4409664273262024,-0.0018902712035924196,-0.00026270243688486516,-0.0018884632736444473,-0.000262407906120643,-0.001712563680484891,-0.003601465607061982,-4.059319053340005e-06,0.24455009400844574,-0.17806875705718994,-0.3729991018772125,-0.5209169983863831,-0.4538240432739258,-0.4502524137496948,1.1554317474365234,-0.000633676303550601,0.2608950734138489,0.7626825571060181,0.6138444542884827,0.08545376360416412,-0.1690167933702469,-0.17758329212665558,-0.11886334419250488,0.19291454553604126,-0.13562005758285522,-0.34873130917549133,-0.004746550694108009,0.12676118314266205,0.4507056176662445,0.0,0.0,0.0,0.0,0.0,0.0,0.0,0.20950531959533691,-0.1900009959936142,-0.3690112233161926,-0.6394528746604919,-0.37382984161376953,-0.24469420313835144,1.0220736265182495,0.0,0.0,0.0,0.0,-0.0013250198680907488,0.0,-0.0027343749534338713
164,1783686169.417457,367270.053972,0.050013,0,,,4,-0.07756278663873672,0.18479998409748077,-0.17478789389133453,-0.2671533524990082,-0.022385768592357635,0.17440706491470337,0.44183114171028137,-0.0019169147126376629,-0.00026680962764658034,-0.0019138995558023453,-0.00026632778462953866,-0.0017135650850832462,-0.003631012514233589,-4.852078291150974e-06,0.25157633423805237,-0.17801637947559357,-0.3661533296108246,-0.5423433780670166,-0.4356265366077423,-0.38124141097068787,1.1359835863113403,-0.00024320183729287237,0.20881392061710358,0.6752345561981201,0.5220433473587036,0.07861363887786865,-0.1531490534543991,-0.15808513760566711,-0.11740612983703613,0.19388574361801147,-0.1348269283771515,-0.35034069418907166,-0.004746550694108009,0.12393828481435776,0.45575034618377686,0.0,0.0,0.0,0.0,0.0,0.0,0.0,0.20178501307964325,-0.1900009959936142,-0.33814504742622375,-0.6598401665687561,-0.3945538103580475,-0.18788611888885498,1.0167080163955688,0.0,0.0,0.0,0.0,0.005236492957919836,0.0,-0.0013671874767169356
165,1783686169.467527,367270.103993,0.050021,0,,,5,-0.0778641626238823,0.18484199047088623,-0.1661384403705597,-0.26715797185897827,-0.02219182252883911,0.1757524162530899,0.4423183798789978,-0.001919121597893536,-0.0002670290123205632,-0.0019163207616657019,-0.00026657761191017926,-0.0017144859302788973,-0.0036387976724654436,-4.439569693204248e-06,0.24632444977760315,-0.17799928784370422,-0.3592013716697693,-0.5550456047058105,-0.4292021095752716,-0.3391338288784027,1.1193078756332397,-0.00010079197090817615,0.1895620971918106,0.620495080947876,0.4713784158229828,0.07500624656677246,-0.14545667171478271,-0.14909431338310242,-0.11886334419250488,0.19388574361801147,-0.14196501672267914,-0.34873130917549133,-0.0015097063733264804,0.11829248815774918,0.4507056176662445,0.0,0.0,0.0,0.0,0.0,0.0,0.0,0.19406470656394958,-0.1900009959936142,-0.34200331568717957,-0.663917601108551,-0.43047529458999634,-0.1473892778158188,0.9952455163002014,0.0,0.0,0.0,0.0,0.005236492957919836,0.0,0.0
166,1783686169.517507,367270.153990,0.049997,0,,,6,-0.0779457688331604,0.18493156135082245,-0.1598842442035675,-0.26713982224464417,-0.022020315751433372,0.1767776757478714,0.4437822103500366,-0.001923304982483387,-0.00026749292737804353,-0.0019218140514567494,-0.000267247756710276,-0.0017163088778033853,-0.003651128150522709,-4.021985660074279e-06,0.23362217843532562,-0.17804750800132751,-0.34230709075927734,-0.573562741279602,-0.42752355337142944,-0.2729451656341553,1.0941168069839478,6.0439222579589114e-05,0.16600748896598816,0.5308623909950256,0.39540600776672363,0.070485919713974,-0.13499073684215546,-0.13700130581855774,-0.11886334419250488,0.19582810997962952,-0.1372063010931015,-0.3455125689506531,-0.0015097063733264804,0.12393828481435776,0.4543744921684265,0.0,0.0,0.0,0.0,0.0,0.0,0.0,0.17862407863140106,-0.1900009959936142,-0.3149954080581665,-0.6802274584770203,-0.42909371852874756,-0.129390686750412,0.9791486263275146,0.0,0.0,0.0,0.0,-0.0009149253601208329,0.0,0.0
167,1783686169.567541,367270.203997,0.050006,0,,,7,-0.07799901068210602,0.1849861443042755,-0.15954497456550598,-0.2671806812286377,-0.021750936284661293,0.17679168283939362,0.44414371252059937,-0.0019259133841842413,-0.0002677595184650272,-0.0019248618045821786,-0.0002675825380720198,-0.001717187580652535,-0.0036611638497561216,-4.093879397260025e-06,0.22411784529685974,-0.17800262570381165,-0.3315986096858978,-0.5844963788986206,-0.43178239464759827,-0.22905972599983215,1.075310230255127,0.00016213060007430613,0.15580901503562927,0.4807252883911133,0.35644569993019104,0.068568654358387,-0.13029268383979797,-0.13136400282382965,-0.11740612983703613,0.19582810997962952,-0.14037877321243286,-0.3519500494003296,0.004963982384651899,0.1189982146024704,0.4488711655139923,0.0,0.0,0.0,0.0,0.0,0.0,0.0,0.20178501307964325,-0.1900009959936142,-0.3188536763191223,-0.6802274584770203,-0.49541035294532776,-0.13051559031009674,0.9898799061775208,0.0,0.0,0.005190492607653141,0.0,0.00113554741255939,0.0,0.0
168,1783686169.617468,367270.253952,0.049956,0,,,8,-0.07807385176420212,0.1852933168411255,-0.15943431854248047,-0.26714465022087097,-0.021244999021291733,0.17689865827560425,0.4445415139198303,-0.00193630694411695,-0.0002691959380172193,-0.0019354558316990733,-0.0002690484107006341,-0.0017185480101034045,-0.003683870891109109,-4.503159743762808e-06,0.21085548400878906,-0.1780579388141632,-0.316619873046875,-0.5988947153091431,-0.4435705542564392,-0.17693224549293518,1.048665165901184,0.0003108600212726742,0.14226171374320984,0.4029921293258667,0.2990379333496094,0.06515809148550034,-0.12412668764591217,-0.12358539551496506,-0.11594890803098679,0.19388574361801147,-0.14037877321243286,-0.34390318393707275,-0.0031281285919249058,0.12464400380849838,0.4605657458305359,0.0,0.0,0.0,0.0,0.0,0.0,0.0,0.19406470656394958,-0.1900009959936142,-0.28798753023147583,-0.663917601108551,-0.5036999583244324,-0.0843941867351532,0.9469547867774963,0.0,0.0,0.0025952463038265705,0.0,0.00031535830930806696,0.0,0.0
169,1783686169.667528,367270.303986,0.050034,0,,,9,-0.07805430144071579,0.18539181351661682,-0.1594419926404953,-0.26726034283638,-0.020762495696544647,0.17689351737499237,0.44459256529808044,-0.0019446304067969322,-0.0002704016806092113,-0.001944082323461771,-0.00027029990451410413,-0.0017193733947351575,-0.003697581123560667,-4.66415258415509e-06,0.21112751960754395,-0.17805011570453644,-0.30972886085510254,-0.606919527053833,-0.4594046175479889,-0.15806320309638977,1.0380260944366455,0.00038237139233388007,0.13602560758590698,0.361745685338974,0.26983368396759033,0.06333861500024796,-0.12156129628419876,-0.12001972645521164,-0.11594890803098679,0.19388574361801147,-0.13562005758285522,-0.347121924161911,-0.007983394898474216,0.12464400380849838,0.46217089891433716,0.0,0.0,0.0,0.0,0.0,0.0,0.0,0.1824842393398285,-0.1900009959936142,-0.2764127254486084,-0.6476078033447266,-0.5271870493888855,-0.0731450617313385,0.9093953967094421,0.0,0.0,0.0,0.0,0.00031535830930806696,0.0,0.0
170,1783686169.717507,367270.353990,0.050004,0,,,10,-0.07782123237848282,0.18553978204727173,-0.1592087745666504,-0.26727160811424255,-0.020333170890808105,0.1769944131374359,0.447297066450119,-0.0019459176110103726,-0.00027040482382290065,-0.0019456928130239248,-0.0002703467907849699,-0.0017204885371029377,-0.0037192099262028933,-4.6760787881794386e-06,0.21223372220993042,-0.17829415202140808,-0.2902805209159851,-0.6044570803642273,-0.4864112138748169,-0.12058143317699432,1.0123801231384277,0.0005246116779744625,0.12761902809143066,0.3025108873844147,0.22812128067016602,0.0607791431248188,-0.11761448532342911,-0.11508145928382874,-0.11594890803098679,0.19582810997962952,-0.13165444135665894,-0.3535594344139099,-0.006364972796291113,0.1253497302532196,0.4571261703968048,0.0,0.0,0.0,0.0,0.0,0.0,0.0,0.16704361140727997,-0.1900009959936142,-0.25326308608055115,-0.6679950952529907,-0.5437662601470947,-0.04727207496762276,0.936223566532135,0.0,0.0,0.0,0.0,0.003596114693209529,0.0,0.0
171,1783686169.767549,367270.404004,0.050014,0,,,11,-0.07775008678436279,0.18554554879665375,-0.15882785618305206,-0.26724404096603394,-0.020435605198144913,0.17714624106884003,0.4487842321395874,-0.0019504755036905408,-0.00027099496219307184,-0.0019499525660648942,-0.0002708890533540398,-0.00172117177862674,-0.0037301802076399326,-4.584049747791141e-06,0.20947681367397308,-0.17829474806785583,-0.2773447632789612,-0.5956217050552368,-0.5019868612289429,-0.10067757219076157,0.9940478205680847,0.0006153075373731554,0.12380599975585938,0.27444568276405334,0.20847685635089874,0.05951466038823128,-0.11568620800971985,-0.11278434097766876,-0.11012003570795059,0.19582810997962952,-0.13403381407260895,-0.3519500494003296,-0.009601817466318607,0.12958407402038574,0.4580433964729309,0.0,0.0,0.0,0.0,0.0,0.0,0.0,0.17862407863140106,-0.1900009959936142,-0.2378299981355667,-0.6231430172920227,-0.5865957140922546,-0.057396285235881805,0.9093953967094421,0.0,0.0,0.0,0.0,0.005236492957919836,0.0,0.0
172,1783686169.817515,367270.453987,0.049984,0,,,12,-0.0774691104888916,0.18570294976234436,-0.15659783780574799,-0.26751717925071716,-0.02064582332968712,0.17755119502544403,0.4493982195854187,-0.0019608871079981327,-0.00027245853561908007,-0.001959723187610507,-0.00027225216035731137,-0.0017225127667188644,-0.003749007126316428,-4.508125584834488e-06,0.19965067505836487,-0.178328275680542,-0.25637388229370117,-0.5896666646003723,-0.5293360352516174,-0.06797425448894501,0.9786157011985779,0.000768942350987345,0.11864964663982391,0.23551757633686066,0.1815081387758255,0.05811043083667755,-0.11351601779460907,-0.10973244160413742,-0.11157725006341934,0.19582810997962952,-0.13879252970218658,-0.34873130917549133,-0.009601817466318607,0.12746690213680267,0.46033644676208496,0.0,0.0,0.0,0.0,0.0,0.0,0.0,0.17476393282413483,-0.1900009959936142,-0.22239691019058228,-0.5946007966995239,-0.6225172281265259,-0.0753948837518692,0.898664116859436,0.0,0.005859375,0.0,0.0,-0.002965398132801056,0.0,-0.0013671874767169356
173,1783686169.867494,367270.503984,0.049997,0,,,13,-0.07624976336956024,0.18582873046398163,-0.15620066225528717,-0.2676965296268463,-0.020852267742156982,0.1782601922750473,0.44958606362342834,-0.001967212650924921,-0.0002733787405304611,-0.001966307405382395,-0.0002732090069912374,-0.0017232692334800959,-0.0037565904203802347,-4.2652131924114656e-06,0.19746841490268707,-0.17836330831050873,-0.2421378642320633,-0.5805163979530334,-0.5475137233734131,-0.06029577925801277,0.9669555425643921,0.0008477283408865333,0.11593733727931976,0.21479985117912292,0.16739025712013245,0.05759190768003464,-0.11242125928401947,-0.10816100984811783,-0.11303447186946869,0.19582810997962952,-0.14196501672267914,-0.35034069418907166,-0.006364972796291113,0.1281726211309433,0.462629497051239,0.0,0.0,0.0,0.0,0.0,0.0,0.0,0.19020454585552216,-0.1900009959936142,-0.20696383714675903,-0.574213445186615,-0.6501491665840149,-0.09001874923706055,0.8772016167640686,0.0,0.0,0.0,0.0,0.004826398566365242,0.0,0.0
174,1783686169.917472,367270.553950,0.049965,0,,,14,-0.07478887587785721,0.18607863783836365,-0.1561143696308136,-0.26777052879333496,-0.021228376775979996,0.17906996607780457,0.4504442512989044,-0.0019755426328629255,-0.0002745476958807558,-0.0019746662583202124,-0.00027438384131528437,-0.0017246168572455645,-0.0037728920578956604,-4.230352260492509e-06,0.1971490979194641,-0.17839214205741882,-0.21954745054244995,-0.5475459098815918,-0.5841233730316162,-0.0573139451444149,0.9485374689102173,0.0009632108267396688,0.11337324231863022,0.19196493923664093,0.1519654095172882,0.05631304532289505,-0.11148077249526978,-0.10659842938184738,-0.11012003570795059,0.19679929316043854,-0.1332406848669052,-0.3519500494003296,-0.009601817466318607,0.12958407402038574,0.46492257714271545,0.0,0.0,0.0,0.0,0.0,0.0,0.0,0.19406470656394958,-0.1900009959936142,-0.19924728572368622,-0.5538261532783508,-0.644622802734375,-0.0956433042883873,0.8718359470367432,0.0,0.0,0.0,0.0,-9.47362495935522e-05,0.0,0.0
175,1783686169.967551,367270.604006,0.050056,0,,,15,-0.07471466809511185,0.1862024962902069,-0.15620702505111694,-0.2678394913673401,-0.02131575159728527,0.17947259545326233,0.45127925276756287,-0.0019810146186500788,-0.00027533891261555254,-0.0019799349829554558,-0.00027514284010976553,-0.0017253293190151453,-0.0037815526593476534,-4.1666708057164215e-06,0.20097076892852783,-0.17840297520160675,-0.20747321844100952,-0.5270533561706543,-0.6056163907051086,-0.057830363512039185,0.9368979930877686,0.0010399379534646869,0.11212894320487976,0.1804092675447464,0.1441292017698288,0.055793531239032745,-0.11111655086278915,-0.1058545634150505,-0.11012003570795059,0.19679929316043854,-0.13562005758285522,-0.3632156550884247,-0.01931235007941723,0.1317012459039688,0.4662984013557434,0.0,0.0,0.0,0.0,0.0,0.0,0.0,0.19020454585552216,-0.1900009959936142,-0.17609766125679016,-0.5110127925872803,-0.6860706806182861,-0.1136419028043747,0.8476905822753906,0.0,0.0,0.0,0.0,0.003186020301654935,0.0,0.0
176,1783686170.102410,367270.738836,0.134830,1,16,0.084837,0,-0.0736689642071724,0.18694061040878296,-0.15508271753787994,-0.2680588662624359,-0.021649714559316635,0.18059048056602478,0.45356643199920654,-0.0019857536535710096,-0.0002759501803666353,-0.001983991591259837,-0.0002756472385954112,-0.0017266630893573165,-0.0037933446001261473,-3.90969807995134e-06,0.20781373977661133,-0.1778198778629303,-0.19270768761634827,-0.5004321336746216,-0.6252853870391846,-0.06410584598779678,0.9173770546913147,0.0012314791092649102,0.11026903986930847,0.1597280651330948,0.13263852894306183,0.0550321564078331,-0.11051230877637863,-0.10480082035064697,-0.13052110373973846,0.19582810997962952,-0.14989623427391052,-0.36160629987716675,0.0017271380638703704,0.13664130866527557,0.461482971906662,0.0,0.0,0.0,0.0,0.0,0.0,0.0,0.21336548030376434,-0.1900009959936142,-0.24940481781959534,-0.5660585761070251,-0.6860706806182861,-0.1181415542960167,0.8718359470367432,0.005859375,0.0,0.0,0.0,-0.0017351144924759865,0.0,-0.0013671874767169356
177,1783686170.102695,367270.739209,0.000373,0,,,1,-0.07306434214115143,0.18730486929416656,-0.1545482873916626,-0.2686316967010498,-0.022843090817332268,0.18330030143260956,0.4548110067844391,-0.001987752038985491,-0.00027616991428658366,-0.0019877320155501366,-0.00027614369173534214,-0.001728603383526206,-0.0037966128438711166,-3.5132279663230292e-06,0.2061823606491089,-0.1777658760547638,-0.1812984049320221,-0.4890439808368683,-0.6376936435699463,-0.07636561989784241,0.8989625573158264,0.0013330356450751424,0.10928016901016235,0.13936856389045715,0.1256052851676941,0.05459272488951683,-0.11008472740650177,-0.10420025140047073,-0.12906387448310852,0.19582810997962952,-0.1451375037431717,-0.36804378032684326,-0.0015097063733264804,0.13664130866527557,0.4562089443206787,0.0,0.0,0.0,0.0,0.0,0.0,0.0,0.22880610823631287,-0.1900009959936142,-0.2301134616136551,-0.5538261532783508,-0.7026498317718506,-0.11251699179410934,0.8718359470367432,0.0,0.0,0.0,0.0,-0.0009149253601208329,0.0,-0.0027343749534338713
178,1783686170.117529,367270.754019,0.014811,0,,,2,-0.07306510210037231,0.18744444847106934,-0.15445710718631744,-0.27281999588012695,-0.024235563352704048,0.1844554841518402,0.4554816484451294,-0.0020003996323794127,-0.00027810048777610064,-0.0020009679719805717,-0.00027817790396511555,-0.0017302255146205425,-0.0038006603717803955,-3.217862058590981e-06,0.20398837327957153,-0.1776820421218872,-0.16934378445148468,-0.4746331572532654,-0.6530008316040039,-0.08701594918966293,0.8826709389686584,0.0014599476708099246,0.10800781846046448,0.11370129138231277,0.11762282997369766,0.054035820066928864,-0.1095489114522934,-0.10358081758022308,-0.12760666012763977,0.19679929316043854,-0.14989623427391052,-0.3712625205516815,-0.007983394898474216,0.13946421444416046,0.45758476853370667,0.0,0.0,0.0,0.0,0.0,0.0,0.0,0.20950531959533691,-0.1900009959936142,-0.20696383714675903,-0.529361367225647,-0.7164658308029175,-0.12489102780818939,0.8476905822753906,0.0029296875,0.005859375,0.0,0.01171875,-0.004605776164680719,0.0,-0.0054687499068677425
179,1783686170.167629,367270.804062,0.050042,0,,,3,-0.07624704390764236,0.1874682605266571,-0.15584444999694824,-0.2748745381832123,-0.024551156908273697,0.1856989562511444,0.4556390941143036,-0.002011045813560486,-0.0002797307097353041,-0.0020110837649554014,-0.00027972969110123813,-0.001731208642013371,-0.003807847620919347,-3.4491147289372748e-06,0.2093876600265503,-0.1769191026687622,-0.16957177221775055,-0.4750840365886688,-0.6608641147613525,-0.09202328324317932,0.879543125629425,0.0015430329367518425,0.10732131451368332,0.10058492422103882,0.11337271332740784,0.05367138609290123,-0.10922259837388992,-0.10322066396474838,-0.12469222396612167,0.19679929316043854,-0.1451375037431717,-0.3712625205516815,-0.006364972796291113,0.13946421444416046,0.46033644676208496,0.0,0.0,0.0,0.0,0.0,0.0,0.0,0.21336548030376434,-0.1900009959936142,-0.21468037366867065,-0.5171290040016174,-0.7302817702293396,-0.12489102780818939,0.8476905822753906,0.01171875,0.005859375,0.0,0.005859375,-0.002145209116861224,-0.004101562313735485,-0.0054687499068677425
180,1783686170.217473,367270.853959,0.049897,0,,,4,-0.08391185849905014,0.18824920058250427,-0.1566525101661682,-0.2804549038410187,-0.024225736036896706,0.18801605701446533,0.45579037070274353,-0.002006029011681676,-0.00027876769308932126,-0.00200677034445107,-0.00027888131444342434,-0.0017328046960756183,-0.003813795279711485,-3.167835757267312e-06,0.2217436134815216,-0.1766800731420517,-0.18028229475021362,-0.4804800748825073,-0.6808594465255737,-0.09927324950695038,0.878612220287323,0.0016960786888375878,0.10651978850364685,0.08812005817890167,0.1085692048072815,0.05265592783689499,-0.10858675837516785,-0.10261891782283783,-0.12469222396612167,0.19582810997962952,-0.14037877321243286,-0.3712625205516815,-0.006364972796291113,0.13946421444416046,0.4552917182445526,0.0,0.0,0.0,0.0,0.0,0.0,0.0,0.21722564101219177,-0.1900009959936142,-0.21082210540771484,-0.5089740753173828,-0.7496241331100464,-0.1271408498287201,0.8315936923027039,0.005859375,0.0,0.0,0.0,-0.0013250198680907488,0.0,-0.0027343749534338713
181,1783686170.267560,367270.904027,0.050068,0,,,5,-0.08690465986728668,0.188328817486763,-0.1571936011314392,-0.2847042381763458,-0.02408703789114952,0.18843510746955872,0.4557359516620636,-0.002013858174905181,-0.000279974949080497,-0.0020142081193625927,-0.0002800225920509547,-0.001733112265355885,-0.0038149442989379168,-2.965997737192083e-06,0.22411906719207764,-0.17681637406349182,-0.186044842004776,-0.4664192795753479,-0.6989434957504272,-0.09978819638490677,0.8761202096939087,0.0018131242832168937,0.10611758381128311,0.0871262326836586,0.1077822595834732,0.051905784755945206,-0.10820836573839188,-0.10222675651311874,-0.12469222396612167,0.19777047634124756,-0.14037877321243286,-0.3777000308036804,-0.01931235007941723,0.14510999619960785,0.4562089443206787,0.0,0.0,0.0,0.0,0.0,0.0,0.0,0.20178501307964325,-0.1900009959936142,-0.1876724809408188,-0.49266424775123596,-0.7496241331100464,-0.1496390998363495,0.8235452771186829,0.0,0.0,0.0,0.0,-0.0037855871487408876,0.0,0.0
182,1783686170.317525,367270.954019,0.049992,0,,,6,-0.08754242956638336,0.1883929967880249,-0.157186821103096,-0.28645196557044983,-0.02396368607878685,0.1894686371088028,0.4555110037326813,-0.0020218980498611927,-0.0002811898884829134,-0.0020213553216308355,-0.00028108948026783764,-0.0017337228637188673,-0.0038181222043931484,-2.89433137368178e-06,0.22505657374858856,-0.17675702273845673,-0.18751408159732819,-0.463718056678772,-0.7109675407409668,-0.10966446995735168,0.8658512234687805,0.002015337347984314,0.10555463284254074,0.08374018222093582,0.10714053362607956,0.05128060281276703,-0.10768788307905197,-0.10167882591485977,-0.12177778780460358,0.19874165952205658,-0.13879252970218658,-0.3809187710285187,-0.016075506806373596,0.1436985582113266,0.4607950747013092,0.0,0.0,0.0,0.0,0.0,0.0,0.0,0.20178501307964325,-0.1900009959936142,-0.1915307492017746,-0.47023820877075195,-0.7662032842636108,-0.14401453733444214,0.8181796073913574,0.005859375,0.0146484375,0.0,0.0,-0.0009149253601208329,0.0,-0.0027343749534338713
183,1783686170.367605,367271.004097,0.050078,0,,,7,-0.08761506527662277,0.18861334025859833,-0.15708306431770325,-0.28783118724823,-0.024410562589764595,0.19172446429729462,0.4553816020488739,-0.0020248284563422203,-0.0002816048508975655,-0.0020245397463440895,-0.00028154367464594543,-0.0017345561645925045,-0.0038190451450645924,-2.7913858957617776e-06,0.22147610783576965,-0.17682701349258423,-0.18455944955348969,-0.45832380652427673,-0.7191049456596375,-0.11741866916418076,0.8588870167732239,0.0021003868896514177,0.10519079118967056,0.08346613496541977,0.10665206611156464,0.0508122518658638,-0.10734893381595612,-0.10132251679897308,-0.11594890803098679,0.1997128427028656,-0.13879252970218658,-0.3809187710285187,-0.016075506806373596,0.14158138632774353,0.45208144187927246,0.0,0.0,0.0,0.0,0.0,0.0,0.0,0.19406470656394958,-0.1900009959936142,-0.1953890174627304,-0.47023820877075195,-0.7938352227210999,-0.16538788378238678,0.8315936923027039,0.0,0.0,0.0,0.0,-0.0013250198680907488,0.0,0.0
184,1783686170.417539,367271.054029,0.049932,0,,,8,-0.08717578649520874,0.18894992768764496,-0.15704034268856049,-0.2912484109401703,-0.025239361450076103,0.19396798312664032,0.4552498757839203,-0.002038578735664487,-0.0002837290521711111,-0.0020385123789310455,-0.0002837089996319264,-0.0017359101912006736,-0.0038218216504901648,-2.775037046376383e-06,0.2134552150964737,-0.17680105566978455,-0.1803862303495407,-0.44493716955184937,-0.7324637174606323,-0.12898238003253937,0.8468455672264099,0.0022637112997472286,0.10462097078561783,0.08158253878355026,0.10590201616287231,0.050149478018283844,-0.10678266733884811,-0.10072148591279984,-0.11886334419250488,0.19777047634124756,-0.14196501672267914,-0.37930938601493835,-0.012838661670684814,0.13946421444416046,0.4525400698184967,0.0,0.0,0.0,0.0,0.0,0.0,0.0,0.20178501307964325,-0.1900009959936142,-0.18381421267986298,-0.46208328008651733,-0.7910720109939575,-0.15751348435878754,0.8369593620300293,0.0,0.0,0.0,0.0,0.00113554741255939,-0.0027343749534338713,0.0
185,1783686170.467540,367271.104020,0.049991,0,,,9,-0.0855378583073616,0.18945150077342987,-0.15696707367897034,-0.29347679018974304,-0.02558787353336811,0.19414785504341125,0.454855740070343,-0.0020444930996745825,-0.00028462018235586584,-0.0020441999658942223,-0.0002845638373401016,-0.0017363977385684848,-0.003823225386440754,-2.761072437351686e-06,0.20902812480926514,-0.17675788700580597,-0.1800163835287094,-0.43974998593330383,-0.7437015771865845,-0.13717763125896454,0.8447836637496948,0.00235245400108397,0.1042717844247818,0.07905962318181992,0.10552708059549332,0.04979504272341728,-0.10645797848701477,-0.1003696620464325,-0.11594890803098679,0.19874165952205658,-0.1332406848669052,-0.3760906457901001,-0.01931235007941723,0.1465214490890503,0.4516228437423706,0.0,0.0,0.0,0.0,0.0,0.0,0.0,0.20564517378807068,-0.1900009959936142,-0.18381421267986298,-0.44373470544815063,-0.8187039494514465,-0.16763770580291748,0.8181796073913574,0.0,0.0,0.0,0.0,-0.004195681773126125,0.0,0.0
186,1783686170.517619,367271.154119,0.050099,0,,,10,-0.08387379348278046,0.18966226279735565,-0.15690860152244568,-0.29424646496772766,-0.02595456875860691,0.19435515999794006,0.45430052280426025,-0.002050097333267331,-0.00028543200460262597,-0.0020497653167694807,-0.0002853679470717907,-0.0017374102026224136,-0.0038309714291244745,-3.07656091536046e-06,0.20726072788238525,-0.17677612602710724,-0.17855684459209442,-0.4350881576538086,-0.7567023038864136,-0.14484192430973053,0.841351330280304,0.002478217938914895,0.10370510816574097,0.07261199504137039,0.10495232790708542,0.04925668612122536,-0.10595569014549255,-0.09981512278318405,-0.11594890803098679,0.20262640714645386,-0.13244757056236267,-0.3760906457901001,-0.02254919521510601,0.1465214490890503,0.45299866795539856,0.0,0.0,0.0,0.0,0.0,0.0,0.0,0.20178501307964325,-0.1900009959936142,-0.17995594441890717,-0.4416959583759308,-0.8573886752128601,-0.16088822484016418,0.8262280821800232,0.005859375,0.0,0.0,0.0,-0.002145209116861224,0.0,0.0
187,1783686170.567517,367271.203973,0.049854,0,,,11,-0.08286140859127045,0.18976350128650665,-0.15645425021648407,-0.29431822896003723,-0.02642988972365856,0.19517455995082855,0.4537692070007324,-0.0020555146038532257,-0.0002862260153051466,-0.0020550726912915707,-0.0002861432731151581,-0.001738184248097241,-0.0038359565660357475,-3.162837174386368e-06,0.20731066167354584,-0.17674848437309265,-0.17657335102558136,-0.4302372634410858,-0.7672057151794434,-0.1518263816833496,0.8344078063964844,0.00257790251635015,0.10329597443342209,0.06470923125743866,0.10453741997480392,0.04884754493832588,-0.10558366030454636,-0.09941289573907852,-0.11303447186946869,0.19874165952205658,-0.1348269283771515,-0.37930938601493835,-0.025786040350794792,0.14299282431602478,0.45391589403152466,0.0,0.0,0.0,0.0,0.0,0.0,0.0,0.20950531959533691,-0.1900009959936142,-0.17995594441890717,-0.4274248480796814,-0.8629150390625,-0.19238577783107758,0.8020827174186707,0.0,0.0,0.0,0.0,-0.002555303508415818,0.0,0.0
188,1783686170.617507,367271.253984,0.050011,0,,,12,-0.08132490515708923,0.19117112457752228,-0.15515850484371185,-0.29436662793159485,-0.027546163648366928,0.19658072292804718,0.4533096253871918,-0.002065066248178482,-0.0002876479993574321,-0.0020646504126489162,-0.00028757096151821315,-0.0017393403686583042,-0.0038443102966994047,-3.2857928999874275e-06,0.20693200826644897,-0.17664718627929688,-0.1727202981710434,-0.42650264501571655,-0.790708601474762,-0.16093340516090393,0.8257022500038147,0.002748703584074974,0.10268554091453552,0.04929507151246071,0.10391835868358612,0.04823742061853409,-0.1050250306725502,-0.09881296008825302,-0.11012003570795059,0.20068404078483582,-0.1332406848669052,-0.3777000308036804,-0.014457084238529205,0.14228710532188416,0.4507056176662445,0.0,0.0,0.0,0.0,0.0,0.0,0.0,0.1824842393398285,-0.1900009959936142,-0.17223939299583435,-0.41111502051353455,-0.8573886752128601,-0.19238577783107758,0.7940343022346497,0.0,0.0,0.0,0.0,-0.002145209116861224,0.0,0.0
189,1783686170.667638,367271.304102,0.050117,0,,,13,-0.07994137704372406,0.19127145409584045,-0.1546052247285843,-0.2945377826690674,-0.028361154720187187,0.19672715663909912,0.453172892332077,-0.0020666541531682014,-0.0002878439554478973,-0.0020666068885475397,-0.00028782160370610654,-0.001739910920150578,-0.0038478365167975426,-3.2273187571263406e-06,0.2071138322353363,-0.1766054332256317,-0.17187455296516418,-0.4214266538619995,-0.8019217252731323,-0.17061369121074677,0.8173103332519531,0.0028390497900545597,0.10233110189437866,0.039945926517248154,0.10355925559997559,0.04788704589009285,-0.10469795018434525,-0.09846425801515579,-0.11157725006341934,0.19582810997962952,-0.12768884003162384,-0.3777000308036804,-0.016075506806373596,0.1436985582113266,0.45208144187927246,0.0,0.0,0.0,0.0,0.0,0.0,0.0,0.1709037721157074,-0.1900009959936142,-0.17995594441890717,-0.390727698802948,-0.8877837657928467,-0.23513244092464447,0.8450077772140503,0.1962890625,0.474609375,0.48012056946754456,0.474609375,0.15615129470825195,-0.21601562201976776,-0.22490234673023224
190,1783686170.717606,367271.354109,0.050008,0,,,14,-0.07674601674079895,0.19138610363006592,-0.1533135324716568,-0.29488828778266907,-0.02876928076148033,0.1968800127506256,0.4528202414512634,-0.0020679726731032133,-0.000287937989924103,-0.002067653927952051,-0.00028787291375920177,-0.0017407992854714394,-0.0038556146901100874,-3.3165604236273794e-06,0.1974262297153473,-0.17658472061157227,-0.1695115864276886,-0.4047456979751587,-0.8140223026275635,-0.18343879282474518,0.8070906400680542,0.0031086609233170748,0.1019635945558548,0.027756623923778534,0.10317958146333694,0.0474548302590847,-0.1042529046535492,-0.09799779951572418,-0.11157725006341934,0.20165522396564484,-0.13244757056236267,-0.3809187710285187,-0.01931235007941723,0.14228710532188416,0.46010714769363403,0.0,0.0,0.0,0.0,0.0,0.0,0.0,0.19406470656394958,-0.1900009959936142,-0.18381421267986298,-0.4192699193954468,-0.8712046146392822,-0.23063279688358307,0.8289108872413635,0.65478515625,1.5,1.3157899379730225,1.494140625,0.32018911838531494,-0.699999988079071,-0.699999988079071
191,1783686170.767544,367271.404014,0.049904,0,,,15,-0.07584650814533234,0.19099633395671844,-0.15260392427444458,-0.29490378499031067,-0.02898130565881729,0.19710302352905273,0.4524907171726227,-0.0020760525949299335,-0.0002891678304877132,-0.002075975527986884,-0.00028914239373989403,-0.0017418357310816646,-0.003864971688017249,-3.623023076215759e-06,0.18546932935714722,-0.17656147480010986,-0.1707182079553604,-0.39291176199913025,-0.826238214969635,-0.19644226133823395,0.8066839575767517,0.008694160729646683,0.11358784884214401,0.03160303086042404,0.11467082053422928,0.05077774450182915,-0.10548602789640427,-0.09925813227891922,-0.11303447186946869,0.20262640714645386,-0.13403381407260895,-0.3809187710285187,-0.01931235007941723,0.14510999619960785,0.46308812499046326,0.0,0.0,0.0,0.0,0.0,0.0,0.0,0.19792486727237701,-0.1900009959936142,-0.17609766125679016,-0.3988826274871826,-0.8960733413696289,-0.2430068403482437,0.8289108872413635,0.911865234375,1.5,1.0977891683578491,1.5,0.09381691366434097,-0.699999988079071,-0.699999988079071
192,1783686170.898893,367271.535363,0.131349,1,16,0.081371,0,-0.075125552713871,0.1914912760257721,-0.15243324637413025,-0.29555463790893555,-0.029486456885933876,0.19726905226707458,0.4526372253894806,-0.0020890270825475454,-0.00029112005722709,-0.0020881309174001217,-0.0002909694449044764,-0.0017428487772122025,-0.003882631892338395,-4.092623385076877e-06,0.18225370347499847,-0.17645469307899475,-0.1754034161567688,-0.3920978903770447,-0.8376720547676086,-0.20725519955158234,0.7999743223190308,0.07323245704174042,0.24458211660385132,0.08943717181682587,0.24527429044246674,0.07894223928451538,-0.15348228812217712,-0.1475389301776886,-0.13052110373973846,0.19874165952205658,-0.11579201370477676,-0.36804378032684326,-0.029022883623838425,0.12746690213680267,0.44910046458244324,0.0,0.0,0.0,0.0,0.0,0.0,0.0,0.22494594752788544,-0.1900009959936142,-0.14523150026798248,-0.390727698802948,-0.8131775856018066,-0.22613315284252167,0.7537920475006104,0.95947265625,1.5,1.0666462182998657,1.5,0.05444784089922905,-0.699999988079071,-0.699999988079071
193,1783686170.899158,367271.535673,0.000310,0,,,1,-0.07469399273395538,0.19229532778263092,-0.1523216962814331,-0.2957814931869507,-0.029781552031636238,0.1974511295557022,0.45329388976097107,-0.0020888508297502995,-0.000291007716441527,-0.002088292269036174,-0.0002909093163907528,-0.0017436333000659943,-0.003894659224897623,-4.341271051089279e-06,0.1822945475578308,-0.17638690769672394,-0.1771026998758316,-0.39239969849586487,-0.8442373871803284,-0.21321603655815125,0.7921070456504822,0.14837124943733215,0.3783333897590637,0.14280715584754944,0.37878817319869995,0.08526322990655899,-0.20651748776435852,-0.2006174474954605,-0.12760666012763977,0.19777047634124756,-0.11975762248039246,-0.3712625205516815,-0.030641306191682816,0.1317012459039688,0.4488711655139923,0.0,0.0,0.0,0.0,0.0,0.0,0.0,0.24038657546043396,-0.1900009959936142,-0.1490897685289383,-0.39684388041496277,-0.8380463123321533,-0.24525666236877441,0.759157657623291,1.013671875,1.5,1.004360318183899,1.5,-0.005425965413451195,-0.699999988079071,-0.699999988079071
194,1783686170.917614,367271.554105,0.018432,0,,,2,-0.07456040382385254,0.192876398563385,-0.15215633809566498,-0.29613634943962097,-0.030194807797670364,0.1977163553237915,0.4542132616043091,-0.0020873714238405228,-0.00029062636895105243,-0.002087193774059415,-0.00029058492509648204,-0.001744695589877665,-0.003911877050995827,-4.455288035387639e-06,0.18225809931755066,-0.17629674077033997,-0.17841610312461853,-0.3927149176597595,-0.8513957262039185,-0.22008343040943146,0.7827692031860352,0.2841830253601074,0.592350423336029,0.22634102404117584,0.59266597032547,0.0855044573545456,-0.2906213402748108,-0.2846011817455292,-0.12906387448310852,0.1997128427028656,-0.1205507442355156,-0.36804378032684326,-0.032259728759527206,0.13381841778755188,0.44841256737709045,0.0,0.0,0.0,0.0,0.0,0.0,0.0,0.24810688197612762,-0.1900009959936142,-0.1490897685289383,-0.4009213447570801,-0.8573886752128601,-0.25088122487068176,0.7672061324119568,1.013671875,1.5,1.0121461153030396,1.5,-0.0013250198680907488,-0.699999988079071,-0.699999988079071
195,1783686170.967549,367271.604026,0.049921,0,,,3,-0.07633282989263535,0.19259002804756165,-0.15173377096652985,-0.29584023356437683,-0.031127220019698143,0.1977165937423706,0.4537849426269531,-0.00209613423794508,-0.00029192373040132225,-0.0020966704469174147,-0.0002919937251135707,-0.0017457692883908749,-0.003929845988750458,-4.917027581541333e-06,0.18877682089805603,-0.1762525588274002,-0.1777653694152832,-0.3934391736984253,-0.8513673543930054,-0.2222147285938263,0.7647824287414551,0.37781187891960144,0.7294278740882874,0.27320587635040283,0.7260155081748962,0.08517162501811981,-0.344028115272522,-0.33811089396476746,-0.12614944577217102,0.19582810997962952,-0.1205507442355156,-0.3744812607765198,-0.032259728759527206,0.13664130866527557,0.4516228437423706,0.0,0.0,0.0,0.0,0.0,0.0,0.0,0.23652641475200653,-0.1900009959936142,-0.1529480367898941,-0.3866502344608307,-0.8518622517585754,-0.24188192188739777,0.7618404626846313,1.0078125,1.5,1.0017651319503784,1.494140625,-0.002145209116861224,-0.699999988079071,-0.699999988079071
196,1783686171.017580,367271.654055,0.050029,0,,,4,-0.08174532651901245,0.19207662343978882,-0.1451992690563202,-0.29468613862991333,-0.03363283723592758,0.1966615915298462,0.4525018334388733,-0.0020993738435208797,-0.0002922909043263644,-0.0021002069115638733,-0.00029240993899293244,-0.001747093629091978,-0.003958691842854023,-5.2814643822785e-06,0.2088014781475067,-0.17630651593208313,-0.17322812974452972,-0.39644232392311096,-0.8452931046485901,-0.2247541844844818,0.7359008193016052,0.5063270330429077,0.8975145220756531,0.2831551134586334,0.8675660490989685,0.08173131942749023,-0.378165602684021,-0.387294203042984,-0.12906387448310852,0.19777047634124756,-0.12293010950088501,-0.3712625205516815,-0.029022883623838425,0.13522987067699432,0.4470367133617401,0.0,0.0,0.0,0.0,0.0,0.0,0.0,0.2326662540435791,-0.1900009959936142,-0.1529480367898941,-0.3764565885066986,-0.8546254634857178,-0.2587555944919586,0.759157657623291,1.0107421875,1.5,1.0095508098602295,1.5,-0.0009149253601208329,-0.699999988079071,-0.699999988079071
197,1783686171.067555,367271.704034,0.049979,0,,,5,-0.08451703190803528,0.19192220270633698,-0.14016315340995789,-0.29466405510902405,-0.03450232744216919,0.1961912363767624,0.45238059759140015,-0.0020898215007036924,-0.00029067075229249895,-0.0020904014818370342,-0.0002907455782406032,-0.0017473653424531221,-0.003963869996368885,-4.6082450353424065e-06,0.21612238883972168,-0.17644178867340088,-0.16991865634918213,-0.39627742767333984,-0.8433254957199097,-0.22869373857975006,0.7292687296867371,0.5705506205558777,0.9763818383216858,0.26300814747810364,0.9073994755744934,0.08138523995876312,-0.3689636290073395,-0.39543211460113525,-0.13052110373973846,0.20068404078483582,-0.12610259652137756,-0.3712625205516815,-0.032259728759527206,0.1373470425605774,0.4488711655139923,0.0,0.0,0.0,0.0,0.0,0.0,0.0,0.24038657546043396,-0.1900009959936142,-0.13751496374607086,-0.3805340528488159,-0.8629150390625,-0.27337947487831116,0.7537920475006104,1.0048828125,1.5,1.006955623626709,1.5,-0.0037855871487408876,-0.699999988079071,-0.699999988079071
198,1783686171.117554,367271.754025,0.049990,0,,,6,-0.08696740120649338,0.19175514578819275,-0.13887865841388702,-0.29450327157974243,-0.03536264970898628,0.19586801528930664,0.45178061723709106,-0.002078027930110693,-0.00028863392071798444,-0.002078351331874728,-0.0002886645379476249,-0.0017481056274846196,-0.003971758298575878,-4.0523386815038975e-06,0.21840156614780426,-0.1765807867050171,-0.16794559359550476,-0.3922237753868103,-0.8403881788253784,-0.2376290261745453,0.7235174179077148,0.6537652015686035,1.076454758644104,0.25169962644577026,0.9510567784309387,0.0793256089091301,-0.3549712002277374,-0.4007948040962219,-0.12906387448310852,0.19582810997962952,-0.1165851354598999,-0.3712625205516815,-0.032259728759527206,0.13805276155471802,0.4452022612094879,0.0,0.0,0.0,0.0,0.0,0.0,0.0,0.24810688197612762,-0.1900009959936142,-0.1529480367898941,-0.3764565885066986,-0.8684414625167847,-0.28462859988212585,0.7537920475006104,1.01513671875,1.5,1.0121461153030396,1.5,-0.0033754927571862936,-0.699999988079071,-0.699999988079071
199,1783686171.167665,367271.804114,0.050089,0,,,7,-0.08821044862270355,0.1917605698108673,-0.13896508514881134,-0.29430732131004333,-0.0360826775431633,0.19574232399463654,0.45123133063316345,-0.0020791294518858194,-0.0002887421869672835,-0.0020792705472558737,-0.00028874370036646724,-0.0017488119192421436,-0.003982099704444408,-4.1495641198707744e-06,0.22092776000499725,-0.17691679298877716,-0.16572342813014984,-0.39125949144363403,-0.8401099443435669,-0.2441473752260208,0.7179543375968933,0.7016619443893433,1.134040355682373,0.25147905945777893,0.9782835841178894,0.07779094576835632,-0.3443484306335449,-0.40127280354499817,-0.13052110373973846,0.19777047634124756,-0.11499889194965363,-0.3712625205516815,-0.032259728759527206,0.13664130866527557,0.4468074142932892,0.0,0.0,0.0,0.0,0.0,0.0,0.0,0.22880610823631287,-0.1900009959936142,-0.1529480367898941,-0.37034040689468384,-0.8822574019432068,-0.2930654287338257,0.7484263777732849,1.0107421875,1.5,1.006955623626709,1.5,-9.47362495935522e-05,-0.6986327767372131,-0.699999988079071
200,1783686171.217591,367271.854090,0.049976,0,,,8,-0.08869289606809616,0.19098147749900818,-0.13829828798770905,-0.29405149817466736,-0.03707171231508255,0.19564393162727356,0.4497380554676056,-0.002082712482661009,-0.000289231218630448,-0.0020827155094593763,-0.0002892097400035709,-0.001749789691530168,-0.003996231593191624,-4.235904725646833e-06,0.22561015188694,-0.1769164651632309,-0.1650637537240982,-0.39014655351638794,-0.8399301171302795,-0.25659188628196716,0.7115864753723145,0.7539198994636536,1.1967172622680664,0.2511983811855316,1.0108222961425781,0.0741468071937561,-0.3331187665462494,-0.4017583727836609,-0.12906387448310852,0.19777047634124756,-0.11817137897014618,-0.3712625205516815,-0.032259728759527206,0.1345241367816925,0.44726601243019104,0.0,0.0,0.0,0.0,0.0,0.0,0.0,0.221085786819458,-0.1900009959936142,-0.16838112473487854,-0.3621854782104492,-0.8684414625167847,-0.30937665700912476,0.7376951575279236,1.0048828125,1.5,1.004360318183899,1.5,0.0007254528463818133,-0.699999988079071,-0.699999988079071
201,1783686171.267637,367271.904103,0.050013,0,,,9,-0.08903412520885468,0.19084829092025757,-0.136892169713974,-0.29384341835975647,-0.0377347357571125,0.1955643743276596,0.44933295249938965,-0.002082693623378873,-0.0002891586336772889,-0.0020824074745178223,-0.0002890941686928272,-0.0017505408031865954,-0.004005647264420986,-4.190582785668084e-06,0.2236919105052948,-0.17689765989780426,-0.16494901478290558,-0.386179655790329,-0.840266227722168,-0.26629143953323364,0.7101207971572876,0.7841125726699829,1.2326750755310059,0.2510913610458374,1.029309630393982,0.07106257975101471,-0.32255637645721436,-0.40199893712997437,-0.13343553245067596,0.19777047634124756,-0.12451634556055069,-0.36160629987716675,-0.04035183787345886,0.13311269879341125,0.4452022612094879,0.0,0.0,0.0,0.0,0.0,0.0,0.0,0.2326662540435791,-0.1900009959936142,-0.17609766125679016,-0.368301659822464,-0.8988365530967712,-0.32287561893463135,0.759157657623291,1.0224609375,1.5,1.0121461153030396,1.5,-0.008706721477210522,-0.699999988079071,-0.699999988079071
202,1783686171.317553,367271.954013,0.049910,0,,,10,-0.08961233496665955,0.19076694548130035,-0.13622860610485077,-0.2932567000389099,-0.0387166365981102,0.19532518088817596,0.4488900601863861,-0.002081705955788493,-0.0002889104653149843,-0.002081328770145774,-0.00028883179766125977,-0.001751578412950039,-0.004014802165329456,-3.946808647015132e-06,0.2190529853105545,-0.1768878996372223,-0.1666174679994583,-0.3784012198448181,-0.8402928113937378,-0.28263014554977417,0.7090451717376709,0.8161081075668335,1.27174973487854,0.2524438202381134,1.0555329322814941,0.0661427304148674,-0.309563010931015,-0.40238142013549805,-0.13052110373973846,0.19679929316043854,-0.11420577019453049,-0.3712625205516815,-0.03711499646306038,0.13805276155471802,0.4470367133617401,0.0,0.0,0.0,0.0,0.0,0.0,0.0,0.22494594752788544,-0.1900009959936142,-0.16838112473487854,-0.37034040689468384,-0.8850206136703491,-0.317813515663147,0.75110924243927,1.013671875,1.5,1.0121461153030396,1.5,-0.0009149253601208329,-0.699999988079071,-0.699999988079071
203,1783686171.367551,367272.004018,0.050006,0,,,11,-0.09111031144857407,0.19067932665348053,-0.1363428682088852,-0.29078319668769836,-0.0404195636510849,0.19495287537574768,0.4484100639820099,-0.0020847253035753965,-0.0002893395139835775,-0.002084269654005766,-0.0002892462653107941,-0.001752224052324891,-0.004023958463221788,-4.011028522654669e-06,0.21863815188407898,-0.17656615376472473,-0.16889198124408722,-0.3767867982387543,-0.8424610495567322,-0.2933478057384491,0.7088515162467957,0.8346743583679199,1.2941306829452515,0.2525159418582916,1.0717036724090576,0.06210947781801224,-0.3042720854282379,-0.4026373624801636,-0.12760666012763977,0.19777047634124756,-0.1102401614189148,-0.3712625205516815,-0.03549657389521599,0.13805276155471802,0.4442850351333618,0.0,0.0,0.0,0.0,0.0,0.0,0.0,0.20564517378807068,-0.1900009959936142,-0.1915307492017746,-0.3642241954803467,-0.8573886752128601,-0.35212334990501404,0.7403779625892639,1.00927734375,1.5,1.01474130153656,1.5,0.00031535830930806696,-0.699999988079071,-0.699999988079071
204,1783686171.417549,367272.054010,0.049992,0,,,12,-0.09137139469385147,0.190524160861969,-0.1356571465730667,-0.29004883766174316,-0.04183264076709747,0.19493825733661652,0.44803300499916077,-0.002087557688355446,-0.0002897264203056693,-0.0020870433654636145,-0.0002896284859161824,-0.0017533977515995502,-0.004034343641251326,-3.962514711020049e-06,0.21728013455867767,-0.17646139860153198,-0.170021653175354,-0.37480470538139343,-0.8441704511642456,-0.303178071975708,0.7090251445770264,0.855431079864502,1.318469762802124,0.25244367122650146,1.0856093168258667,0.058894265443086624,-0.2977153956890106,-0.4029272198677063,-0.1378071904182434,0.1997128427028656,-0.11499889194965363,-0.36643439531326294,-0.03873341903090477,0.13805276155471802,0.44841256737709045,0.0,0.0,0.0,0.0,0.0,0.0,0.0,0.20950531959533691,-0.1900009959936142,-0.19924728572368622,-0.36626294255256653,-0.8684414625167847,-0.35381069779396057,0.7537920475006104,1.01513671875,1.5,1.01474130153656,1.5,-0.0009149253601208329,-0.699999988079071,-0.699999988079071
205,1783686171.467692,367272.104109,0.050099,0,,,13,-0.09134367853403091,0.19043850898742676,-0.13408292829990387,-0.29003962874412537,-0.04244019091129303,0.19494441151618958,0.44753366708755493,-0.0020903553813695908,-0.0002901193802244961,-0.002089696004986763,-0.0002899996761698276,-0.0017540928674861789,-0.004041170235723257,-3.871305125358049e-06,0.2120911031961441,-0.17622949182987213,-0.17383067309856415,-0.3675910234451294,-0.8433986306190491,-0.31614741683006287,0.7098655104637146,0.8669385313987732,1.3324307203292847,0.2532994747161865,1.0940194129943848,0.055993806570768356,-0.2917676270008087,-0.4031496047973633,-0.13343553245067596,0.1997128427028656,-0.11420577019453049,-0.37287190556526184,-0.03873341903090477,0.13522987067699432,0.4479539394378662,0.0,0.0,0.0,0.0,0.0,0.0,0.0,0.221085786819458,-0.1900009959936142,-0.21468037366867065,-0.3581080138683319,-0.8601518273353577,-0.3802461624145508,0.7537920475006104,1.001953125,1.5,1.0017651319503784,1.4970703125,-0.0013250198680907488,-0.699999988079071,-0.699999988079071
206,1783686171.517491,367272.153962,0.049853,0,,,14,-0.09350845217704773,0.19048167765140533,-0.13368463516235352,-0.2894095182418823,-0.043426018208265305,0.19502364099025726,0.4472839832305908,-0.0020929835736751556,-0.0002904588764067739,-0.002092475537210703,-0.00029036711202934384,-0.00175541325006634,-0.004053669050335884,-4.0153736335923895e-06,0.2076663374900818,-0.1754651665687561,-0.18122908473014832,-0.3610999584197998,-0.8427251577377319,-0.3313933312892914,0.7123777270317078,0.879109263420105,1.3475935459136963,0.25389763712882996,1.1061413288116455,0.05236005038022995,-0.28573232889175415,-0.40343064069747925,-0.13197831809520721,0.1997128427028656,-0.11103328317403793,-0.364825040102005,-0.03549657389521599,0.13805276155471802,0.44382643699645996,0.0,0.0,0.0,0.0,0.0,0.0,0.0,0.20564517378807068,-0.1900009959936142,-0.21853864192962646,-0.3764565885066986,-0.8380463123321533,-0.3622475564479828,0.7430607676506042,1.013671875,1.5,1.006955623626709,1.5,-0.004605776164680719,-0.699999988079071,-0.699999988079071
207,1783686171.567484,367272.203962,0.050000,0,,,15,-0.0941726490855217,0.19054433703422546,-0.13355688750743866,-0.28948476910591125,-0.04406348615884781,0.1948716938495636,0.44713306427001953,-0.0020957200322300196,-0.00029084377456456423,-0.0020949323661625385,-0.0002907066373154521,-0.0017558990512043238,-0.004061039071530104,-3.956448381359223e-06,0.20761089026927948,-0.17446516454219818,-0.1880674809217453,-0.3572862148284912,-0.8414176106452942,-0.343512624502182,0.7127371430397034,0.8855453133583069,1.3562870025634766,0.2537873685359955,1.1133370399475098,0.049950454384088516,-0.2830461859703064,-0.40363261103630066,-0.1378071904182434,0.19777047634124756,-0.11103328317403793,-0.36804378032684326,-0.03873341903090477,0.13664130866527557,0.44841256737709045,0.0,0.0,0.0,0.0,0.0,0.0,0.0,0.20950531959533691,-0.1900009959936142,-0.21853864192962646,-0.39276644587516785,-0.8435726761817932,-0.3712468445301056,0.7484263777732849,0.99609375,1.5,1.0095508098602295,1.4970703125,0.001955736428499222,-0.699999988079071,-0.699999988079071
208,1783686171.692211,367272.328613,0.124651,1,16,0.074585,0,-0.09417136013507843,0.19063329696655273,-0.13264819979667664,-0.2893467843532562,-0.04469355195760727,0.19474627077579498,0.44679346680641174,-0.002096140291541815,-0.0002908283786382526,-0.0020949046593159437,-0.0002906183653976768,-0.0017565665766596794,-0.004073598422110081,-4.054949840792688e-06,0.20680327713489532,-0.1742575317621231,-0.19437076151371002,-0.35579803586006165,-0.8382146954536438,-0.3500368595123291,0.7153882384300232,0.8923104405403137,1.3657430410385132,0.25386813282966614,1.1191624402999878,0.04883618652820587,-0.27792394161224365,-0.40388450026512146,-0.15820825099945068,0.19679929316043854,-0.12530946731567383,-0.34390318393707275,0.00658240495249629,0.12676118314266205,0.4534572660923004,0.0,0.0,0.0,0.0,0.0,0.0,0.0,0.24810688197612762,-0.1900009959936142,-0.2764127254486084,-0.37034040689468384,-0.7993615865707397,-0.40611913800239563,0.7698889374732971,1.001953125,1.5,1.0173366069793701,1.5,-0.002145209116861224,-0.699999988079071,-0.699999988079071
209,1783686171.692540,367272.329015,0.000402,0,,,1,-0.0945521891117096,0.1906169205904007,-0.13204817473888397,-0.28918391466140747,-0.04515048861503601,0.19473038613796234,0.44669392704963684,-0.0020948804449290037,-0.00029057502979412675,-0.0020938667003065348,-0.00029039973742328584,-0.0017572673968970776,-0.004081972874701023,-4.120217909076018e-06,0.20665758848190308,-0.1742214411497116,-0.19725847244262695,-0.35643574595451355,-0.8373786807060242,-0.352104127407074,0.7176609039306641,0.8953306078910828,1.3705469369888306,0.254051148891449,1.1241858005523682,0.048497699201107025,-0.2762000262737274,-0.40407806634902954,-0.15529382228851318,0.1948569267988205,-0.12451634556055069,-0.35034069418907166,0.0033455602824687958,0.12393828481435776,0.4562089443206787,0.0,0.0,0.0,0.0,0.0,0.0,0.0,0.22880610823631287,-0.1900009959936142,-0.28412926197052,-0.413153737783432,-0.7689664959907532,-0.37462159991264343,0.8074483871459961,1.0048828125,1.5,1.0095508098602295,1.5,0.001545641920529306,-0.699999988079071,-0.699999988079071
210,1783686171.717550,367272.354021,0.025006,0,,,2,-0.09561660140752792,0.19054725766181946,-0.13132494688034058,-0.28900736570358276,-0.045891594141721725,0.1946800947189331,0.4466642439365387,-0.0020908834412693977,-0.000289841991616413,-0.002090201945975423,-0.0002897193771786988,-0.0017584603046998382,-0.004095527809113264,-4.122437530895695e-06,0.20668621361255646,-0.174221009016037,-0.20035845041275024,-0.35783275961875916,-0.8368606567382812,-0.3541937470436096,0.7208311557769775,0.8978251218795776,1.3770653009414673,0.25433242321014404,1.1318954229354858,0.047983866184949875,-0.27318477630615234,-0.40438112616539,-0.16112269461154938,0.19388574361801147,-0.12134386599063873,-0.3422938287258148,-0.0015097063733264804,0.12252683192491531,0.4598778486251831,0.0,0.0,0.0,0.0,0.0,0.0,0.0,0.2326662540435791,-0.1900009959936142,-0.3034206032752991,-0.43761852383613586,-0.7219921946525574,-0.33187490701675415,0.8101311922073364,1.0107421875,1.5,1.006955623626709,1.5,-0.004605776164680719,-0.699999988079071,-0.699999988079071
211,1783686171.767625,367272.404120,0.050099,0,,,3,-0.10101339221000671,0.18947738409042358,-0.13326764106750488,-0.28446757793426514,-0.043783340603113174,0.19387151300907135,0.4467211067676544,-0.002097046235576272,-0.000290782394586131,-0.002094272058457136,-0.0002903459535446018,-0.001758995116688311,-0.004109484143555164,-4.556573912850581e-06,0.2103751003742218,-0.1726786494255066,-0.21209987998008728,-0.3610113859176636,-0.8263809680938721,-0.3573136329650879,0.731170117855072,0.8985856175422668,1.3800376653671265,0.254195898771286,1.1352728605270386,0.04783415049314499,-0.2727356255054474,-0.40462368726730347,-0.15966548025608063,0.19388574361801147,-0.11817137897014618,-0.3455125689506531,-0.0031281285919249058,0.12323255836963654,0.4607950747013092,0.0,0.0,0.0,0.0,0.0,0.0,0.0,0.22494594752788544,-0.1900009959936142,-0.29956233501434326,-0.4681994616985321,-0.691597044467926,-0.28519105911254883,0.8208624720573425,1.0107421875,1.5,1.006955623626709,1.5,-0.002145209116861224,-0.699999988079071,-0.699999988079071
212,1783686171.817547,367272.454024,0.049904,0,,,4,-0.11186391860246658,0.18818436563014984,-0.13516901433467865,-0.2746775150299072,-0.03616388514637947,0.1898145228624344,0.44866514205932617,-0.002099837176501751,-0.0002911375486291945,-0.002096428768709302,-0.0002906056179199368,-0.0017598061822354794,-0.0041275713592767715,-4.660793820221443e-06,0.22349485754966736,-0.17214559018611908,-0.2420470267534256,-0.3737615644931793,-0.7919341325759888,-0.3502403795719147,0.7621766328811646,0.9001719951629639,1.383739948272705,0.2590181231498718,1.137101173400879,0.04767851531505585,-0.27249354124069214,-0.40525081753730774,-0.16403713822364807,0.1900009959936142,-0.11975762248039246,-0.3455125689506531,-0.009601817466318607,0.12393828481435776,0.462629497051239,0.0,0.0,0.0,0.0,0.0,0.0,0.0,0.2326662540435791,-0.1900009959936142,-0.3149954080581665,-0.5089740753173828,-0.6612019538879395,-0.25988051295280457,0.84232497215271,1.0078125,1.5,1.0121461153030396,1.5,-0.005015871021896601,-0.699999988079071,-0.699999988079071
213,1783686171.867508,367272.504006,0.049982,0,,,5,-0.11589077115058899,0.1879846602678299,-0.1349804699420929,-0.27181875705718994,-0.03337867558002472,0.18797028064727783,0.45066389441490173,-0.0020904545672237873,-0.00028953832224942744,-0.0020883060060441494,-0.00028919364558532834,-0.0017605094471946359,-0.004131602123379707,-4.11704331781948e-06,0.23029938340187073,-0.1726466566324234,-0.25840723514556885,-0.3870890438556671,-0.7690381407737732,-0.32905951142311096,0.7842886447906494,0.9020619988441467,1.3858815431594849,0.2692008316516876,1.1383180618286133,0.04762273281812668,-0.2712027132511139,-0.4053962528705597,-0.16549435257911682,0.19679929316043854,-0.12768884003162384,-0.35034069418907166,-0.009601817466318607,0.12464400380849838,0.4617123007774353,0.0,0.0,0.0,0.0,0.0,0.0,0.0,0.20564517378807068,-0.1900009959936142,-0.3188536763191223,-0.5375162959098816,-0.6087012887001038,-0.22163349390029907,0.8584218621253967,0.990234375,1.5,1.006955623626709,1.5,-0.002965398132801056,-0.699999988079071,-0.6958984136581421
214,1783686171.917559,367272.554049,0.050044,0,,,6,-0.1200871616601944,0.18632760643959045,-0.1348944455385208,-0.2705937623977661,-0.03237283229827881,0.18673987686634064,0.4527168869972229,-0.0020860156510025263,-0.00028874503914266825,-0.0020846151746809483,-0.0002885113353841007,-0.001761399325914681,-0.004141265992075205,-3.965135420003207e-06,0.23947739601135254,-0.17371372878551483,-0.2771957814693451,-0.41153594851493835,-0.7409968972206116,-0.2934039235115051,0.8176149129867554,0.9041673541069031,1.3882331848144531,0.2860795855522156,1.1387079954147339,0.047746770083904266,-0.2662752866744995,-0.40539729595184326,-0.16986601054668427,0.19582810997962952,-0.12293010950088501,-0.34873130917549133,-0.012838661670684814,0.13099552690982819,0.4718017280101776,0.0,0.0,0.0,0.0,0.0,0.0,0.0,0.19406470656394958,-0.1900009959936142,-0.3265702426433563,-0.5660585761070251,-0.5783061385154724,-0.1580759435892105,0.8637875318527222,1.00048828125,1.5,1.006955623626709,1.4970703125,0.00113554741255939,-0.699999988079071,-0.699999988079071
215,1783686171.967767,367272.604153,0.050104,0,,,7,-0.12225152552127838,0.18660929799079895,-0.13501887023448944,-0.2704766094684601,-0.031881507486104965,0.1863296777009964,0.4539361894130707,-0.0020783529616892338,-0.00028741644928231835,-0.002076434902846813,-0.000287102215224877,-0.0017619263380765915,-0.004146846476942301,-3.802220362558728e-06,0.23891611397266388,-0.1748502552509308,-0.2871209979057312,-0.4245973825454712,-0.7188641428947449,-0.26354023814201355,0.8429622054100037,0.9046736359596252,1.389609456062317,0.3029209077358246,1.1389514207839966,0.047960635274648666,-0.254458487033844,-0.4052186608314514,-0.1742376685142517,0.1900009959936142,-0.13403381407260895,-0.3422938287258148,-0.009601817466318607,0.12676118314266205,0.475470632314682,0.0,0.0,0.0,0.0,0.0,0.0,0.0,0.19020454585552216,-0.1900009959936142,-0.3458615839481354,-0.6109106540679932,-0.5202791094779968,-0.106892429292202,0.8718359470367432,1.0107421875,1.5,1.006955623626709,1.5,-0.002965398132801056,-0.699999988079071,-0.699999988079071
216,1783686172.017763,367272.654186,0.050033,0,,,8,-0.1265886127948761,0.18673044443130493,-0.13609729707241058,-0.2697702944278717,-0.03154342249035835,0.18640610575675964,0.45731326937675476,-0.00208346638828516,-0.0002881913969758898,-0.0020815664902329445,-0.00028788353665731847,-0.0017632408998906612,-0.004157956223934889,-3.922604264516849e-06,0.23112599551677704,-0.175255686044693,-0.29722702503204346,-0.4486616551876068,-0.6853265762329102,-0.2097206562757492,0.8705818057060242,0.9052214026451111,1.3910781145095825,0.3271050453186035,1.139212965965271,0.04817677289247513,-0.23548400402069092,-0.40505391359329224,-0.17860932648181915,0.1900009959936142,-0.1332406848669052,-0.3406844437122345,-0.009601817466318607,0.13028979301452637,0.4818911850452423,0.0,0.0,0.0,0.0,0.0,0.0,0.0,0.18634440004825592,-0.1900009959936142,-0.3458615839481354,-0.6394528746604919,-0.5175158977508545,-0.07426997274160385,0.8932985067367554,1.00927734375,1.5,1.0095508098602295,1.5,-0.0017351144924759865,-0.699999988079071,-0.699999988079071
217,1783686172.067692,367272.704054,0.049867,0,,,9,-0.13030046224594116,0.18585681915283203,-0.1391785889863968,-0.26762619614601135,-0.031203512102365494,0.1863643079996109,0.46079644560813904,-0.0020840740762650967,-0.0002882498665712774,-0.002082489663735032,-0.00028799011488445103,-0.001764068379998207,-0.00416332995519042,-3.7868612707825378e-06,0.2259621024131775,-0.17533308267593384,-0.3072904646396637,-0.47530168294906616,-0.6550917625427246,-0.16809038817882538,0.8855372667312622,0.9058759212493896,1.3918797969818115,0.3404151201248169,1.1393333673477173,0.048292990773916245,-0.22358304262161255,-0.4049980640411377,-0.1829809844493866,0.19194336235523224,-0.14196501672267914,-0.3422938287258148,-0.012838661670684814,0.1317012459039688,0.4834963381290436,0.0,0.0,0.0,0.0,0.0,0.0,0.0,0.1593233048915863,-0.1900009959936142,-0.33042851090431213,-0.6720725297927856,-0.4898839592933655,-0.04052259773015976,0.9093953967094421,1.013671875,1.5,1.006955623626709,1.5,-9.47362495935522e-05,-0.699999988079071,-0.699999988079071
218,1783686172.117563,367272.754053,0.049999,0,,,10,-0.13446596264839172,0.18447597324848175,-0.14370450377464294,-0.2644253373146057,-0.030779073014855385,0.18647146224975586,0.4658578932285309,-0.002086737658828497,-0.00028857862344011664,-0.0020860503427684307,-0.00028846293571405113,-0.0017654052935540676,-0.004173735622316599,-3.872364686685614e-06,0.21617840230464935,-0.17564447224140167,-0.3182471692562103,-0.5186253190040588,-0.6198199987411499,-0.11685804277658463,0.902631938457489,0.9071351885795593,1.3927830457687378,0.3532636761665344,1.1394990682601929,0.04835956543684006,-0.21495464444160461,-0.4050789177417755,-0.1888098567724228,0.19097217917442322,-0.14196501672267914,-0.3358563184738159,-0.012838661670684814,0.13099552690982819,0.4892289936542511,0.0,0.0,0.0,0.0,0.0,0.0,0.0,0.15160299837589264,-0.1900009959936142,-0.3574363887310028,-0.7006147503852844,-0.4567256569862366,-2.5752429792191833e-05,0.9040297269821167,1.0048828125,1.5,1.004360318183899,1.5,-0.00624615466222167,-0.699999988079071,-0.699999988079071
219,1783686172.167528,367272.803992,0.049939,0,,,11,-0.13814741373062134,0.18439403176307678,-0.14743058383464813,-0.26349204778671265,-0.03063027933239937,0.1866554617881775,0.469256192445755,-0.0020846310071647167,-0.000288141134660691,-0.002084624720737338,-0.0002881366526708007,-0.0017664493061602116,-0.004178624600172043,-3.700866727740504e-06,0.20321175456047058,-0.1760282665491104,-0.31949087977409363,-0.5476040244102478,-0.5953950881958008,-0.08293341100215912,0.9149399995803833,0.9082596898078918,1.3933790922164917,0.3599928915500641,1.1396018266677856,0.04838719218969345,-0.21187323331832886,-0.4051832854747772,-0.1888098567724228,0.1900009959936142,-0.14989623427391052,-0.3358563184738159,-0.009601817466318607,0.1317012459039688,0.4934711456298828,0.0,0.0,0.0,0.0,0.0,0.0,0.0,0.12458191066980362,-0.1900009959936142,-0.3690112233161926,-0.7373119592666626,-0.44290968775749207,0.041596006602048874,0.9093953967094421,1.0048828125,1.5,1.0173366069793701,1.5,0.006056682206690311,-0.699999988079071,-0.699999988079071
220,1783686172.217516,367272.853986,0.049993,0,,,12,-0.1447552740573883,0.18393605947494507,-0.15445710718631744,-0.2619302272796631,-0.03051072545349598,0.18673303723335266,0.4732097089290619,-0.002096540294587612,-0.000289943884126842,-0.0020966536831110716,-0.0002899584360420704,-0.001767316716723144,-0.0041893222369253635,-3.863076926791109e-06,0.1848101168870926,-0.17606233060359955,-0.32260406017303467,-0.587841272354126,-0.5601267218589783,-0.03942696005105972,0.9262036085128784,0.9110900163650513,1.3978489637374878,0.3641907870769501,1.138767123222351,0.04726625978946686,-0.2098299115896225,-0.4055521488189697,-0.19463872909545898,0.1900009959936142,-0.1578274518251419,-0.334246963262558,-0.009601817466318607,0.13240696489810944,0.4938150942325592,0.0,0.0,0.0,0.0,0.0,0.0,0.0,0.10142097622156143,-0.19095422327518463,-0.3612946569919586,-0.7495443224906921,-0.445672869682312,0.08659250289201736,0.898664116859436,1.00341796875,1.5,1.0095508098602295,1.5,0.00113554741255939,-0.699999988079071,-0.699999988079071
221,1783686172.267505,367272.903982,0.049997,0,,,13,-0.14734213054180145,0.1837037354707718,-0.15870603919029236,-0.2615809738636017,-0.03025517426431179,0.18670868873596191,0.47670236229896545,-0.0021029512863606215,-0.00029089549207128584,-0.0021026970352977514,-0.00029084968264214694,-0.0017675587441772223,-0.004196200519800186,-3.8549046621483285e-06,0.1688026785850525,-0.1761450171470642,-0.33191603422164917,-0.614764392375946,-0.5395349860191345,-0.0049582598730921745,0.9328466057777405,0.9153187274932861,1.4090937376022339,0.3690817356109619,1.1384124755859375,0.04494423419237137,-0.20901624858379364,-0.40673258900642395,-0.19463872909545898,0.19194336235523224,-0.16099993884563446,-0.3294188380241394,-0.009601817466318607,0.1281726211309433,0.4965667724609375,0.0,0.0,0.0,0.0,0.0,0.0,0.0,0.05123895779252052,-0.19381392002105713,-0.3458615839481354,-0.7862414717674255,-0.41942253708839417,0.14058829843997955,0.9093953967094421,1.00927734375,1.4970703125,1.006955623626709,1.5,-0.0013250198680907488,-0.699999988079071,-0.699999988079071
222,1783686172.317547,367272.953989,0.050007,0,,,14,-0.150474414229393,0.18356715142726898,-0.16526105999946594,-0.2596866190433502,-0.02987268939614296,0.18677467107772827,0.4807202219963074,-0.0021032493095844984,-0.000290793483145535,-0.0021030837669968605,-0.00029075928614474833,-0.0017682763282209635,-0.004207368474453688,-3.944550826417981e-06,0.14100243151187897,-0.17683297395706177,-0.338580846786499,-0.6466167569160461,-0.5185254812240601,0.044943273067474365,0.9348112940788269,0.9168143272399902,1.4173728227615356,0.374957799911499,1.1383692026138306,0.044707197695970535,-0.20659078657627106,-0.40704378485679626,-0.19755317270755768,0.1900009959936142,-0.16417242586612701,-0.334246963262558,-0.006364972796291113,0.13522987067699432,0.5020701289176941,0.0,0.0,0.0,0.0,0.0,0.0,0.0,0.004917094483971596,-0.2014397829771042,-0.3612946569919586,-0.8066287636756897,-0.390408992767334,0.19458410143852234,0.8772016167640686,0.9990234375,1.5,1.0121461153030396,1.5,-0.0013250198680907488,-0.699999988079071,-0.699999988079071
223,1783686172.367555,367273.004004,0.050015,0,,,15,-0.15237605571746826,0.18355461955070496,-0.16974133253097534,-0.257830947637558,-0.02961304411292076,0.18666955828666687,0.48299679160118103,-0.0021066362969577312,-0.00029124115826562047,-0.002106150146573782,-0.000291155040031299,-0.001768631162121892,-0.004215685185045004,-3.99900955017074e-06,0.11337544023990631,-0.1782878339290619,-0.33815720677375793,-0.6668524146080017,-0.5040464997291565,0.0849553570151329,0.9377435445785522,0.9192283749580383,1.4228079319000244,0.37745872139930725,1.1383370161056519,0.04457136243581772,-0.20465195178985596,-0.407208651304245,-0.20775370299816132,0.1900009959936142,-0.17686237394809723,-0.3294188380241394,-0.006364972796291113,0.13099552690982819,0.5112423300743103,0.0,0.0,0.0,0.0,0.0,0.0,0.0,-0.018243838101625443,-0.21669147908687592,-0.3612946569919586,-0.8392484784126282,-0.37382984161376953,0.23958058655261993,0.8772016167640686,1.00634765625,1.5,1.004360318183899,1.5,-0.0017351144924759865,-0.699999988079071,-0.699999988079071
224,1783686172.494616,367273.131083,0.127079,1,16,0.077082,0,-0.1548495590686798,0.18341077864170074,-0.1765986531972885,-0.25644510984420776,-0.029166853055357933,0.18695256114006042,0.48711422085762024,-0.0021165197249501944,-0.00029271774110384285,-0.002116082701832056,-0.0002926415472757071,-0.0017696514260023832,-0.0042297751642763615,-4.247795004630461e-06,0.06621964275836945,-0.18418051302433014,-0.33806154131889343,-0.6965484023094177,-0.477499783039093,0.14360614120960236,0.9347313046455383,0.9221320748329163,1.4296414852142334,0.3838234841823578,1.1383306980133057,0.04435638338327408,-0.2012653797864914,-0.40742769837379456,-0.19755317270755768,0.1900009959936142,-0.1514824777841568,-0.3229813575744629,-0.032259728759527206,0.11970394104719162,0.4910634160041809,0.0,0.0,0.0,0.0,0.0,0.0,0.0,0.008777249604463577,-0.207159161567688,-0.38444429636001587,-0.8433259129524231,-0.3620862662792206,0.13158899545669556,0.9737829566001892,0.9990234375,1.5,1.0017651319503784,1.5,0.0023658310528844595,-0.699999988079071,-0.699999988079071
225,1783686172.494880,367273.131410,0.000326,0,,,1,-0.1588621437549591,0.18329952657222748,-0.18370431661605835,-0.2548450231552124,-0.02883192151784897,0.18707992136478424,0.4914480745792389,-0.002122101141139865,-0.0002935086959041655,-0.00212208298034966,-0.0002935010998044163,-0.0017705436330288649,-0.004244108218699694,-4.599086878442904e-06,0.03784245625138283,-0.19268850982189178,-0.3387405276298523,-0.7236472964286804,-0.45844221115112305,0.18234683573246002,0.9288151860237122,0.923784613609314,1.4336227178573608,0.3850286304950714,1.138240933418274,0.0442255400121212,-0.19849036633968353,-0.40756022930145264,-0.20629647374153137,0.1900009959936142,-0.15465496480464935,-0.31332510709762573,-0.030641306191682816,0.12182111293077469,0.5009235739707947,0.0,0.0,0.0,0.0,0.0,0.0,0.0,-0.022103993222117424,-0.2252705693244934,-0.37286949157714844,-0.8433259129524231,-0.35034269094467163,0.15858690440654755,0.9576860666275024,1.01220703125,1.5,1.0121461153030396,1.5,0.0007254528463818133,-0.699999988079071,-0.699999988079071
226,1783686172.517509,367273.153988,0.022578,0,,,2,-0.16273517906665802,0.1831420511007309,-0.19023659825325012,-0.25423088669776917,-0.028399307280778885,0.18705590069293976,0.49546751379966736,-0.002134054433554411,-0.00029525705031119287,-0.0021347745787352324,-0.0002953634539153427,-0.0017714110435917974,-0.0042649488896131516,-4.953800271323416e-06,0.016414951533079147,-0.1995418816804886,-0.3393588066101074,-0.7542935013771057,-0.4362770915031433,0.21550188958644867,0.9213305115699768,0.9274221658706665,1.4376583099365234,0.386282354593277,1.1382402181625366,0.04400540515780449,-0.19541947543621063,-0.407845675945282,-0.20629647374153137,0.1900009959936142,-0.1578274518251419,-0.31332510709762573,-0.032259728759527206,0.1189982146024704,0.5039045214653015,0.0,0.0,0.0,0.0,0.0,0.0,0.0,-0.07228600978851318,-0.2624466121196747,-0.38444429636001587,-0.8514808416366577,-0.3240923583507538,0.23733076453208923,0.9523204565048218,1.0107421875,1.5,1.0121461153030396,1.5,0.001955736428499222,-0.699999988079071,-0.699999988079071
227,1783686172.567535,367273.204004,0.050016,0,,,3,-0.16415756940841675,0.18295225501060486,-0.19043633341789246,-0.2524295747280121,-0.02884948067367077,0.18541085720062256,0.49632060527801514,-0.002144071040675044,-0.00029671727679669857,-0.002144650788977742,-0.00029679559520445764,-0.0017713448032736778,-0.004281992558389902,-5.211067218624521e-06,0.010780497454106808,-0.20298205316066742,-0.34270238876342773,-0.7636309266090393,-0.4223848581314087,0.21958506107330322,0.9280253648757935,0.9282035827636719,1.438405990600586,0.3886716663837433,1.1384000778198242,0.043830662965774536,-0.19495972990989685,-0.4081026017665863,-0.20192483067512512,0.1900009959936142,-0.16258618235588074,-0.31976261734962463,-0.032259728759527206,0.11970394104719162,0.5103251338005066,0.0,0.0,0.0,0.0,0.0,0.0,0.0,-0.13018834590911865,-0.2977161705493927,-0.38444429636001587,-0.8555583357810974,-0.2854076623916626,0.2755777835845947,0.9093953967094421,1.01513671875,1.5,1.0121461153030396,1.5,-0.0005048307939432561,-0.699999988079071,-0.699999988079071
228,1783686172.617484,367273.253987,0.049983,0,,,4,-0.1649525910615921,0.18287289142608643,-0.18278424441814423,-0.24667389690876007,-0.03234788402915001,0.18170593678951263,0.49702081084251404,-0.002149767940863967,-0.0002974836970679462,-0.0021489441860467196,-0.0002973313967231661,-0.0017709356034174562,-0.004299282096326351,-4.91575883643236e-06,-0.012147367000579834,-0.227979838848114,-0.34662050008773804,-0.7660823464393616,-0.3969552218914032,0.23327328264713287,0.9574583172798157,0.9320303797721863,1.4399183988571167,0.3957447111606598,1.1385364532470703,0.04367871582508087,-0.19197866320610046,-0.40829673409461975,-0.20775370299816132,0.1900009959936142,-0.16417242586612701,-0.32137197256088257,-0.029022883623838425,0.12676118314266205,0.5083186626434326,0.0,0.0,0.0,0.0,0.0,0.0,0.0,-0.14562895894050598,-0.3239300549030304,-0.3574363887310028,-0.8596357703208923,-0.2715916931629181,0.3070753514766693,0.8637875318527222,1.0048828125,1.5,1.006955623626709,1.5,-0.0013250198680907488,-0.699999988079071,-0.699999988079071
229,1783686172.667615,367273.304070,0.050083,0,,,5,-0.16443152725696564,0.18290573358535767,-0.18111799657344818,-0.24453683197498322,-0.03442410007119179,0.18121197819709778,0.4987935721874237,-0.0021446405444294214,-0.00029656352126039565,-0.0021436891984194517,-0.0002963873266708106,-0.001771500799804926,-0.004303240217268467,-4.323171197029296e-06,-0.04920390248298645,-0.25773268938064575,-0.349385142326355,-0.7665592432022095,-0.3743581771850586,0.25785768032073975,0.9612836837768555,0.9376389384269714,1.4418346881866455,0.40344706177711487,1.1385977268218994,0.043590959161520004,-0.18508930504322052,-0.4083651900291443,-0.20629647374153137,0.1900009959936142,-0.17051739990711212,-0.3294188380241394,-0.032259728759527206,0.12958407402038574,0.5149112343788147,0.0,0.0,0.0,0.0,0.0,0.0,0.0,-0.1842305213212967,-0.3553866744041443,-0.3612946569919586,-0.863713264465332,-0.23083460330963135,0.3745700716972351,0.8396421670913696,1.013671875,1.5,1.004360318183899,1.5,-0.0005048307939432561,-0.699999988079071,-0.699999988079071
230,1783686172.717493,367273.353985,0.049915,0,,,6,-0.1640680581331253,0.18282975256443024,-0.18129441142082214,-0.2427901178598404,-0.03612978383898735,0.1814580112695694,0.49980461597442627,-0.002151796128600836,-0.00029759950120933354,-0.0021516773849725723,-0.0002975623938255012,-0.0017732147825881839,-0.004323962610214949,-4.830174475500826e-06,-0.09138375520706177,-0.2934166491031647,-0.3463899791240692,-0.7755059599876404,-0.34530654549598694,0.29387998580932617,0.941795289516449,0.9431148767471313,1.4450511932373047,0.4095827639102936,1.1387208700180054,0.04343315586447716,-0.1793593466281891,-0.40852034091949463,-0.21066813170909882,0.1900009959936142,-0.18003486096858978,-0.3294188380241394,-0.0338781513273716,0.12958407402038574,0.5130767822265625,0.0,0.0,0.0,0.0,0.0,0.0,0.0,-0.21511176228523254,-0.3825537860393524,-0.3458615839481354,-0.8351709842681885,-0.21356463432312012,0.3925686776638031,0.7806202173233032,1.02099609375,1.5,1.0121461153030396,1.5,-0.0017351144924759865,-0.699999988079071,-0.699999988079071
231,1783686172.767572,367273.404007,0.050022,0,,,7,-0.1640707105398178,0.18281227350234985,-0.18182282149791718,-0.2429789900779724,-0.037007398903369904,0.1816442757844925,0.5016660690307617,-0.0021517504937946796,-0.000297520833555609,-0.0021520094014704227,-0.0002975444367621094,-0.001773936441168189,-0.004334879573434591,-4.837259893974988e-06,-0.11685550957918167,-0.31523895263671875,-0.34203165769577026,-0.7821421027183533,-0.3222195506095886,0.32315072417259216,0.9260659217834473,0.9450809955596924,1.446935772895813,0.411499947309494,1.138811707496643,0.04330898076295853,-0.17770548164844513,-0.40861865878105164,-0.2135825753211975,0.1900009959936142,-0.17686237394809723,-0.32620009779930115,-0.032259728759527206,0.13099552690982819,0.5185801386833191,0.0,0.0,0.0,0.0,0.0,0.0,0.0,-0.2691539227962494,-0.3968522548675537,-0.3458615839481354,-0.8392484784126282,-0.18316951394081116,0.4195665717124939,0.75110924243927,1.0078125,1.5,1.0121461153030396,1.5,0.002775925677269697,-0.699999988079071,-0.699999988079071
232,1783686172.817542,367273.454034,0.050027,0,,,8,-0.16524606943130493,0.18284890055656433,-0.18628878891468048,-0.24363493919372559,-0.03848826140165329,0.18196476995944977,0.5044659376144409,-0.00214201002381742,-0.0002957810356747359,-0.002142676617950201,-0.0002958701516035944,-0.0017749965190887451,-0.0043502626940608025,-4.650672963180114e-06,-0.16027279198169708,-0.34921446442604065,-0.3295955955982208,-0.7815619707107544,-0.28430330753326416,0.3666934370994568,0.8867201805114746,0.9477410316467285,1.4479519128799438,0.413663387298584,1.138962984085083,0.04310522973537445,-0.1731090098619461,-0.4087578058242798,-0.20629647374153137,0.1900009959936142,-0.18003486096858978,-0.33263757824897766,-0.03711499646306038,0.1281726211309433,0.5147965550422668,0.0,0.0,0.0,0.0,0.0,0.0,0.0,-0.2923148572444916,-0.40709951519966125,-0.29956233501434326,-0.8310935497283936,-0.17349833250045776,0.4420648217201233,0.694770097732544,1.013671875,1.5,1.0095508098602295,1.5,-0.0033754927571862936,-0.699999988079071,-0.699999988079071
233,1783686172.867543,367273.503983,0.049949,0,,,9,-0.1671445220708847,0.18281687796115875,-0.18930353224277496,-0.2441301792860031,-0.03923821821808815,0.18215253949165344,0.5058907270431519,-0.0021442126017063856,-0.00029603842995129526,-0.0021445106249302626,-0.00029607032774947584,-0.0017755075823515654,-0.004363788291811943,-4.815633928956231e-06,-0.19433195888996124,-0.3654552102088928,-0.3213519752025604,-0.7783254384994507,-0.261003315448761,0.3947088420391083,0.8583534955978394,0.9504002332687378,1.4487982988357544,0.4168160855770111,1.1391123533248901,0.042993634939193726,-0.17138926684856415,-0.408877432346344,-0.20775370299816132,0.1900009959936142,-0.1847935914993286,-0.33263757824897766,-0.04197026044130325,0.12676118314266205,0.5181214809417725,0.0,0.0,0.0,0.0,0.0,0.0,0.0,-0.33863672614097595,-0.41258057951927185,-0.29570406675338745,-0.8229386210441589,-0.15415598452091217,0.4735623598098755,0.657210648059845,1.01806640625,1.5,0.9939793348312378,1.5,-0.00624615466222167,-0.699999988079071,-0.699999988079071
234,1783686172.917546,367273.553993,0.050010,0,,,10,-0.1668342798948288,0.18280862271785736,-0.19187016785144806,-0.24618972837924957,-0.04129090905189514,0.182288259267807,0.5067044496536255,-0.0021466754842549562,-0.0002963205333799124,-0.0021475052926689386,-0.00029643194284290075,-0.0017763222567737103,-0.004380818456411362,-4.861537945544114e-06,-0.23409821093082428,-0.38138189911842346,-0.29761093854904175,-0.7768727540969849,-0.23518748581409454,0.4282776415348053,0.8092326521873474,0.9529271721839905,1.4496711492538452,0.4182082712650299,1.1392946243286133,0.04279256612062454,-0.16837574541568756,-0.4089861810207367,-0.20629647374153137,0.1900009959936142,-0.18162110447883606,-0.33263757824897766,-0.03873341903090477,0.12676118314266205,0.5185801386833191,0.0,0.0,0.0,0.0,0.0,0.0,0.0,-0.3675878942012787,-0.41591688990592957,-0.26097962260246277,-0.7903189063072205,-0.12237926572561264,0.4735623598098755,0.6223340630531311,1.0078125,1.5,1.0121461153030396,1.5,-0.0017351144924759865,-0.699999988079071,-0.699999988079071
235,1783686172.967498,367273.603985,0.049992,0,,,11,-0.16665558516979218,0.18282073736190796,-0.19393211603164673,-0.2476065456867218,-0.04320623725652695,0.18226520717144012,0.5077258944511414,-0.0021452149376273155,-0.0002960105484817177,-0.0021457914263010025,-0.00029608095064759254,-0.0017766611417755485,-0.004390610381960869,-4.792956588062225e-06,-0.26130813360214233,-0.38736164569854736,-0.2802640497684479,-0.7726775407791138,-0.21745018661022186,0.44996386766433716,0.7803231477737427,0.9545761942863464,1.4501396417617798,0.4192027151584625,1.1394391059875488,0.042634159326553345,-0.16724663972854614,-0.40906134247779846,-0.20775370299816132,0.1900009959936142,-0.1847935914993286,-0.3294188380241394,-0.04035183787345886,0.12323255836963654,0.5167456865310669,0.0,0.0,0.0,0.0,0.0,0.0,0.0,-0.4042593538761139,-0.40972089767456055,-0.24940481781959534,-0.7699316143989563,-0.13619522750377655,0.4735623598098755,0.5928230285644531,1.01220703125,1.5,1.006955623626709,1.5,-0.004605776164680719,-0.699999988079071,-0.699999988079071
236,1783686173.017499,367273.653979,0.049994,0,,,12,-0.16608765721321106,0.1827850490808487,-0.1966378539800644,-0.24841339886188507,-0.045013073831796646,0.18221831321716309,0.5086023807525635,-0.002150654559955001,-0.000296757702017203,-0.0021506366319954395,-0.00029673633980564773,-0.0017773604486137629,-0.0044118547812104225,-5.033565230405657e-06,-0.30589407682418823,-0.3933749198913574,-0.24935434758663177,-0.7527605891227722,-0.18629401922225952,0.47476452589035034,0.7310454845428467,0.9562261700630188,1.4507282972335815,0.42092224955558777,1.1396948099136353,0.04236486926674843,-0.16573360562324524,-0.4092090427875519,-0.20046760141849518,0.1900009959936142,-0.1847935914993286,-0.3294188380241394,-0.03873341903090477,0.12746690213680267,0.5135353803634644,0.0,0.0,0.0,0.0,0.0,0.0,0.0,-0.4583015441894531,-0.39804381132125854,-0.21468037366867065,-0.7373119592666626,-0.13619522750377655,0.4870613217353821,0.5606292486190796,1.01220703125,1.5,1.0095508098602295,1.5,-0.0009149253601208329,-0.699999988079071,-0.699999988079071
237,1783686173.067505,367273.703978,0.049998,0,,,13,-0.1659523844718933,0.18280336260795593,-0.1975516378879547,-0.24859438836574554,-0.04569459706544876,0.1820596605539322,0.5089892745018005,-0.0021516899578273296,-0.0002968534827232361,-0.002151388907805085,-0.0002967872133012861,-0.0017776767490431666,-0.004422101657837629,-4.948818514094455e-06,-0.3310091197490692,-0.39325642585754395,-0.2311808466911316,-0.7363612651824951,-0.17505978047847748,0.4848451614379883,0.705729067325592,0.9567503929138184,1.4510393142700195,0.42152827978134155,1.1398183107376099,0.04221881553530693,-0.16331671178340912,-0.409254789352417,-0.20192483067512512,0.1900009959936142,-0.18320734798908234,-0.33907508850097656,-0.04277947172522545,0.13099552690982819,0.5149112343788147,0.0,0.0,0.0,0.0,0.0,0.0,0.0,-0.49690309166908264,-0.38064733147621155,-0.17223939299583435,-0.6924598813056946,-0.14517560601234436,0.4645630717277527,0.5230698585510254,1.0107421875,1.5,1.004360318183899,1.5,-0.006656249053776264,-0.699999988079071,-0.699999988079071
238,1783686173.117524,367273.753976,0.049998,0,,,14,-0.16347801685333252,0.18312497437000275,-0.1985362470149994,-0.24944651126861572,-0.04666591435670853,0.18196263909339905,0.5094454288482666,-0.0021486072801053524,-0.0002962445141747594,-0.0021478296257555485,-0.00029609911143779755,-0.001778132631443441,-0.004436906427145004,-4.705621904577129e-06,-0.3814593255519867,-0.386566698551178,-0.19770459830760956,-0.6996541023254395,-0.16558822989463806,0.5010808706283569,0.6635540723800659,0.9593320488929749,1.4516470432281494,0.425517201423645,1.1401236057281494,0.04200110584497452,-0.16076038777828217,-0.40936747193336487,-0.20046760141849518,0.1900009959936142,-0.18162110447883606,-0.33746570348739624,-0.03873341903090477,0.1281726211309433,0.5130767822265625,0.0,0.0,0.0,0.0,0.0,0.0,0.0,-0.5364696979522705,-0.36920854449272156,-0.14523150026798248,-0.6557627320289612,-0.14724799990653992,0.4825616776943207,0.48819321393966675,1.0078125,1.5,1.004360318183899,1.5,-0.0033754927571862936,-0.699999988079071,-0.699999988079071
239,1783686173.167544,367273.803995,0.050019,0,,,15,-0.1618371456861496,0.18320921063423157,-0.19899483025074005,-0.2503652274608612,-0.04775748774409294,0.18236605823040009,0.5096390247344971,-0.002148219384253025,-0.0002961105783469975,-0.002147838706150651,-0.0002960293204523623,-0.0017790710553526878,-0.004449605010449886,-4.8248516577587e-06,-0.4169503152370453,-0.3765108585357666,-0.16980881989002228,-0.6665053963661194,-0.16447705030441284,0.5039154887199402,0.6317234635353088,0.9612144231796265,1.4520957469940186,0.42771241068840027,1.1403337717056274,0.04183074086904526,-0.1587202101945877,-0.40942323207855225,-0.19755317270755768,0.1900009959936142,-0.18003486096858978,-0.33263757824897766,-0.04277947172522545,0.12393828481435776,0.5066562294960022,0.0,0.0,0.0,0.0,0.0,0.0,0.0,-0.5721760988235474,-0.352526992559433,-0.13365668058395386,-0.6068331599235535,-0.17073515057563782,0.4510641396045685,0.47209632396698,1.0166015625,1.5,1.0017651319503784,1.5,-0.0013250198680907488,-0.699999988079071,-0.699999988079071
240,1783686173.294338,367273.930796,0.126801,1,16,0.076801,0,-0.16085323691368103,0.18316106498241425,-0.19938811659812927,-0.25178608298301697,-0.04864141717553139,0.18248288333415985,0.5096061825752258,-0.002152195665985346,-0.00029665222973562777,-0.002151633845642209,-0.0002965448657050729,-0.0017798679182305932,-0.004466426558792591,-4.879781954514328e-06,-0.4625564217567444,-0.36107394099235535,-0.13079500198364258,-0.6181302666664124,-0.16379962861537933,0.5097350478172302,0.5907221436500549,0.9624876379966736,1.4527132511138916,0.4290083944797516,1.140618085861206,0.04159330576658249,-0.1572427749633789,-0.40950334072113037,-0.19318151473999023,0.1900009959936142,-0.17527613043785095,-0.3422938287258148,-0.01931235007941723,0.13311269879341125,0.4954202473163605,0.0,0.0,0.0,0.0,0.0,0.0,0.0,-0.4698820114135742,-0.34299468994140625,-0.17995594441890717,-0.708769679069519,-0.22461740672588348,0.4285658895969391,0.6411137580871582,1.0166015625,1.5,1.0121461153030396,1.5,-0.006656249053776264,-0.699999988079071,-0.699999988079071
241,1783686173.294617,367273.931147,0.000352,0,,,1,-0.1602316051721573,0.18310055136680603,-0.1994020789861679,-0.2520010471343994,-0.04922783374786377,0.1823335886001587,0.5090735554695129,-0.0021570916287600994,-0.00029736943542957306,-0.0021563884802162647,-0.00029723814805038273,-0.001780201680958271,-0.0044763414189219475,-4.851286576013081e-06,-0.4877195358276367,-0.35049182176589966,-0.11244489252567291,-0.5858476758003235,-0.1641123741865158,0.5090945363044739,0.5700123906135559,0.9630491137504578,1.45306396484375,0.4295481741428375,1.1407889127731323,0.04144836217164993,-0.15661963820457458,-0.40955275297164917,-0.18735264241695404,0.1900009959936142,-0.17686237394809723,-0.33907508850097656,-0.016075506806373596,0.13381841778755188,0.4993184208869934,0.0,0.0,0.0,0.0,0.0,0.0,0.0,-0.4978681206703186,-0.3382285237312317,-0.16066458821296692,-0.6720725297927856,-0.24672295153141022,0.4240662157535553,0.6089199781417847,1.01220703125,1.5,1.01474130153656,1.5,-0.0005048307939432561,-0.699999988079071,-0.699999988079071
242,1783686173.317682,367273.954160,0.023012,0,,,2,-0.15919043123722076,0.18299198150634766,-0.19949720799922943,-0.25216516852378845,-0.050155334174633026,0.1820693463087082,0.5081637501716614,-0.0021668849512934685,-0.00029885064577683806,-0.0021657939068973064,-0.0002986557665280998,-0.001780664431862533,-0.004494242835789919,-4.97087967232801e-06,-0.5072905421257019,-0.341797798871994,-0.09809648245573044,-0.5557803511619568,-0.1651337742805481,0.5084731578826904,0.5467100143432617,0.9638145565986633,1.4536422491073608,0.42993226647377014,1.1409825086593628,0.041266296058893204,-0.15572905540466309,-0.4096265137195587,-0.1888098567724228,0.1900009959936142,-0.1847935914993286,-0.34873130917549133,-0.01931235007941723,0.13240696489810944,0.4974839985370636,0.0,0.0,0.0,0.0,0.0,0.0,0.0,-0.528749406337738,-0.32869619131088257,-0.15680630505084991,-0.6312979459762573,-0.22461740672588348,0.4150669276714325,0.5928230285644531,1.0048828125,1.4970703125,1.006955623626709,1.5,-0.002965398132801056,-0.699999988079071,-0.699999988079071
243,1783686173.367535,367274.003999,0.049839,0,,,3,-0.15649905800819397,0.1827085018157959,-0.19985787570476532,-0.25331124663352966,-0.050061117857694626,0.18218529224395752,0.506233274936676,-0.00217384472489357,-0.00029988610185682774,-0.002172657288610935,-0.0002996725670527667,-0.001780990744009614,-0.004504809156060219,-4.87560191686498e-06,-0.4970065653324127,-0.33584141731262207,-0.10175547748804092,-0.5607416033744812,-0.17950792610645294,0.5035189986228943,0.5522876381874084,0.9648760557174683,1.4541836977005005,0.4299030601978302,1.140997290611267,0.041154634207487106,-0.15410904586315155,-0.40964776277542114,-0.1858954131603241,0.1900009959936142,-0.1863798350095749,-0.347121924161911,-0.016075506806373596,0.13593558967113495,0.4928978681564331,0.0,0.0,0.0,0.0,0.0,0.0,0.0,-0.5683159828186035,-0.31678080558776855,-0.11436533182859421,-0.6027557253837585,-0.26330211758613586,0.4015679657459259,0.5552636384963989,1.0048828125,1.5,1.0121461153030396,1.5,0.001955736428499222,-0.699999988079071,-0.699999988079071
244,1783686173.417537,367274.054021,0.050023,0,,,4,-0.14885713160037994,0.18395806849002838,-0.19623051583766937,-0.25779035687446594,-0.0474618561565876,0.1832599937915802,0.505564272403717,-0.002145218662917614,-0.000295163132250309,-0.0021426458843052387,-0.0002947401662822813,-0.0017815908649936318,-0.00451658433303237,-4.488557351578493e-06,-0.47680041193962097,-0.32335782051086426,-0.10745177417993546,-0.5707635283470154,-0.20179608464241028,0.4901258945465088,0.5850543975830078,0.9665226340293884,1.4551092386245728,0.43280255794525146,1.1412999629974365,0.04096151515841484,-0.15183427929878235,-0.40974706411361694,-0.18735264241695404,0.1900009959936142,-0.1847935914993286,-0.3519500494003296,-0.017693929374217987,0.1373470425605774,0.4914073944091797,0.0,0.0,0.0,0.0,0.0,0.0,0.0,-0.6127077341079712,-0.3015291094779968,-0.09121570736169815,-0.5415937900543213,-0.26330211758613586,0.3655707836151123,0.528435468673706,1.013671875,1.5,1.0095508098602295,1.5,-0.0009149253601208329,-0.699999988079071,-0.699999988079071
245,1783686173.467618,367274.104052,0.050031,0,,,5,-0.147489994764328,0.18438653647899628,-0.19575315713882446,-0.258696049451828,-0.046263474971055984,0.18490107357501984,0.5039930939674377,-0.0021266809199005365,-0.0002920982660725713,-0.0021241409704089165,-0.00029168312903493643,-0.0017825310351327062,-0.0045176539570093155,-3.9479200495406985e-06,-0.4862121045589447,-0.31512802839279175,-0.09811326116323471,-0.5543276071548462,-0.21737554669380188,0.4817188084125519,0.591223418712616,0.9696159958839417,1.4556312561035156,0.43595656752586365,1.141519546508789,0.040853310376405716,-0.14701691269874573,-0.40977251529693604,-0.1829809844493866,0.1900009959936142,-0.18320734798908234,-0.35516878962516785,-0.01931235007941723,0.13946421444416046,0.49301251769065857,0.0,0.0,0.0,0.0,0.0,0.0,0.0,-0.6619247198104858,-0.2776983082294464,-0.08349916338920593,-0.4906255006790161,-0.2702100872993469,0.3745700716972351,0.5150213837623596,1.0107421875,1.5,0.9952769875526428,1.5,-0.0033754927571862936,-0.699999988079071,-0.699999988079071
246,1783686173.517491,367274.153980,0.049928,0,,,6,-0.1466802954673767,0.1843443065881729,-0.19806738197803497,-0.26109039783477783,-0.04523680359125137,0.18805129826068878,0.49925854802131653,-0.0021262310910969973,-0.0002919734106399119,-0.002124839462339878,-0.0002917450328823179,-0.0017843255773186684,-0.004521080292761326,-3.6342505609354703e-06,-0.5278985500335693,-0.2975688576698303,-0.07359398901462555,-0.4962478280067444,-0.24002863466739655,0.4611246883869171,0.5866995453834534,0.9735528230667114,1.4575294256210327,0.44319644570350647,1.1418628692626953,0.040686629712581635,-0.14438728988170624,-0.4098438322544098,-0.1829809844493866,0.1900009959936142,-0.1863798350095749,-0.35677817463874817,-0.01931235007941723,0.13805276155471802,0.4892289936542511,0.0,0.0,0.0,0.0,0.0,0.0,0.0,-0.6783304214477539,-0.271025687456131,-0.0680660828948021,-0.4498508870601654,-0.2577757239341736,0.3745700716972351,0.48819321393966675,1.0224609375,1.5,1.006955623626709,1.5,-0.0009149253601208329,-0.699999988079071,-0.699999988079071
247,1783686173.567516,367274.203988,0.050008,0,,,7,-0.14606525003910065,0.1840301752090454,-0.1998916119337082,-0.26465222239494324,-0.044741250574588776,0.18932506442070007,0.49662917852401733,-0.0021388845052570105,-0.0002939972619060427,-0.0021382509730756283,-0.0002938907709904015,-0.0017851919401437044,-0.004526703618466854,-3.7701279325119685e-06,-0.5630755424499512,-0.28192490339279175,-0.06021078675985336,-0.4517109990119934,-0.25048574805259705,0.4528135657310486,0.5784773826599121,0.9753238558769226,1.4591583013534546,0.4451046288013458,1.1420642137527466,0.04054924473166466,-0.14317411184310913,-0.40986761450767517,-0.1800665408372879,0.1900009959936142,-0.18003486096858978,-0.35516878962516785,-0.02093077264726162,0.13593558967113495,0.4846428632736206,0.0,0.0,0.0,0.0,0.0,0.0,0.0,-0.7014913558959961,-0.253867506980896,-0.04105818271636963,-0.39684388041496277,-0.2854076623916626,0.3385728895664215,0.4613650441169739,1.0107421875,1.5,1.0121461153030396,1.5,-0.0005048307939432561,-0.699999988079071,-0.699999988079071
248,1783686173.617534,367274.253982,0.049994,0,,,8,-0.14525330066680908,0.18380914628505707,-0.20143181085586548,-0.26932212710380554,-0.044077154248952866,0.18970777094364166,0.4935155212879181,-0.002152976579964161,-0.0002962065045721829,-0.002152644330635667,-0.0002961470454465598,-0.001785864238627255,-0.004538444336503744,-4.09174799642642e-06,-0.6001018285751343,-0.2665231227874756,-0.043650396168231964,-0.39993545413017273,-0.25759220123291016,0.4418112635612488,0.5578845739364624,0.976222038269043,1.4601953029632568,0.44573572278022766,1.142311453819275,0.04037537798285484,-0.14106594026088715,-0.4099111258983612,-0.17860932648181915,0.1900009959936142,-0.1863798350095749,-0.3583875596523285,-0.01931235007941723,0.1345241367816925,0.49335649609565735,0.0,0.0,0.0,0.0,0.0,0.0,0.0,-0.7400928735733032,-0.2424287348985672,-0.014050286263227463,-0.33772069215774536,-0.2743549048900604,0.2980760335922241,0.4372197091579437,1.0048828125,1.5,1.004360318183899,1.5,0.001955736428499222,-0.699999988079071,-0.699999988079071
249,1783686173.667494,367274.303981,0.049999,0,,,9,-0.14431867003440857,0.18377210199832916,-0.20100972056388855,-0.2706603705883026,-0.04368765652179718,0.18976663053035736,0.4917537271976471,-0.0021555020939558744,-0.00029656689730472863,-0.0021548494696617126,-0.0002964552550110966,-0.0017860735533758998,-0.004544905852526426,-4.111590897082351e-06,-0.6194943785667419,-0.2566157281398773,-0.029935425147414207,-0.3649481534957886,-0.2651357650756836,0.42865797877311707,0.5417571663856506,0.9765429496765137,1.460523247718811,0.4459325969219208,1.1424479484558105,0.04027754068374634,-0.13968345522880554,-0.4099191725254059,-0.1829809844493866,0.1900009959936142,-0.18320734798908234,-0.35677817463874817,-0.0241676177829504,0.13381841778755188,0.49060481786727905,0.0,0.0,0.0,0.0,0.0,0.0,0.0,-0.7545684576034546,-0.2338496595621109,-0.014050286263227463,-0.2908298969268799,-0.238433375954628,0.3070753514766693,0.42917126417160034,1.01953125,1.5,1.0121461153030396,1.5,-0.0013250198680907488,-0.699999988079071,-0.699999988079071
250,1783686173.717531,367274.353982,0.050001,0,,,10,-0.14304758608341217,0.1837155669927597,-0.20080877840518951,-0.27202823758125305,-0.04306267574429512,0.18981614708900452,0.4910372495651245,-0.00215874332934618,-0.00029701291350647807,-0.0021579586900770664,-0.00029687854112125933,-0.0017866450361907482,-0.004553535953164101,-4.004532911494607e-06,-0.6544228792190552,-0.24156509339809418,-0.0023578309919685125,-0.2951546311378479,-0.27165213227272034,0.40061190724372864,0.5141935348510742,0.9771918058395386,1.4614583253860474,0.4462873935699463,1.1426949501037598,0.040124133229255676,-0.13890227675437927,-0.4099400043487549,-0.17569488286972046,0.1900009959936142,-0.1784486174583435,-0.36160629987716675,-0.027404461055994034,0.12958407402038574,0.4901461899280548,0.0,0.0,0.0,0.0,0.0,0.0,0.0,-0.782554566860199,-0.21764472126960754,-0.0024754733312875032,-0.22355177998542786,-0.24879534542560577,0.282327264547348,0.40368449687957764,1.0078125,1.5,0.9991698265075684,1.5,-0.0033754927571862936,-0.699999988079071,-0.699999988079071
251,1783686173.767530,367274.404003,0.050021,0,,,11,-0.14299774169921875,0.18362590670585632,-0.20110996067523956,-0.27230075001716614,-0.04291944578289986,0.18981541693210602,0.490766704082489,-0.0021656828466802835,-0.0002980705467052758,-0.0021650511771440506,-0.0002979592827614397,-0.0017870787996798754,-0.004559898748993874,-4.063563210365828e-06,-0.6714682579040527,-0.23299948871135712,0.009830291382968426,-0.2561189532279968,-0.26984259486198425,0.3888709843158722,0.5014570355415344,0.9780452251434326,1.461875319480896,0.44642168283462524,1.1427695751190186,0.04004378244280815,-0.13755099475383759,-0.4099257290363312,-0.1771520972251892,0.1900009959936142,-0.1863798350095749,-0.35677817463874817,-0.02093077264726162,0.1281726211309433,0.48968759179115295,0.0,0.0,0.0,0.0,0.0,0.0,0.0,-0.8076456189155579,-0.207159161567688,0.009099339134991169,-0.17054477334022522,-0.24534136056900024,0.2508297264575958,0.3567352294921875,1.0078125,1.5,1.004360318183899,1.5,-0.0013250198680907488,-0.699999988079071,-0.699999988079071
252,1783686173.817524,367274.453990,0.049986,0,,,12,-0.14116385579109192,0.18356682360172272,-0.20033559203147888,-0.27407410740852356,-0.04290381073951721,0.1895819753408432,0.49043920636177063,-0.002169826300814748,-0.00029863492818549275,-0.002169292652979493,-0.00029853827436454594,-0.001787749002687633,-0.004567843396216631,-3.926260433217976e-06,-0.6973088383674622,-0.21801668405532837,0.025047138333320618,-0.18813490867614746,-0.26802709698677063,0.3690063953399658,0.47968590259552,0.979562520980835,1.46242356300354,0.44883909821510315,1.1431097984313965,0.039828818291425705,-0.13590453565120697,-0.4100266098976135,-0.1771520972251892,0.1900009959936142,-0.18320734798908234,-0.3599969148635864,-0.025786040350794792,0.12464400380849838,0.4892289936542511,0.0,0.0,0.0,0.0,0.0,0.0,0.0,-0.8153659105300903,-0.2014397829771042,0.03996550664305687,-0.11346031725406647,-0.24534136056900024,0.23508094251155853,0.3527109920978546,1.0078125,1.5,1.0017651319503784,1.5,-0.004195681773126125,-0.699999988079071,-0.699999988079071
253,1783686173.867572,367274.504030,0.050040,0,,,13,-0.1404627561569214,0.18351680040359497,-0.20050781965255737,-0.2743600308895111,-0.042696017771959305,0.18917931616306305,0.49016326665878296,-0.0021725771948695183,-0.0002990131906699389,-0.0021719036158174276,-0.0002988943597301841,-0.00178808462806046,-0.004573774058371782,-3.977172582381172e-06,-0.7159303426742554,-0.20832042396068573,0.035456784069538116,-0.13506674766540527,-0.26756152510643005,0.35258692502975464,0.4560883939266205,0.9802640676498413,1.4627745151519775,0.44903576374053955,1.1431784629821777,0.03973696008324623,-0.13427312672138214,-0.4099987745285034,-0.1800665408372879,0.1900009959936142,-0.18796607851982117,-0.3583875596523285,-0.0241676177829504,0.13311269879341125,0.49220994114875793,0.0,0.0,0.0,0.0,0.0,0.0,0.0,-0.8558975458145142,-0.19476714730262756,0.06311513483524323,-0.052043553441762924,-0.2232358157634735,0.21933217346668243,0.32185861468315125,1.0078125,1.5,1.0121461153030396,1.5,-0.0005048307939432561,-0.699999988079071,-0.699999988079071
254,1783686173.917509,367274.553979,0.049949,0,,,14,-0.1394912451505661,0.18349941074848175,-0.20061500370502472,-0.27465322613716125,-0.04256313294172287,0.1884998381137848,0.48991164565086365,-0.002173051703721285,-0.00029898391221649945,-0.0021724801044911146,-0.0002988819032907486,-0.00178890663664788,-0.004584504757076502,-4.110135250812164e-06,-0.7371864914894104,-0.19990763068199158,0.05476235970854759,-0.06615342944860458,-0.2667214572429657,0.3300834000110626,0.4257332682609558,0.9808546900749207,1.463331699371338,0.449783593416214,1.143532395362854,0.03954479098320007,-0.13366739451885223,-0.4101487100124359,-0.18152375519275665,0.1900009959936142,-0.18955232203006744,-0.36160629987716675,-0.029022883623838425,0.1281726211309433,0.49610814452171326,0.0,0.0,0.0,0.0,0.0,0.0,0.0,-0.8636178374290466,-0.19095422327518463,0.06311513483524323,-0.006936633959412575,-0.22461740672588348,0.20808304846286774,0.2936890423297882,1.0107421875,1.5,1.004360318183899,1.5,-0.0005048307939432561,-0.699999988079071,-0.699999988079071
255,1783686173.967637,367274.604072,0.050093,0,,,15,-0.13956357538700104,0.1835293471813202,-0.20087753236293793,-0.27486976981163025,-0.042485855519771576,0.18840958178043365,0.48986029624938965,-0.002171943197026849,-0.0002987368789035827,-0.00217134365811944,-0.00029862980591133237,-0.0017893722979351878,-0.004590529948472977,-4.042019554617582e-06,-0.7559136748313904,-0.19484256207942963,0.0740860104560852,-0.012652264907956123,-0.26336923241615295,0.317167729139328,0.4056011140346527,0.9813084602355957,1.4639683961868286,0.450173944234848,1.143768548965454,0.03943175449967384,-0.13352331519126892,-0.41024529933929443,-0.1771520972251892,0.1900009959936142,-0.19272480905056,-0.364825040102005,-0.029022883623838425,0.13664130866527557,0.4986305236816406,0.0,0.0,0.0,0.0,0.0,0.0,0.0,-0.8723031878471375,-0.1900009959936142,0.08240649104118347,0.05218655988574028,-0.2190910279750824,0.15858690440654755,0.3003960847854614,1.01220703125,1.5,1.004360318183899,1.5,-0.004195681773126125,-0.699999988079071,-0.699999988079071
256,1783686174.097299,367274.733747,0.129675,1,16,0.079750,0,-0.1402968466281891,0.1834474503993988,-0.20315662026405334,-0.27559417486190796,-0.042698219418525696,0.18828624486923218,0.48995068669319153,-0.0021792910993099213,-0.00029982870910316706,-0.002179050585255027,-0.0002997774863615632,-0.001790149137377739,-0.004599583335220814,-4.067678673891351e-06,-0.7761917114257812,-0.1871275156736374,0.09447173774242401,0.05297495797276497,-0.2580025792121887,0.2983686923980713,0.3781583607196808,0.9824070930480957,1.4648030996322632,0.4503209888935089,1.1438920497894287,0.03930635377764702,-0.1322391927242279,-0.4102528393268585,-0.1771520972251892,0.1900009959936142,-0.1657586693763733,-0.347121924161911,-0.0031281285919249058,0.149344339966774,0.5116435885429382,0.0,0.0,0.0,0.0,0.0,0.0,0.0,-0.8539674878120422,-0.1900009959936142,0.08626475930213928,-0.062492046505212784,-0.3234015703201294,0.22158199548721313,0.360759437084198,1.0166015625,1.5,1.004360318183899,1.5,-0.0017351144924759865,-0.699999988079071,-0.699999988079071
257,1783686174.097574,367274.734099,0.000352,0,,,1,-0.14007236063480377,0.18340787291526794,-0.20479238033294678,-0.27724653482437134,-0.0429098904132843,0.188436821103096,0.4901827275753021,-0.002182820811867714,-0.00030032292124815285,-0.002182712545618415,-0.0003002928860951215,-0.0017907266737893224,-0.004606620874255896,-4.1017665353138e-06,-0.7861221432685852,-0.18457594513893127,0.10661744326353073,0.09798716008663177,-0.25456464290618896,0.27732139825820923,0.36463791131973267,0.9827801585197449,1.4651678800582886,0.4506586492061615,1.1441197395324707,0.03916372358798981,-0.13207152485847473,-0.4103654623031616,-0.18443819880485535,0.1900009959936142,-0.16734491288661957,-0.3519500494003296,-0.007983394898474216,0.15216724574565887,0.51880943775177,0.0,0.0,0.0,0.0,0.0,0.0,0.0,-0.8616877794265747,-0.1900009959936142,0.08626475930213928,-0.03802727907896042,-0.3130396008491516,0.21258269250392914,0.3567352294921875,1.0107421875,1.5,1.006955623626709,1.5,-0.0005048307939432561,-0.699999988079071,-0.699999988079071
258,1783686174.117453,367274.753942,0.019843,0,,,2,-0.13990405201911926,0.18336257338523865,-0.20626088976860046,-0.28006917238235474,-0.04314328730106354,0.1886410117149353,0.4905129671096802,-0.0021885856986045837,-0.0003011501976288855,-0.0021882331930100918,-0.0003010794462170452,-0.0017910880269482732,-0.004619173239916563,-4.310989879741101e-06,-0.7888665795326233,-0.18300338089466095,0.11826706677675247,0.13370327651500702,-0.25233525037765503,0.2589710056781769,0.35521718859672546,0.9833929538726807,1.465685248374939,0.45086565613746643,1.1442911624908447,0.03900798410177231,-0.1314230114221573,-0.41043516993522644,-0.1800665408372879,0.1900009959936142,-0.17051739990711212,-0.3599969148635864,-0.006364972796291113,0.15640157461166382,0.5194973349571228,0.0,0.0,0.0,0.0,0.0,0.0,0.0,-0.8761633634567261,-0.1900009959936142,0.12291833013296127,0.035367030650377274,-0.3102763891220093,0.19458410143852234,0.31112733483314514,1.0048828125,1.5,1.004360318183899,1.5,-0.002145209116861224,-0.699999988079071,-0.699999988079071
259,1783686174.167576,367274.804009,0.050067,0,,,3,-0.1406216323375702,0.18320749700069427,-0.2058696746826172,-0.2806311547756195,-0.04270782321691513,0.1896212249994278,0.4923410713672638,-0.0022001867182552814,-0.00030301601509563625,-0.0021984947379678488,-0.0003027314960490912,-0.0017909324960783124,-0.004632267169654369,-4.790568254975369e-06,-0.7852427959442139,-0.18272659182548523,0.12223435193300247,0.1311999410390854,-0.26095810532569885,0.2600850760936737,0.35715222358703613,0.983677327632904,1.4659953117370605,0.4510798156261444,1.1444194316864014,0.038917750120162964,-0.1310780793428421,-0.4104887545108795,-0.1800665408372879,0.1900009959936142,-0.17527613043785095,-0.3599969148635864,-0.0031281285919249058,0.16381168365478516,0.5262618660926819,0.0,0.0,0.0,0.0,0.0,0.0,0.0,-0.9041494727134705,-0.1900009959936142,0.12870573997497559,0.08735466748476028,-0.31649360060691833,0.19233426451683044,0.2977132499217987,1.0048828125,1.5,1.0121461153030396,1.5,0.00113554741255939,-0.699999988079071,-0.699999988079071
260,1783686174.217563,367274.854057,0.050048,0,,,4,-0.14060354232788086,0.1832808554172516,-0.19558393955230713,-0.27942490577697754,-0.03886746987700462,0.19774678349494934,0.5012504458427429,-0.002207813784480095,-0.0003042116586584598,-0.0022038433235138655,-0.00030357003561221063,-0.0017916542710736394,-0.0046486142091453075,-4.664315838454058e-06,-0.7893741726875305,-0.18298715353012085,0.13974370062351227,0.12091468274593353,-0.28658273816108704,0.2625999450683594,0.3605635166168213,0.984353244304657,1.4665473699569702,0.4513843357563019,1.1446186304092407,0.03877181559801102,-0.12927700579166412,-0.41050392389297485,-0.1771520972251892,0.1900009959936142,-0.17527613043785095,-0.364825040102005,-0.0031281285919249058,0.1620473712682724,0.521331787109375,0.0,0.0,0.0,0.0,0.0,0.0,0.0,-0.9224852323532104,-0.1900009959936142,0.14799709618091583,0.11997435986995697,-0.30060523748397827,0.16983602941036224,0.2876527011394501,1.0048828125,1.5,0.9991698265075684,1.5,0.003186020301654935,-0.699999988079071,-0.699999988079071
261,1783686174.267496,367274.903948,0.049891,0,,,5,-0.14081284403800964,0.18332678079605103,-0.19378270208835602,-0.27894923090934753,-0.036662615835666656,0.20359213650226593,0.506281852722168,-0.0022011755499988794,-0.0003030645602848381,-0.0021986200008541346,-0.00030264948145486414,-0.0017926718574017286,-0.00464210007339716,-3.5885514080291614e-06,-0.8051559329032898,-0.18303431570529938,0.15372800827026367,0.14510998129844666,-0.2960875332355499,0.25981295108795166,0.35530221462249756,0.9845899343490601,1.4668010473251343,0.45157966017723083,1.1447598934173584,0.03867371007800102,-0.12871646881103516,-0.410508930683136,-0.1800665408372879,0.1900009959936142,-0.17527613043785095,-0.36804378032684326,-0.0031281285919249058,0.1655759960412979,0.526147186756134,0.0,0.0,0.0,0.0,0.0,0.0,0.0,-0.9273104071617126,-0.1900009959936142,0.1711467206478119,0.1913299262523651,-0.30060523748397827,0.16308654844760895,0.23399636149406433,1.0107421875,1.5,1.0173366069793701,1.5,-0.0005048307939432561,-0.699999988079071,-0.699999988079071
262,1783686174.317627,367274.954056,0.050107,0,,,6,-0.1405894160270691,0.18326839804649353,-0.1936989724636078,-0.27921542525291443,-0.03423692286014557,0.20825503766536713,0.5096519589424133,-0.002203415846452117,-0.0003032872045878321,-0.0022020796313881874,-0.00030306525877676904,-0.0017935489304363728,-0.004644606728106737,-3.458402034084429e-06,-0.8293411135673523,-0.1831616461277008,0.17379137873649597,0.19122053682804108,-0.3024517297744751,0.25136786699295044,0.34190183877944946,0.9849631786346436,1.467241644859314,0.45179834961891174,1.14495849609375,0.03855885565280914,-0.12830886244773865,-0.4105384647846222,-0.1800665408372879,0.1900009959936142,-0.18162110447883606,-0.3712625205516815,-0.006364972796291113,0.16981033980846405,0.5268351435661316,0.0,0.0,0.0,0.0,0.0,0.0,0.0,-0.9311705827713013,-0.1900009959936142,0.1788632571697235,0.20458167791366577,-0.2791904807090759,0.17658549547195435,0.22259439527988434,1.0048828125,1.5,1.0199317932128906,1.5,-0.0005048307939432561,-0.699999988079071,-0.699999988079071
263,1783686174.367534,367275.003999,0.049944,0,,,7,-0.14054813981056213,0.18319128453731537,-0.1937597692012787,-0.2797536849975586,-0.03337664157152176,0.21156969666481018,0.5116173028945923,-0.0022102121729403734,-0.00030430767219513655,-0.002209401922300458,-0.00030416977824643254,-0.0017943853745236993,-0.004649512004107237,-3.600350964916288e-06,-0.8426753282546997,-0.18306384980678558,0.19155927002429962,0.23011557757854462,-0.3031310439109802,0.24172228574752808,0.3218735456466675,0.9851692318916321,1.467490553855896,0.4536210298538208,1.1452388763427734,0.03842172399163246,-0.12827353179454803,-0.41068005561828613,-0.1800665408372879,0.1900009959936142,-0.1863798350095749,-0.37930938601493835,-0.006364972796291113,0.1743975430727005,0.5299307703971863,0.0,0.0,0.0,0.0,0.0,0.0,0.0,-0.9697721004486084,-0.1900009959936142,0.20008374750614166,0.27797600626945496,-0.2522493302822113,0.14283812046051025,0.19576624035835266,1.0078125,1.5,1.006955623626709,1.5,0.001545641920529306,-0.699999988079071,-0.699999988079071
264,1783686174.417508,367275.053984,0.049985,0,,,8,-0.1405107080936432,0.18316775560379028,-0.19405241310596466,-0.28408029675483704,-0.03253213316202164,0.21552914381027222,0.5146196484565735,-0.002215637592598796,-0.00030508809140883386,-0.0022154157049953938,-0.00030504458118230104,-0.0017951502231881022,-0.0046546924859285355,-3.605771325965179e-06,-0.8517233729362488,-0.18281063437461853,0.21183164417743683,0.2764973044395447,-0.3014638125896454,0.23740753531455994,0.29681655764579773,0.9855175018310547,1.4678715467453003,0.45642638206481934,1.145564317703247,0.03826598823070526,-0.12808135151863098,-0.41087716817855835,-0.1771520972251892,0.1900009959936142,-0.18955232203006744,-0.38413751125335693,-0.012838661670684814,0.177926167845726,0.5332556962966919,0.0,0.0,0.0,0.0,0.0,0.0,0.0,-0.9591566920280457,-0.1900009959936142,0.217445969581604,0.32894426584243774,-0.2715916931629181,0.13158899545669556,0.17698651552200317,1.0048828125,1.5,1.0199317932128906,1.5,-9.47362495935522e-05,-0.699999988079071,-0.699999988079071
265,1783686174.467544,367275.103989,0.050005,0,,,9,-0.14045332372188568,0.1832120716571808,-0.19522149860858917,-0.2887802720069885,-0.03200376778841019,0.21863944828510284,0.5171597003936768,-0.0022119153290987015,-0.0003044026088900864,-0.0022119348868727684,-0.0003043961769435555,-0.0017956711817532778,-0.00465617049485445,-3.4387373943900457e-06,-0.8654611706733704,-0.1827399879693985,0.22758744657039642,0.32375648617744446,-0.29507312178611755,0.23012793064117432,0.2792929708957672,0.9857838153839111,1.468146800994873,0.45704156160354614,1.1458141803741455,0.038158584386110306,-0.12799355387687683,-0.41100549697875977,-0.1800665408372879,0.1900009959936142,-0.1863798350095749,-0.38413751125335693,-0.009601817466318607,0.17545612156391144,0.5291281938552856,0.0,0.0,0.0,0.0,0.0,0.0,0.0,-0.9832826852798462,-0.1900009959936142,0.24831214547157288,0.3636026978492737,-0.23705178499221802,0.12933917343616486,0.1689380705356598,1.00634765625,1.5,0.9991698265075684,1.5,-0.002145209116861224,-0.699999988079071,-0.699999988079071
266,1783686174.517780,367275.154266,0.050278,0,,,10,-0.14012932777404785,0.1831592172384262,-0.1999705284833908,-0.2955414652824402,-0.031752120703458786,0.22246573865413666,0.5197380781173706,-0.0022162015084177256,-0.00030496841645799577,-0.00221659941598773,-0.00030502123991027474,-0.0017963056452572346,-0.00466317031532526,-3.6889814509777352e-06,-0.8775732517242432,-0.1826389580965042,0.24809382855892181,0.3859376311302185,-0.2916933596134186,0.21668541431427002,0.2532372772693634,0.98606938123703,1.4685031175613403,0.4573315978050232,1.1460378170013428,0.03801882266998291,-0.1275540590286255,-0.41111108660697937,-0.1800665408372879,0.1900009959936142,-0.19272480905056,-0.3889656364917755,-0.011220240034162998,0.18110191822052002,0.5332556962966919,0.0,0.0,0.0,0.0,0.0,0.0,0.0,-0.9890729188919067,-0.1900009959936142,0.2637452185153961,0.3941836357116699,-0.23567017912864685,0.09559180587530136,0.15552398562431335,1.0107421875,1.5,1.0121461153030396,1.5,0.004416303709149361,-0.699999988079071,-0.699999988079071
267,1783686174.567604,367275.204056,0.049790,0,,,11,-0.1400883048772812,0.1831345111131668,-0.20087257027626038,-0.29888448119163513,-0.031534481793642044,0.2234794646501541,0.5203996896743774,-0.00222026277333498,-0.00030553422402590513,-0.002220272785052657,-0.0003055261040572077,-0.0017964884173125029,-0.0046727946028113365,-4.050266852573259e-06,-0.88544762134552,-0.18291974067687988,0.26732000708580017,0.4270927906036377,-0.2846367061138153,0.21173107624053955,0.2381545454263687,0.9863157868385315,1.4688103199005127,0.45715588331222534,1.1460134983062744,0.03793961927294731,-0.12674808502197266,-0.41106531023979187,-0.18152375519275665,0.1900009959936142,-0.19589728116989136,-0.3937937319278717,-0.016075506806373596,0.18251337110996246,0.5405934453010559,0.0,0.0,0.0,0.0,0.0,0.0,0.0,-1.0006533861160278,-0.1900009959936142,0.27724915742874146,0.43495824933052063,-0.23152539134025574,0.10459110140800476,0.13406145572662354,1.01220703125,1.5,1.006955623626709,1.5,0.001955736428499222,-0.699999988079071,-0.699999988079071
268,1783686174.617524,367275.253985,0.049929,0,,,12,-0.14023244380950928,0.1831456869840622,-0.2028479278087616,-0.30316483974456787,-0.03129827603697777,0.22613796591758728,0.5224542617797852,-0.0022231130860745907,-0.00030591830727644265,-0.0022227754816412926,-0.000305850466247648,-0.0017967958701774478,-0.004680550657212734,-3.990935510955751e-06,-0.894315779209137,-0.18301860988140106,0.29400885105133057,0.474705308675766,-0.27490663528442383,0.19818174839019775,0.2211439609527588,0.986706018447876,1.4692308902740479,0.4570688009262085,1.1460198163986206,0.03787819668650627,-0.1263047158718109,-0.4110485911369324,-0.1829809844493866,0.1900009959936142,-0.1990697681903839,-0.39057499170303345,-0.009601817466318607,0.18745343387126923,0.5396762490272522,0.0,0.0,0.0,0.0,0.0,0.0,0.0,-1.0160939693450928,-0.1900009959936142,0.27532002329826355,0.4818490743637085,-0.19422228634357452,0.09334197640419006,0.12601301074028015,1.01513671875,1.5,1.0121461153030396,1.5,-0.002965398132801056,-0.699999988079071,-0.699999988079071
269,1783686174.667598,367275.304062,0.050077,0,,,13,-0.14045009016990662,0.1831478625535965,-0.20542405545711517,-0.3056933283805847,-0.03135502710938454,0.22811754047870636,0.5248579978942871,-0.0022250055335462093,-0.00030616679578088224,-0.002224605530500412,-0.00030608795350417495,-0.0017971156630665064,-0.004685623105615377,-3.987792297266424e-06,-0.9010664224624634,-0.18249982595443726,0.30901584029197693,0.5027384161949158,-0.2683195471763611,0.19081301987171173,0.21034620702266693,0.986954927444458,1.4694645404815674,0.45784175395965576,1.1461952924728394,0.03781404718756676,-0.1263314187526703,-0.41117000579833984,-0.18443819880485535,0.1900009959936142,-0.2006560117006302,-0.395403116941452,-0.011220240034162998,0.1930992305278778,0.5392176508903503,0.0,0.0,0.0,0.0,0.0,0.0,0.0,-1.0276744365692139,-0.1900009959936142,0.2984696626663208,0.5063138604164124,-0.19145908951759338,0.07084372639656067,0.1206473782658577,1.00927734375,1.5,1.0121461153030396,1.5,-0.0037855871487408876,-0.699999988079071,-0.699999988079071
270,1783686174.717533,367275.353998,0.049936,0,,,14,-0.14197206497192383,0.18311689794063568,-0.21043507754802704,-0.30733954906463623,-0.03119814209640026,0.23203252255916595,0.5275024175643921,-0.002231159945949912,-0.0003070127859245986,-0.002230169018730521,-0.0003068391524720937,-0.0017975327791646123,-0.004695130046457052,-4.029927822557511e-06,-0.9162559509277344,-0.1807750165462494,0.32331833243370056,0.5556201338768005,-0.24863967299461365,0.17962278425693512,0.19398348033428192,0.9873269200325012,1.4698418378829956,0.458476722240448,1.1465020179748535,0.037652499973773956,-0.12634341418743134,-0.41134798526763916,-0.17860932648181915,0.1900009959936142,-0.20541474223136902,-0.4050593376159668,-0.012838661670684814,0.192393496632576,0.540134847164154,0.0,0.0,0.0,0.0,0.0,0.0,0.0,-1.0296045541763306,-0.1900009959936142,0.3061861991882324,0.514468789100647,-0.18282411992549896,0.08209285140037537,0.10857470333576202,1.00341796875,1.5,1.0173366069793701,1.5,0.0023658310528844595,-0.6986327767372131,-0.699999988079071
271,1783686174.767568,367275.404010,0.050012,0,,,15,-0.1423223316669464,0.18312211334705353,-0.21255865693092346,-0.30896154046058655,-0.0310978963971138,0.23584634065628052,0.5284941792488098,-0.002235002350062132,-0.000307551643345505,-0.00223409291356802,-0.0003073906118515879,-0.0017980880802497268,-0.004701939411461353,-4.077433914062567e-06,-0.9259359240531921,-0.18097177147865295,0.33294010162353516,0.5846080780029297,-0.2382173091173172,0.17113235592842102,0.18333086371421814,0.987542450428009,1.470102071762085,0.4586363136768341,1.1466258764266968,0.03754135221242905,-0.1260707974433899,-0.4114086925983429,-0.1829809844493866,0.1900009959936142,-0.20858722925186157,-0.40184059739112854,-0.009601817466318607,0.19168777763843536,0.5433451533317566,0.0,0.0,0.0,0.0,0.0,0.0,0.0,-1.0431150197982788,-0.1900009959936142,0.31969013810157776,0.559320867061615,-0.1665903478860855,0.05959460511803627,0.09650202840566635,1.00927734375,1.5,1.0017651319503784,1.5,-0.0033754927571862936,-0.699999988079071,-0.699999988079071
272,1783686174.902459,367275.538803,0.134793,1,16,0.084763,0,-0.14193642139434814,0.1831592619419098,-0.21594132483005524,-0.31402528285980225,-0.031104035675525665,0.2396596074104309,0.5299044847488403,-0.0022382433526217937,-0.0003079756861552596,-0.002238210989162326,-0.0003079585439991206,-0.0017991506028920412,-0.004708472173660994,-3.95168081013253e-06,-0.934305727481842,-0.18116402626037598,0.3452208638191223,0.6079657673835754,-0.22547604143619537,0.16406972706317902,0.1694679856300354,0.9878231287002563,1.4704785346984863,0.4584484100341797,1.1465648412704468,0.037452422082424164,-0.12480123341083527,-0.4113306701183319,-0.19463872909545898,0.1900009959936142,-0.20224225521087646,-0.395403116941452,0.00981924869120121,0.192393496632576,0.5222489833831787,0.0,0.0,0.0,0.0,0.0,0.0,0.0,-0.9649469256401062,-0.1900009959936142,0.24831214547157288,0.4961201846599579,-0.2508677542209625,0.05059530586004257,0.17296229302883148,1.0078125,1.5,1.0095508098602295,1.5,0.00031535830930806696,-0.699999988079071,-0.699999988079071
273,1783686174.902723,367275.539249,0.000446,0,,,1,-0.14213764667510986,0.18317727744579315,-0.2185344398021698,-0.3161388039588928,-0.03098728135228157,0.24034617841243744,0.5310683250427246,-0.002241156529635191,-0.00030837953090667725,-0.00224097678437829,-0.0003083410847466439,-0.0017994694644585252,-0.004713505506515503,-3.960639787692344e-06,-0.9421009421348572,-0.18114683032035828,0.3535461127758026,0.6271589994430542,-0.2160760760307312,0.15589343011379242,0.16085804998874664,0.9880109429359436,1.4706923961639404,0.4585907459259033,1.1466795206069946,0.03736693412065506,-0.1247330904006958,-0.41141000390052795,-0.19609594345092773,0.1900009959936142,-0.20858722925186157,-0.39218437671661377,0.00658240495249629,0.19027632474899292,0.5208731889724731,0.0,0.0,0.0,0.0,0.0,0.0,0.0,-0.9794225096702576,-0.1900009959936142,0.2598869502544403,0.538933515548706,-0.2529401481151581,0.034846533089876175,0.16357244551181793,1.00927734375,1.5,1.006955623626709,1.5,0.001955736428499222,-0.699999988079071,-0.699999988079071
274,1783686174.917494,367275.553986,0.014737,0,,,2,-0.14265556633472443,0.18317972123622894,-0.22151705622673035,-0.3174499571323395,-0.03074675053358078,0.240788072347641,0.5321774482727051,-0.002250303514301777,-0.00030974819674156606,-0.0022498376201838255,-0.0003096634172834456,-0.0017998269759118557,-0.004722605925053358,-4.060849732923089e-06,-0.9491270184516907,-0.1811368763446808,0.3596446216106415,0.64436274766922,-0.20432277023792267,0.14575925469398499,0.15257833898067474,0.9886193871498108,1.471108317375183,0.4593833088874817,1.1470154523849487,0.03713880851864815,-0.12456973642110825,-0.4115365743637085,-0.19463872909545898,0.1900009959936142,-0.20541474223136902,-0.40184059739112854,0.00658240495249629,0.19451066851615906,0.521331787109375,0.0,0.0,0.0,0.0,0.0,0.0,0.0,-0.975562334060669,-0.1900009959936142,0.2598869502544403,0.5307785868644714,-0.2563941478729248,0.05059530586004257,0.16759666800498962,1.00634765625,1.5,0.9939793348312378,1.5,0.003596114693209529,-0.699999988079071,-0.699999988079071
275,1783686174.967530,367275.603995,0.050009,0,,,3,-0.14514604210853577,0.1831308752298355,-0.22399461269378662,-0.3167361319065094,-0.03027448244392872,0.24208025634288788,0.5315842628479004,-0.002259582281112671,-0.00031111802672967315,-0.0022590835578739643,-0.00031103400397114456,-0.0018007430480793118,-0.004731297958642244,-4.24294648837531e-06,-0.9415240287780762,-0.18042443692684174,0.3491697609424591,0.6420758366584778,-0.20728154480457306,0.13532330095767975,0.1542540043592453,0.9887816905975342,1.4713163375854492,0.45962005853652954,1.147214412689209,0.037007179111242294,-0.1245599091053009,-0.4116528332233429,-0.1917242854833603,0.1900009959936142,-0.20858722925186157,-0.3986218571662903,0.00658240495249629,0.19521640241146088,0.5240834355354309,0.0,0.0,0.0,0.0,0.0,0.0,0.0,-0.9929330348968506,-0.1900009959936142,0.26953262090682983,0.5633983016014099,-0.2660652995109558,0.037096358835697174,0.16357244551181793,0.99755859375,1.5,0.9887888431549072,1.5,-9.47362495935522e-05,-0.697265625,-0.6986327767372131
276,1783686175.017584,367275.654003,0.050008,0,,,4,-0.15065360069274902,0.1831866353750229,-0.22452647984027863,-0.31669923663139343,-0.026742126792669296,0.24295653402805328,0.5282624959945679,-0.0022643322590738535,-0.00031175449839793146,-0.0022634274791926146,-0.0003116167790722102,-0.00180150440428406,-0.004741794895380735,-4.150484073761618e-06,-0.9158201813697815,-0.17906241118907928,0.32140684127807617,0.630361020565033,-0.22687967121601105,0.11734316498041153,0.16786108911037445,0.9889485239982605,1.4715405702590942,0.45965611934661865,1.147585391998291,0.036960769444704056,-0.12452992051839828,-0.41180214285850525,-0.1917242854833603,0.1900009959936142,-0.21017347276210785,-0.4002312421798706,0.004963982384651899,0.19803929328918457,0.52385413646698,0.0,0.0,0.0,0.0,0.0,0.0,0.0,-0.9910029768943787,-0.1900009959936142,0.27532002329826355,0.5837855935096741,-0.24119657278060913,0.025847233831882477,0.16072194278240204,1.00927734375,1.5,1.004360318183899,1.5,0.002775925677269697,-0.699999988079071,-0.699999988079071
277,1783686175.067523,367275.703993,0.049990,0,,,5,-0.15159089863300323,0.18327350914478302,-0.22446466982364655,-0.31708666682243347,-0.02501765824854374,0.2433256357908249,0.5274803638458252,-0.0022627110593020916,-0.00031142751686275005,-0.0022616174537688494,-0.00031125370878726244,-0.0018015634268522263,-0.0047434172593057156,-3.854076567222364e-06,-0.9129325747489929,-0.17917734384536743,0.31496748328208923,0.6347156167030334,-0.2359924018383026,0.10895958542823792,0.1723237931728363,0.9890154004096985,1.4716331958770752,0.4596822261810303,1.1483641862869263,0.036933839321136475,-0.12450633198022842,-0.41191643476486206,-0.1917242854833603,0.1900009959936142,-0.20858722925186157,-0.4066687226295471,0.0033455602824687958,0.20050932466983795,0.5295867919921875,0.0,0.0,0.0,0.0,0.0,0.0,0.0,-1.0045135021209717,-0.1900009959936142,0.2984696626663208,0.6123278141021729,-0.21356463432312012,0.028097057715058327,0.1461341381072998,0.9990234375,1.494140625,1.0017651319503784,1.5,0.001955736428499222,-0.699999988079071,-0.699999988079071
278,1783686175.117555,367275.753993,0.050000,0,,,6,-0.15181565284729004,0.1833099126815796,-0.22469227015972137,-0.3173963725566864,-0.02396339923143387,0.24541476368904114,0.5261688232421875,-0.0022721511777490377,-0.00031285907607525587,-0.0022714368533343077,-0.0003127400705125183,-0.0018021408468484879,-0.004750869236886501,-3.922615633200621e-06,-0.914089560508728,-0.18004174530506134,0.31281033158302307,0.6503782272338867,-0.23988966643810272,0.09615905582904816,0.17475084960460663,0.9891341328620911,1.4717768430709839,0.4599756598472595,1.1492557525634766,0.03682484105229378,-0.12463993579149246,-0.41218677163124084,-0.1888098567724228,0.1900009959936142,-0.21493220329284668,-0.4066687226295471,0.004963982384651899,0.2019207775592804,0.5268351435661316,0.0,0.0,0.0,0.0,0.0,0.0,0.0,-1.0180240869522095,-0.1900009959936142,0.2984696626663208,0.6245602369308472,-0.21563702821731567,0.05509495735168457,0.13406145572662354,1.00927734375,1.5,1.006955623626709,1.5,-0.0013250198680907488,-0.699999988079071,-0.699999988079071
279,1783686175.167670,367275.804124,0.050130,0,,,7,-0.15184873342514038,0.1833556592464447,-0.22478921711444855,-0.31871846318244934,-0.023392928764224052,0.24748589098453522,0.5260465741157532,-0.002276088809594512,-0.0003134203143417835,-0.0022757411934435368,-0.00031335974927060306,-0.001802709768526256,-0.0047561051324009895,-3.925138571503339e-06,-0.920111358165741,-0.18037664890289307,0.31672409176826477,0.6670597195625305,-0.23725292086601257,0.08975861221551895,0.17430852353572845,0.9892106652259827,1.4718656539916992,0.45999693870544434,1.149871587753296,0.036724869161844254,-0.12400233000516891,-0.41226711869239807,-0.19318151473999023,0.1900009959936142,-0.21810469031333923,-0.41310620307922363,0.00658240495249629,0.19945074617862701,0.5231662392616272,0.0,0.0,0.0,0.0,0.0,0.0,0.0,-1.0296045541763306,-0.1900009959936142,0.3042570650577545,0.6571798920631409,-0.2052750587463379,0.023597408086061478,0.1206473782658577,1.00341796875,1.5,1.0121461153030396,1.5,0.00113554741255939,-0.699999988079071,-0.699999988079071
280,1783686175.217520,367275.853992,0.049868,0,,,8,-0.15182849764823914,0.18339431285858154,-0.22606594860553741,-0.32161223888397217,-0.022579196840524673,0.24930140376091003,0.525844931602478,-0.002281968016177416,-0.00031424869666807353,-0.002281852765008807,-0.0003142250352539122,-0.0018032004591077566,-0.004762147553265095,-3.844502316496801e-06,-0.9320654273033142,-0.18044452369213104,0.3242732584476471,0.6884229183197021,-0.23365676403045654,0.08904122561216354,0.17120681703090668,0.9893355369567871,1.4719984531402588,0.4600861966609955,1.1508103609085083,0.03652847930788994,-0.12293003499507904,-0.4124049246311188,-0.1858954131603241,0.1900009959936142,-0.21493220329284668,-0.41471558809280396,-0.0015097063733264804,0.2063315510749817,0.5277523398399353,0.0,0.0,0.0,0.0,0.0,0.0,0.0,-1.02381432056427,-0.1900009959936142,0.31004446744918823,0.653102457523346,-0.19836707413196564,0.032596707344055176,0.11025146394968033,0.99609375,1.5,1.0017651319503784,1.5,0.00031535830930806696,-0.699999988079071,-0.699999988079071
281,1783686175.267550,367275.903999,0.050007,0,,,9,-0.1518573760986328,0.183421328663826,-0.22854070365428925,-0.3243905305862427,-0.021973177790641785,0.25013378262519836,0.5255154371261597,-0.0022851459216326475,-0.00031466103973798454,-0.002285495400428772,-0.00031471115653403103,-0.0018037505215033889,-0.004767696373164654,-3.903169726982014e-06,-0.9415954351425171,-0.18044239282608032,0.32906273007392883,0.7071772217750549,-0.22979997098445892,0.08566739410161972,0.16702967882156372,0.9894185066223145,1.4721022844314575,0.46082037687301636,1.1514945030212402,0.03632156550884247,-0.12224628776311874,-0.41253092885017395,-0.1917242854833603,0.1900009959936142,-0.2133459597826004,-0.4066687226295471,0.00658240495249629,0.1990978717803955,0.5272937417030334,0.0,0.0,0.0,0.0,0.0,0.0,0.0,-1.0315345525741577,-0.1900009959936142,0.32161927223205566,0.6938770413398743,-0.19836707413196564,0.028097057715058327,0.09918484836816788,0.99609375,1.5,1.0095508098602295,1.5,0.005236492957919836,-0.699999988079071,-0.699999988079071
282,1783686175.317520,367275.953985,0.049986,0,,,10,-0.1511397510766983,0.1833900362253189,-0.23064714670181274,-0.32908403873443604,-0.021566081792116165,0.25144636631011963,0.5251659750938416,-0.00229981099255383,-0.000316881196340546,-0.002299667801707983,-0.0003168514231219888,-0.0018039366696029902,-0.00478352140635252,-4.438737050804775e-06,-0.9464083909988403,-0.18045388162136078,0.3355017900466919,0.7222400307655334,-0.22368188202381134,0.08265981078147888,0.1566866785287857,0.9894993901252747,1.472257137298584,0.46127334237098694,1.1521708965301514,0.03606894984841347,-0.12212222069501877,-0.41279491782188416,-0.1888098567724228,0.1900009959936142,-0.2133459597826004,-0.40827810764312744,0.0033455602824687958,0.20297935605049133,0.5233955383300781,0.0,0.0,0.0,0.0,0.0,0.0,0.0,-1.0450451374053955,-0.1900009959936142,0.3534500300884247,0.7183418273925781,-0.18455110490322113,0.005598809570074081,0.08845358341932297,1.00927734375,1.5,0.9991698265075684,1.5,-0.005425965413451195,-0.699999988079071,-0.699999988079071
283,1783686175.367535,367276.003999,0.050014,0,,,11,-0.15110568702220917,0.18341504037380219,-0.2307376265525818,-0.32925665378570557,-0.02107924409210682,0.2516621947288513,0.5250548720359802,-0.0023034794721752405,-0.00031738163670524955,-0.0023029595613479614,-0.00031729319016449153,-0.0018041259609162807,-0.004791678860783577,-4.495516350289108e-06,-0.951602041721344,-0.18041865527629852,0.34165167808532715,0.7389739155769348,-0.2186153680086136,0.07753358781337738,0.14768771827220917,0.9895452857017517,1.4723467826843262,0.46139615774154663,1.1527585983276367,0.03589004650712013,-0.12134873867034912,-0.41292744874954224,-0.19026707112789154,0.1900009959936142,-0.21175971627235413,-0.40827810764312744,0.00658240495249629,0.20580226182937622,0.5277523398399353,0.0,0.0,0.0,0.0,0.0,0.0,0.0,-1.0546954870224,-0.1900009959936142,0.3486271798610687,0.7224193215370178,-0.16900815069675446,0.012348284013569355,0.07772231847047806,1.01220703125,1.5,1.0017651319503784,1.5,-0.0037855871487408876,-0.699999988079071,-0.699999988079071
284,1783686175.417556,367276.054021,0.050022,0,,,12,-0.15096482634544373,0.1834762543439865,-0.23075096309185028,-0.3292447030544281,-0.020450813695788383,0.252177357673645,0.5247570872306824,-0.0023063032422214746,-0.0003176912432536483,-0.0023058000952005386,-0.0003176039026584476,-0.0018045897595584393,-0.004803474526852369,-4.50007792096585e-06,-0.9631503224372864,-0.1814967542886734,0.35925474762916565,0.7665198445320129,-0.20937848091125488,0.06729300320148468,0.13313594460487366,0.98965984582901,1.4724873304367065,0.4615023732185364,1.154202938079834,0.03552134707570076,-0.12106338888406754,-0.4132072627544403,-0.19026707112789154,0.1900009959936142,-0.21810469031333923,-0.4098874628543854,0.00658240495249629,0.20721369981765747,0.5309626460075378,0.0,0.0,0.0,0.0,0.0,0.0,0.0,-1.0643459558486938,-0.1900009959936142,0.35827285051345825,0.7631939053535461,-0.1527743935585022,-0.007900139316916466,0.06564964354038239,1.00927734375,1.5,0.9991698265075684,1.5,-0.002145209116861224,-0.699999988079071,-0.699999988079071
285,1783686175.467541,367276.104013,0.049992,0,,,13,-0.15098004043102264,0.18345993757247925,-0.23084139823913574,-0.3293088972568512,-0.01996716298162937,0.252972275018692,0.5245857834815979,-0.0023152276407927275,-0.00031903217313811183,-0.0023144774604588747,-0.0003189038543496281,-0.0018047504127025604,-0.004813247825950384,-4.593215635395609e-06,-0.9699003100395203,-0.18150310218334198,0.36892372369766235,0.7812174558639526,-0.201357901096344,0.06346744298934937,0.12469668686389923,0.989769458770752,1.472589135169983,0.46145692467689514,1.1544898748397827,0.03526429459452629,-0.12086069583892822,-0.41339221596717834,-0.1888098567724228,0.1900009959936142,-0.20858722925186157,-0.4163249731063843,0.00981924869120121,0.21180090308189392,0.5295867919921875,0.0,0.0,0.0,0.0,0.0,0.0,0.0,-1.087506890296936,-0.1900009959936142,0.371776819229126,0.7754263281822205,-0.1431032121181488,-0.02814856357872486,0.04150429368019104,0.697265625,1.0546875,0.7331570982933044,1.060546875,0.024921031668782234,-0.49628904461860657,-0.49492186307907104
286,1783686175.517531,367276.153982,0.049969,0,,,14,-0.15092037618160248,0.18347452580928802,-0.23117271065711975,-0.32951104640960693,-0.01924852654337883,0.25485819578170776,0.5246644020080566,-0.0023217755369842052,-0.0003199353814125061,-0.002320910571143031,-0.00031978762126527727,-0.0018051638035103679,-0.004826161079108715,-4.617263130057836e-06,-0.9817867279052734,-0.18135017156600952,0.38003066182136536,0.810336709022522,-0.18709531426429749,0.052343882620334625,0.11282209306955338,0.9897199869155884,1.4720537662506104,0.461405873298645,1.1547240018844604,0.034895047545433044,-0.12012848258018494,-0.4135490655899048,-0.19463872909545898,0.1900009959936142,-0.22286342084407806,-0.4243718087673187,0.00658240495249629,0.2114480435848236,0.5318798422813416,0.0,0.0,0.0,0.0,0.0,0.0,0.0,-1.0990873575210571,-0.1900009959936142,0.37467050552368164,0.832510769367218,-0.08991174399852753,-0.07651979476213455,0.021383171901106834,0.0,0.0,0.0,0.0029296875,0.00113554741255939,0.0,0.0
287,1783686175.567587,367276.204002,0.050020,0,,,15,-0.15074357390403748,0.1835012137889862,-0.23105382919311523,-0.3309399485588074,-0.018644576892256737,0.25707387924194336,0.5247414112091064,-0.0023249005898833275,-0.0003203259839210659,-0.002324199303984642,-0.0003202028456144035,-0.0018055654363706708,-0.004835471045225859,-4.620662366505712e-06,-0.9931906461715698,-0.18135210871696472,0.3906025290489197,0.8339759707450867,-0.17615407705307007,0.041877612471580505,0.10221508890390396,0.9811723232269287,1.454864263534546,0.4613398611545563,1.1484181880950928,0.034732282161712646,-0.11893723905086517,-0.413015753030777,-0.19609594345092773,0.1900009959936142,-0.22444966435432434,-0.4227624535560608,0.00658240495249629,0.21603524684906006,0.5334849953651428,0.0,0.0,0.0,0.0,0.0,0.0,0.0,-1.1068075895309448,-0.1900009959936142,0.37467050552368164,0.8202784061431885,-0.12756024301052094,-0.0776447057723999,0.01937106065452099,0.0,0.0,0.0,0.0,-0.002145209116861224,0.0,-0.0013671874767169356
288,1783686175.694620,367276.331064,0.127062,1,16,0.077065,0,-0.15135689079761505,0.1835251748561859,-0.2334212064743042,-0.33528393507003784,-0.01804160699248314,0.25999683141708374,0.5249429941177368,-0.002328418428078294,-0.0003207247646059841,-0.002328649163246155,-0.0003207513364031911,-0.0018065243493765593,-0.004846704192459583,-4.531270406005206e-06,-1.0086669921875,-0.18097318708896637,0.400188148021698,0.874835729598999,-0.15257346630096436,0.01713344268500805,0.08495567739009857,0.8934886455535889,1.3261666297912598,0.442538857460022,1.0567508935928345,0.034440670162439346,-0.11283669620752335,-0.386870801448822,-0.21212536096572876,0.1900009959936142,-0.2276221513748169,-0.4179343283176422,0.0033455602824687958,0.22115175426006317,0.547014057636261,0.0,0.0,0.0,0.0,0.0,0.0,0.0,-1.0932971239089966,-0.1900009959936142,0.32547757029533386,0.8162009119987488,-0.1431032121181488,-0.04277242347598076,0.04418710991740227,0.0,0.0,0.0,0.005859375,-0.0009149253601208329,0.0,0.0
289,1783686175.694912,367276.331436,0.000372,0,,,1,-0.15203838050365448,0.1835767775774002,-0.23524703085422516,-0.3386448323726654,-0.017616301774978638,0.2613603174686432,0.52528977394104,-0.0023276146966964006,-0.00032046818523667753,-0.0023279227316379547,-0.00032050584559328854,-0.001806772081181407,-0.004860197193920612,-4.856422947341343e-06,-1.014540433883667,-0.18338754773139954,0.401813268661499,0.8900559544563293,-0.14944316446781158,0.008215104229748249,0.07445600628852844,0.8122067451477051,1.1876220703125,0.40358641743659973,0.9320109486579895,0.03422524780035019,-0.10352341085672379,-0.3465326130390167,-0.21503978967666626,0.1900009959936142,-0.23238088190555573,-0.4227624535560608,0.0033455602824687958,0.22415107488632202,0.552058756351471,0.0,0.0,0.0,0.0,0.0,0.0,0.0,-1.1068075895309448,-0.1900009959936142,0.3351232409477234,0.832510769367218,-0.12652404606342316,-0.0663955882191658,0.035467956215143204,0.0,0.0,0.0,0.0,0.00031535830930806696,0.0,0.0
290,1783686175.717515,367276.353996,0.022561,0,,,2,-0.15293151140213013,0.1837068498134613,-0.23598116636276245,-0.33964601159095764,-0.017060399055480957,0.2632409632205963,0.5259234309196472,-0.0023221031296998262,-0.0003194129385519773,-0.0023219981230795383,-0.00031938496977090836,-0.0018071485683321953,-0.004875142592936754,-4.856909981754143e-06,-1.0192331075668335,-0.19062858819961548,0.40100228786468506,0.8982642292976379,-0.1488320231437683,0.0007275935495272279,0.06144934892654419,0.7294659614562988,1.017799973487854,0.3454439640045166,0.7573245167732239,0.03400728106498718,-0.0921805202960968,-0.290510892868042,-0.22086867690086365,0.1900009959936142,-0.23872585594654083,-0.4243718087673187,-0.0015097063733264804,0.22767969965934753,0.5516001582145691,0.0,0.0,0.0,0.0,0.0,0.0,0.0,-1.0990873575210571,-0.1900009959936142,0.3370523750782013,0.8406656980514526,-0.13274124264717102,-0.0686454102396965,0.007969089783728123,0.0,0.0,0.0,0.0,0.0023658310528844595,0.0,0.0
291,1783686175.767530,367276.404018,0.050022,0,,,3,-0.15799468755722046,0.1837300807237625,-0.24005329608917236,-0.33967453241348267,-0.016928186640143394,0.26650431752204895,0.5284154415130615,-0.0023274694103747606,-0.0003202224615961313,-0.002327505499124527,-0.0003202207444701344,-0.0018080397276207805,-0.004887168761342764,-5.0721641855489e-06,-1.0199477672576904,-0.19011393189430237,0.3926650583744049,0.9018688797950745,-0.14805161952972412,-0.0024904629681259394,0.059023380279541016,0.6577379703521729,0.8993959426879883,0.3113141655921936,0.6589494347572327,0.033846091479063034,-0.0866205245256424,-0.2591624855995178,-0.21795423328876495,0.1900009959936142,-0.24348458647727966,-0.4179343283176422,-0.0031281285919249058,0.22309249639511108,0.5529759526252747,0.0,0.0,0.0,0.0,0.0,0.0,0.0,-1.0932971239089966,-0.1900009959936142,0.3331941068172455,0.8365882039070129,-0.13619522750377655,-0.061895936727523804,0.007969089783728123,0.0,0.0,0.0,0.0029296875,0.001955736428499222,-0.0027343749534338713,0.0
292,1783686175.817527,367276.453988,0.049970,0,,,4,-0.1707887053489685,0.18370558321475983,-0.24933978915214539,-0.33997395634651184,-0.017085812985897064,0.27083146572113037,0.5343382954597473,-0.0023380292113870382,-0.0003217217163182795,-0.0023388180416077375,-0.00032184249721467495,-0.0018088810611516237,-0.004905389156192541,-5.0752969400491565e-06,-1.0190837383270264,-0.18552595376968384,0.37852978706359863,0.9094239473342896,-0.147120863199234,-0.005172319710254669,0.0536012127995491,0.5337983965873718,0.7109723091125488,0.2624755799770355,0.5194635987281799,0.03357149660587311,-0.07849845290184021,-0.21391165256500244,-0.22669754922389984,0.1900009959936142,-0.24348458647727966,-0.42598119378089905,0.00010871586709981784,0.22767969965934753,0.5561862587928772,0.0,0.0,0.0,0.0,0.0,0.0,0.0,-1.0894368886947632,-0.1900009959936142,0.3351232409477234,0.832510769367218,-0.1285964399576187,-0.0708952322602272,-0.008127807639539242,0.0,0.0,0.0,0.0,0.005236492957919836,0.0,0.0
293,1783686175.867563,367276.504022,0.050034,0,,,5,-0.17524133622646332,0.18367566168308258,-0.254583477973938,-0.34032440185546875,-0.017298497259616852,0.27115970849990845,0.5366498827934265,-0.0023468113504350185,-0.00032301884493790567,-0.002347386907786131,-0.00032310045207850635,-0.0018085731426253915,-0.004913358949124813,-4.933779564453289e-06,-1.0157392024993896,-0.18333004415035248,0.37478622794151306,0.9111777544021606,-0.1469959020614624,-0.005450073629617691,0.048927877098321915,0.47049373388290405,0.6177010536193848,0.23952072858810425,0.4540529251098633,0.03340662270784378,-0.07423881441354752,-0.19212184846401215,-0.2223258912563324,0.1900009959936142,-0.2403120994567871,-0.4227624535560608,-0.006364972796291113,0.22997330129146576,0.5589379072189331,0.0,0.0,0.0,0.0,0.0,0.0,0.0,-1.0855767726898193,-0.1900009959936142,0.31776100397109985,0.8162009119987488,-0.14724799990653992,-0.0866440087556839,0.022724580019712448,0.0,0.0,0.0,0.0,0.00031535830930806696,0.0,0.0
294,1783686175.917492,367276.553985,0.049963,0,,,6,-0.18054324388504028,0.18361954391002655,-0.25988632440567017,-0.34172117710113525,-0.01762409321963787,0.2732863128185272,0.5400362014770508,-0.0023673803079873323,-0.000326138804666698,-0.0023675686679780483,-0.0003261549863964319,-0.0018087455537170172,-0.00493556447327137,-5.3347016546467785e-06,-1.0089905261993408,-0.18183766305446625,0.3721514642238617,0.9117297530174255,-0.14657622575759888,-0.007538420148193836,0.04110216721892357,0.3812819719314575,0.48735466599464417,0.2083623707294464,0.3645069897174835,0.03313631936907768,-0.06403255462646484,-0.1605527400970459,-0.2223258912563324,0.1900009959936142,-0.2418983429670334,-0.42598119378089905,-0.0031281285919249058,0.2269739806652069,0.5598551630973816,0.0,0.0,0.0,0.0,0.0,0.0,0.0,-1.0720661878585815,-0.1900009959936142,0.2984696626663208,0.78765869140625,-0.16106396913528442,-0.06752049922943115,0.007969089783728123,0.0,0.01171875,0.0,0.005859375,0.0007254528463818133,-0.0013671874767169356,-0.0054687499068677425
295,1783686175.967548,367276.604006,0.050021,0,,,7,-0.18175017833709717,0.1835894137620926,-0.26025623083114624,-0.34295520186424255,-0.0179663747549057,0.2740304172039032,0.5420752763748169,-0.002381937811151147,-0.0003283766272943467,-0.0023817140609025955,-0.00032832249416969717,-0.001808475935831666,-0.004948160145431757,-5.313504971127259e-06,-1.004037857055664,-0.18105609714984894,0.3651593327522278,0.9094974398612976,-0.14728669822216034,-0.010942448861896992,0.04180263727903366,0.33422547578811646,0.418720543384552,0.19236600399017334,0.31771066784858704,0.03293139860033989,-0.05793589726090431,-0.14386619627475739,-0.22961197793483734,0.1900009959936142,-0.24982956051826477,-0.4179343283176422,-0.0015097063733264804,0.22485680878162384,0.5621482133865356,0.0,0.0,0.0,0.0,0.0,0.0,0.0,-1.0411850214004517,-0.1900009959936142,0.28496572375297546,0.7754263281822205,-0.19284069538116455,-0.07651979476213455,0.02674880437552929,0.0,0.0,0.0,0.0,0.003596114693209529,0.0,0.0
296,1783686176.017454,367276.653941,0.049936,0,,,8,-0.18203379213809967,0.18362681567668915,-0.26067396998405457,-0.34349602460861206,-0.01842518523335457,0.2750646471977234,0.545752227306366,-0.0023913742043077946,-0.00032971566542983055,-0.002390819601714611,-0.00032960757380351424,-0.0018086988711729646,-0.004964432213455439,-5.222966137807816e-06,-0.989966630935669,-0.18068358302116394,0.3443206548690796,0.888523519039154,-0.1543760448694229,-0.011849732138216496,0.04199237748980522,0.2830422818660736,0.34460002183914185,0.17525151371955872,0.2671375274658203,0.03263631463050842,-0.04885987564921379,-0.12518315017223358,-0.22669754922389984,0.1900009959936142,-0.2530020475387573,-0.42115306854248047,-0.006364972796291113,0.22556252777576447,0.5644412636756897,0.0,0.0,0.0,0.0,0.0,0.0,0.0,-1.0411850214004517,-0.1900009959936142,0.2560286819934845,0.7550389766693115,-0.2052750587463379,-0.0776447057723999,0.021383171901106834,0.0,0.0,0.0,0.0029296875,0.00113554741255939,0.0,0.0
297,1783686176.067523,367276.703984,0.050043,0,,,9,-0.18332825601100922,0.183676615357399,-0.26214727759361267,-0.3430982828140259,-0.01862170174717903,0.2756703495979309,0.5479236245155334,-0.0023937600199133158,-0.0003299794625490904,-0.00239351112395525,-0.0003299232048448175,-0.001809336245059967,-0.004974892362952232,-5.187455371924443e-06,-0.9787465929985046,-0.18063759803771973,0.33021268248558044,0.8728740215301514,-0.1634787619113922,-0.013922613114118576,0.04265053942799568,0.25685396790504456,0.3069078028202057,0.166352316737175,0.24141405522823334,0.03244587033987045,-0.045686569064855576,-0.11656378209590912,-0.23106920719146729,0.1900009959936142,-0.2482433170080185,-0.4163249731063843,-0.0031281285919249058,0.2258271723985672,0.5621482133865356,0.0,0.0,0.0,0.0,0.0,0.0,0.0,-1.012233853340149,-0.1900009959936142,0.23866645991802216,0.7224193215370178,-0.26330211758613586,-0.07651979476213455,0.028090212494134903,0.0,0.0,0.0,0.0,0.0023658310528844595,0.0,0.0
298,1783686176.117527,367276.754004,0.050020,0,,,10,-0.1851872205734253,0.18374504148960114,-0.2655485272407532,-0.34303125739097595,-0.019113659858703613,0.2760126292705536,0.5507758855819702,-0.0023996091913431883,-0.0003307165752630681,-0.002399470889940858,-0.00033067501499317586,-0.0018096864223480225,-0.004989074543118477,-4.947691195411608e-06,-0.9639836549758911,-0.17932136356830597,0.30360105633735657,0.8495897650718689,-0.18162848055362701,-0.01680448278784752,0.04328376427292824,0.22157451510429382,0.25498947501182556,0.1545255035161972,0.20637066662311554,0.0320771299302578,-0.04534396529197693,-0.10939588397741318,-0.2281547635793686,0.1900009959936142,-0.24982956051826477,-0.41310620307922363,-0.004746550694108009,0.21991673111915588,0.5662757158279419,0.0,0.0,0.0,0.0,0.0,0.0,0.0,-0.9910029768943787,-0.1900009959936142,0.23094992339611053,0.6734897494316101,-0.2936972379684448,-0.07426997274160385,0.03882147744297981,0.0,0.0,0.0,0.0,0.001955736428499222,0.0,0.0
299,1783686176.167507,367276.803984,0.049980,0,,,11,-0.1861354559659958,0.18379169702529907,-0.266704797744751,-0.3424888253211975,-0.019426094368100166,0.2762708067893982,0.5514565110206604,-0.002409216482192278,-0.00033214318682439625,-0.0024091796949505806,-0.0003321192052680999,-0.0018101464956998825,-0.00500381039455533,-5.240355676505715e-06,-0.9495203495025635,-0.17954592406749725,0.284297376871109,0.8235976696014404,-0.20527535676956177,-0.018208160996437073,0.04563090205192566,0.20323289930820465,0.22778594493865967,0.14821016788482666,0.18805763125419617,0.03186136856675148,-0.04270584508776665,-0.10590223968029022,-0.23398363590240479,0.1900009959936142,-0.25776076316833496,-0.40827810764312744,-0.007983394898474216,0.21991673111915588,0.5671929121017456,0.0,0.0,0.0,0.0,0.0,0.0,0.0,-0.9678420424461365,-0.1900009959936142,0.2116585671901703,0.6408700942993164,-0.33514514565467834,-0.0708952322602272,0.05290626361966133,0.0,0.0,0.0,0.0,0.001545641920529306,0.0,0.0
300,1783686176.217483,367276.853977,0.049994,0,,,12,-0.18717579543590546,0.18390649557113647,-0.26724961400032043,-0.34103626012802124,-0.019817249849438667,0.2762182652950287,0.5535826683044434,-0.0024147839285433292,-0.00033289400744251907,-0.002414594404399395,-0.0003328455495648086,-0.0018104823539033532,-0.005018099211156368,-5.085303655505413e-06,-0.9256997108459473,-0.17994888126850128,0.2658969759941101,0.7795249223709106,-0.24110126495361328,-0.019219955429434776,0.050136879086494446,0.1830356866121292,0.19804392755031586,0.14108902215957642,0.16786736249923706,0.03155653551220894,-0.0346914678812027,-0.09808532893657684,-0.2281547635793686,0.1900009959936142,-0.2530020475387573,-0.4066687226295471,-0.012838661670684814,0.21797598898410797,0.5628361105918884,0.0,0.0,0.0,0.0,0.0,0.0,0.0,-0.9350306987762451,-0.1900009959936142,0.18657980859279633,0.559320867061615,-0.3848826289176941,-0.0641457587480545,0.05290626361966133,0.0,0.0,0.0,0.0,0.001955736428499222,0.0,0.0
301,1783686176.267556,367276.903991,0.050014,0,,,13,-0.1890415996313095,0.1839606910943985,-0.26876312494277954,-0.33847665786743164,-0.020199105143547058,0.27611932158470154,0.5548335313796997,-0.0024168347008526325,-0.00033311231527477503,-0.002416502218693495,-0.00033304066164419055,-0.0018106921343132854,-0.005025901366025209,-4.926446308672894e-06,-0.9097627997398376,-0.1798996478319168,0.25411927700042725,0.7498160004615784,-0.2666339576244354,-0.019431760534644127,0.05546386167407036,0.17278610169887543,0.18290525674819946,0.13750138878822327,0.15755154192447662,0.03134376183152199,-0.034548740833997726,-0.09674830734729767,-0.23544086515903473,0.1900009959936142,-0.2545882761478424,-0.40184059739112854,-0.006364972796291113,0.21285949647426605,0.5690273642539978,0.0,0.0,0.0,0.0,0.0,0.0,0.0,-0.9157299399375916,-0.1900009959936142,0.1750049889087677,0.538933515548706,-0.37659305334091187,-0.055146459490060806,0.06699105352163315,0.0,0.0,0.0,0.0,-0.002145209116861224,0.0,0.0
302,1783686176.317509,367276.953992,0.050000,0,,,14,-0.18977543711662292,0.18401452898979187,-0.2702041268348694,-0.3357433080673218,-0.021119868382811546,0.2755676805973053,0.5553923845291138,-0.002427473198622465,-0.00033467033063061535,-0.0024270229041576385,-0.0003345759760122746,-0.001810778514482081,-0.005040052346885204,-4.890708623861428e-06,-0.8759103417396545,-0.17961736023426056,0.2311839759349823,0.6828457117080688,-0.3126194477081299,-0.017710508778691292,0.06429827213287354,0.15944473445415497,0.16241934895515442,0.13326838612556458,0.14360280334949493,0.03097977675497532,-0.03433963283896446,-0.09607912600040436,-0.23398363590240479,0.1900009959936142,-0.2545882761478424,-0.4066687226295471,-0.006364972796291113,0.2142709493637085,0.5662757158279419,0.0,0.0,0.0,0.0,0.0,0.0,0.0,-0.8742333054542542,-0.19190746545791626,0.14413882791996002,0.44719064235687256,-0.41527774930000305,-0.050646811723709106,0.0723566859960556,0.0,0.0,0.0,0.0,0.00113554741255939,-0.0027343749534338713,0.0
303,1783686176.367796,367277.004149,0.050158,0,,,15,-0.19077430665493011,0.1840670108795166,-0.2707139849662781,-0.33220240473747253,-0.021471673622727394,0.2750159800052643,0.556291401386261,-0.002431567758321762,-0.00033524242462590337,-0.0024308166466653347,-0.00033510196954011917,-0.0018110814271494746,-0.005049155093729496,-4.909870312985731e-06,-0.8591509461402893,-0.17949612438678741,0.21855250000953674,0.6487310528755188,-0.3312044143676758,-0.01673072762787342,0.07028742134571075,0.1533699482679367,0.15300250053405762,0.1314690113067627,0.137200266122818,0.03075230121612549,-0.034214336425065994,-0.09573306143283844,-0.23398363590240479,0.1900009959936142,-0.2609332501888275,-0.40184059739112854,-0.012838661670684814,0.2114480435848236,0.5722376704216003,0.0,0.0,0.0,0.0,0.0,0.0,0.0,-0.8269463777542114,-0.19381392002105713,0.12098919600248337,0.34729284048080444,-0.4235673248767853,-0.03714786097407341,0.08442935347557068,0.0,0.0,0.0,0.0,0.001955736428499222,0.0,0.0
304,1783686176.496252,367277.132637,0.128487,1,16,0.078461,0,-0.19192983210086823,0.18412379920482635,-0.2721157968044281,-0.3302288353443146,-0.021957658231258392,0.27448904514312744,0.5571982860565186,-0.002441540826112032,-0.0003367064637131989,-0.0024417326785624027,-0.00033671592245809734,-0.0018119328888133168,-0.0050617968663573265,-4.799940597877139e-06,-0.8206068873405457,-0.17954613268375397,0.192100390791893,0.5731658339500427,-0.3620568811893463,-0.011174405924975872,0.08078312128782272,0.14560186862945557,0.14028501510620117,0.1294454038143158,0.12856383621692657,0.03038218431174755,-0.03401613608002663,-0.09514327347278595,-0.23835529386997223,0.1900009959936142,-0.2403120994567871,-0.3937937319278717,0.00658240495249629,0.20121504366397858,0.5502243041992188,0.0,0.0,0.0,0.0,0.0,0.0,0.0,-0.909939706325531,-0.1900009959936142,0.18465067446231842,0.45330682396888733,-0.4221857190132141,-0.050646811723709106,0.08308795094490051,0.0,0.0,0.0,0.0,-0.002145209116861224,0.0,-0.0013671874767169356
305,1783686176.496662,367277.133126,0.000490,0,,,1,-0.19229133427143097,0.18422344326972961,-0.27297887206077576,-0.3295941948890686,-0.022487672045826912,0.27349400520324707,0.5590431094169617,-0.0024423750583082438,-0.0003367695026099682,-0.0024425110314041376,-0.0003367707831785083,-0.0018122137989848852,-0.0050696153193712234,-4.7740613808855414e-06,-0.788214385509491,-0.17984452843666077,0.17301766574382782,0.5059697031974792,-0.3801043629646301,-0.006478719413280487,0.08816733956336975,0.14217671751976013,0.13445788621902466,0.12865060567855835,0.1246107891201973,0.030177976936101913,-0.0338904969394207,-0.0947999507188797,-0.23981250822544098,0.1900009959936142,-0.2403120994567871,-0.39218437671661377,0.0033455602824687958,0.20297935605049133,0.5534346103668213,0.0,0.0,0.0,0.0,0.0,0.0,0.0,-0.8636178374290466,-0.1900009959936142,0.1788632571697235,0.3676801323890686,-0.44014647603034973,-0.03264821320772171,0.10320907086133957,0.0,0.0,0.0,0.0,-0.0013250198680907488,0.0,0.0
306,1783686176.517668,367277.154065,0.020939,0,,,2,-0.19236934185028076,0.18438036739826202,-0.27335405349731445,-0.3277505040168762,-0.023323215544223785,0.2728011906147003,0.5611916184425354,-0.0024407857563346624,-0.0003363770083524287,-0.002440615789964795,-0.0003363323921803385,-0.0018128807423636317,-0.005077308043837547,-4.452434950508177e-06,-0.7667486667633057,-0.18087100982666016,0.15806151926517487,0.4531179368495941,-0.39597007632255554,-0.004651757888495922,0.09410329163074493,0.13751739263534546,0.12706416845321655,0.12722906470298767,0.11956693232059479,0.029861750081181526,-0.03366602957248688,-0.09425963461399078,-0.23835529386997223,0.1900009959936142,-0.2403120994567871,-0.39218437671661377,0.00658240495249629,0.19733357429504395,0.5502243041992188,0.0,0.0,0.0,0.0,0.0,0.0,0.0,-0.8356317281723022,-0.1900009959936142,0.14799709618091583,0.3004020154476166,-0.473304808139801,-0.03264821320772171,0.12333019077777863,0.0,0.0,0.0,0.0,0.0007254528463818133,0.0,0.0
307,1783686176.567636,367277.204044,0.049979,0,,,3,-0.19284026324748993,0.18450060486793518,-0.27217230200767517,-0.32505545020103455,-0.02343599684536457,0.2711573839187622,0.5610870122909546,-0.002439608797430992,-0.0003360893460921943,-0.0024392849300056696,-0.00033602668554522097,-0.0018132900586351752,-0.005085931159555912,-4.610798441717634e-06,-0.7697091102600098,-0.18288317322731018,0.16087771952152252,0.44675928354263306,-0.40505921840667725,-0.001464701839722693,0.09775186330080032,0.13465175032615662,0.12322577089071274,0.12589330971240997,0.11690584570169449,0.029652461409568787,-0.03352511674165726,-0.09391797333955765,-0.23835529386997223,0.1900009959936142,-0.2403120994567871,-0.3986218571662903,0.0033455602824687958,0.20121504366397858,0.5548104047775269,0.0,0.0,0.0,0.0,0.0,0.0,0.0,-0.8057155013084412,-0.19190746545791626,0.12677660584449768,0.21579469740390778,-0.48159438371658325,-0.019149264320731163,0.1501583606004715,0.0,0.0,0.0,0.0029296875,0.002775925677269697,-0.0013671874767169356,0.0
308,1783686176.617638,367277.254056,0.050012,0,,,4,-0.1957172006368637,0.18434202671051025,-0.2691146731376648,-0.32029828429222107,-0.022880394011735916,0.266720712184906,0.5567745566368103,-0.002455134177580476,-0.00033846183214336634,-0.002455499256029725,-0.00033851093030534685,-0.0018140091560781002,-0.0050979722291231155,-4.68448251922382e-06,-0.7684615254402161,-0.18354035913944244,0.1692143678665161,0.41823509335517883,-0.4275754392147064,0.008290817029774189,0.11550291627645493,0.1310303807258606,0.1183854267001152,0.12421559542417526,0.11356279253959656,0.02931976690888405,-0.0333297960460186,-0.09338654577732086,-0.24126973748207092,0.1900009959936142,-0.2418983429670334,-0.39057499170303345,0.0017271380638703704,0.19945074617862701,0.5532053112983704,0.0,0.0,0.0,0.0,0.0,0.0,0.0,-0.7729042172431946,-0.19762684404850006,0.09012302756309509,0.13526484370231628,-0.5023183226585388,-0.015774525701999664,0.17027947306632996,0.0,0.0,0.0,0.0,0.00113554741255939,0.0,0.0
309,1783686176.667689,367277.304071,0.050015,0,,,5,-0.19638729095458984,0.18434934318065643,-0.266998291015625,-0.3202108144760132,-0.022415928542613983,0.26416411995887756,0.5556966066360474,-0.0024645153898745775,-0.00033991949749179184,-0.002464448567479849,-0.00033989830990321934,-0.001814178074710071,-0.005108735989779234,-4.8544839046371635e-06,-0.7512381672859192,-0.18273666501045227,0.16629250347614288,0.3619994819164276,-0.44385433197021484,0.013207164593040943,0.1343550980091095,0.1298486292362213,0.1157483458518982,0.12381847947835922,0.11196106672286987,0.02909800224006176,-0.033185236155986786,-0.09300053864717484,-0.24564139544963837,0.1900009959936142,-0.24982956051826477,-0.3889656364917755,0.0017271380638703704,0.1930992305278778,0.5534346103668213,0.0,0.0,0.0,0.0,0.0,0.0,0.0,-0.6957011222839355,-0.20811240375041962,0.06311513483524323,-0.0013301243307068944,-0.4981735348701477,0.028097057715058327,0.19710764288902283,0.0,0.0,0.0,0.0,0.00113554741255939,0.0,0.0
310,1783686176.717606,367277.354019,0.049948,0,,,6,-0.1987500637769699,0.18418434262275696,-0.2659759223461151,-0.318419873714447,-0.021957717835903168,0.2613675892353058,0.5543384552001953,-0.002474258653819561,-0.00034133120789192617,-0.002474061446264386,-0.0003412881924305111,-0.0018145306967198849,-0.005122846458107233,-4.851977791986428e-06,-0.7133891582489014,-0.18334290385246277,0.14348532259464264,0.25332093238830566,-0.46598419547080994,0.019673343747854233,0.16411921381950378,0.12918414175510406,0.11284352093935013,0.1232651025056839,0.11033020913600922,0.02876294031739235,-0.03295950964093208,-0.09242314845323563,-0.24855582416057587,0.1900009959936142,-0.2482433170080185,-0.39218437671661377,0.00010871586709981784,0.19803929328918457,0.552058756351471,0.0,0.0,0.0,0.0,0.0,0.0,0.0,-0.6455190777778625,-0.21859794855117798,0.03224896639585495,-0.10530539602041245,-0.48573917150497437,0.05959460511803627,0.22527721524238586,0.0,0.0,0.0,0.0,0.001545641920529306,0.0,0.0
311,1783686176.767667,367277.404061,0.050042,0,,,7,-0.2004055231809616,0.18420608341693878,-0.2671590745449066,-0.31694310903549194,-0.02173467166721821,0.2593049705028534,0.553753674030304,-0.0024771508760750294,-0.00034170172875747085,-0.002477263333275914,-0.0003417077532503754,-0.0018148749368265271,-0.005132254213094711,-4.939875452691922e-06,-0.6778311133384705,-0.18727654218673706,0.1238788440823555,0.16913022100925446,-0.4736633896827698,0.030257573351264,0.18083924055099487,0.12882505357265472,0.11152037978172302,0.12293043732643127,0.10948657989501953,0.028566576540470123,-0.03283539414405823,-0.0920894593000412,-0.24709860980510712,0.1900009959936142,-0.2545882761478424,-0.3873562514781952,-0.0031281285919249058,0.19662784039974213,0.5584793090820312,0.0,0.0,0.0,0.0,0.0,0.0,0.0,-0.6165679097175598,-0.22431734204292297,-0.0024754733312875032,-0.17564161121845245,-0.4567256569862366,0.08659250289201736,0.23064285516738892,0.0,0.0,0.0,0.0029296875,0.001955736428499222,0.0,0.0
312,1783686176.817754,367277.454161,0.050100,0,,,8,-0.20260904729366302,0.18454699218273163,-0.26739147305488586,-0.31589311361312866,-0.021443890407681465,0.2579424977302551,0.5532146096229553,-0.002472148509696126,-0.00034073973074555397,-0.002472414867952466,-0.0003407695039641112,-0.001815569237805903,-0.005147460848093033,-4.9421005314798094e-06,-0.6167357563972473,-0.19755607843399048,0.08792994171380997,0.03250296786427498,-0.47704994678497314,0.05342618748545647,0.20963524281978607,0.1281953901052475,0.10965480655431747,0.12235089391469955,0.10821349173784256,0.028236305341124535,-0.032593343406915665,-0.09151583909988403,-0.24418416619300842,0.1900009959936142,-0.24507082998752594,-0.39057499170303345,-0.007983394898474216,0.1959221214056015,0.5571035146713257,0.0,0.0,0.0,0.0,0.0,0.0,0.0,-0.5567355155944824,-0.23194319009780884,-0.0294833704829216,-0.2765587866306305,-0.445672869682312,0.10909075289964676,0.28429916501045227,0.0,0.0,0.0,0.0029296875,0.00031535830930806696,0.0,-0.004101562313735485
313,1783686176.867651,367277.504040,0.049879,0,,,9,-0.20365701615810394,0.18467015027999878,-0.26796799898147583,-0.31526538729667664,-0.021442973986268044,0.257350891828537,0.5532494187355042,-0.0024709717836230993,-0.0003404657472856343,-0.0024711941368877888,-0.00034048769157379866,-0.0018158098682761192,-0.005154412239789963,-4.7556363824696746e-06,-0.586427628993988,-0.20355993509292603,0.06230811029672623,-0.035222023725509644,-0.47556042671203613,0.07061192393302917,0.22411414980888367,0.12777651846408844,0.10868709534406662,0.12196946144104004,0.10770434886217117,0.028020493686199188,-0.03241943195462227,-0.09113439172506332,-0.24564139544963837,0.1900009959936142,-0.2530020475387573,-0.39218437671661377,-0.006364972796291113,0.19803929328918457,0.5614603161811829,0.0,0.0,0.0,0.0,0.0,0.0,0.0,-0.5335745811462402,-0.2395690381526947,-0.05263299494981766,-0.32956579327583313,-0.4470544755458832,0.14508794248104095,0.286981999874115,0.0,0.0,0.0,0.0,0.003186020301654935,0.0,-0.0027343749534338713
314,1783686176.917599,367277.554014,0.049974,0,,,10,-0.20352381467819214,0.18477432429790497,-0.26780346035957336,-0.3148340880870819,-0.021838756278157234,0.25644055008888245,0.5532865524291992,-0.0024742165114730597,-0.00034088027314282954,-0.0024742987006902695,-0.0003408797492738813,-0.0018162350170314312,-0.005169770214706659,-4.983071903552627e-06,-0.5300624966621399,-0.21491935849189758,0.015315773896872997,-0.1510189175605774,-0.4692268371582031,0.10323726385831833,0.2557678818702698,0.12681293487548828,0.10750871151685715,0.12140809744596481,0.1071302592754364,0.027717631310224533,-0.03219665586948395,-0.09063008427619934,-0.24709860980510712,0.1900009959936142,-0.2545882761478424,-0.39218437671661377,-0.009601817466318607,0.19627498090267181,0.5580207109451294,0.0,0.0,0.0,0.0,0.0,0.0,0.0,-0.47856736183166504,-0.24147550761699677,-0.0680660828948021,-0.4192699193954468,-0.4318569004535675,0.15408724546432495,0.2950304448604584,0.0,0.0,0.0,0.0,-0.0005048307939432561,0.0,0.0
315,1783686176.967649,367277.604037,0.050023,0,,,11,-0.20339329540729523,0.18510638177394867,-0.2675447165966034,-0.31470900774002075,-0.022046269848942757,0.2562926411628723,0.5538321733474731,-0.0024674783926457167,-0.0003397266555111855,-0.002467577112838626,-0.00033973055542446673,-0.0018166900845244527,-0.0051761651411652565,-4.81377628602786e-06,-0.503259003162384,-0.22095513343811035,-0.007037593051791191,-0.20620663464069366,-0.46625030040740967,0.1234489157795906,0.2704154849052429,0.12613925337791443,0.10687132179737091,0.12105555087327957,0.10673820972442627,0.02753564529120922,-0.0320357084274292,-0.09030778706073761,-0.2500130534172058,0.1900009959936142,-0.25141578912734985,-0.3873562514781952,-0.006364972796291113,0.19451066851615906,0.5573328137397766,0.0,0.0,0.0,0.0,0.0,0.0,0.0,-0.4312804639339447,-0.2452884316444397,-0.10279051959514618,-0.5008191466331482,-0.4042249619960785,0.18108513951301575,0.3272242248058319,0.0,0.0,0.0,0.0,-0.0005048307939432561,0.0,0.0
316,1783686177.017584,367277.654055,0.050018,0,,,12,-0.2040191888809204,0.18516398966312408,-0.2691006362438202,-0.31450822949409485,-0.022531047463417053,0.2558079957962036,0.5539643168449402,-0.0024702507071197033,-0.000340059632435441,-0.0024703487288206816,-0.0003400646091904491,-0.0018172465497627854,-0.005192608572542667,-5.051210791862104e-06,-0.4554455280303955,-0.22694051265716553,-0.037635162472724915,-0.2940635681152344,-0.45813819766044617,0.15335296094417572,0.2885493338108063,0.12477360665798187,0.10592760145664215,0.12044278532266617,0.10595811903476715,0.027206595987081528,-0.03178631141781807,-0.08974909037351608,-0.24855582416057587,0.1900009959936142,-0.2482433170080185,-0.3873562514781952,-0.006364972796291113,0.19345209002494812,0.5589379072189331,0.0,0.0,0.0,0.0,0.0,0.0,0.0,-0.3946089744567871,-0.24719490110874176,-0.10664878785610199,-0.5415937900543213,-0.380737841129303,0.20358338952064514,0.3312484622001648,0.0,0.0,0.0,0.0,-9.47362495935522e-05,0.0,0.0
317,1783686177.067519,367277.703993,0.049938,0,,,13,-0.20478858053684235,0.18523278832435608,-0.26945894956588745,-0.3141157925128937,-0.022754820063710213,0.2551238536834717,0.553989827632904,-0.0024698181077837944,-0.0003399177803657949,-0.00246968911960721,-0.00033988719223998487,-0.0018174557480961084,-0.005203231703490019,-5.167715244169813e-06,-0.41657981276512146,-0.22892016172409058,-0.0583508163690567,-0.36281755566596985,-0.4459286332130432,0.1729266494512558,0.30548638105392456,0.124104805290699,0.10548295080661774,0.12009350955486298,0.10554493218660355,0.02700868807733059,-0.031633056700229645,-0.089420385658741,-0.24709860980510712,0.1900009959936142,-0.24348458647727966,-0.37930938601493835,-0.0031281285919249058,0.1832190901041031,0.5552690625190735,0.0,0.0,0.0,0.0,0.0,0.0,0.0,-0.33670663833618164,-0.24624165892601013,-0.13751496374607086,-0.6149880886077881,-0.32547396421432495,0.22383181750774384,0.35136958956718445,0.0,0.0,0.0025952463038265705,0.0029296875,-0.0013250198680907488,0.0,0.0
318,1783686177.117625,367277.754107,0.050113,0,,,14,-0.20540572702884674,0.18517234921455383,-0.2690117359161377,-0.3127750754356384,-0.022991258651018143,0.25359100103378296,0.5539910793304443,-0.002471568062901497,-0.000340080150635913,-0.0024716088082641363,-0.0003400778805371374,-0.0018179829930886626,-0.005219350568950176,-5.170545136934379e-06,-0.36404767632484436,-0.2318952977657318,-0.08245756477117538,-0.448947548866272,-0.41993147134780884,0.20089203119277954,0.3254997134208679,0.12308425456285477,0.1048409715294838,0.11948823183774948,0.10491428524255753,0.026674602180719376,-0.0313616581261158,-0.08885817974805832,-0.24126973748207092,0.1900009959936142,-0.2403120994567871,-0.3760906457901001,-0.007983394898474216,0.18145477771759033,0.5506829023361206,0.0,0.0,0.0,0.0,0.0,0.0,0.0,-0.30196526646614075,-0.2452884316444397,-0.16066458821296692,-0.663917601108551,-0.3033684194087982,0.24633006751537323,0.337955504655838,0.0,0.0,0.0,0.0,0.00113554741255939,0.0,0.0
319,1783686177.167610,367277.804113,0.050006,0,,,15,-0.20560698211193085,0.1849994659423828,-0.26845213770866394,-0.3105913996696472,-0.023018551990389824,0.25042569637298584,0.5536307096481323,-0.0024779762607067823,-0.0003410386270843446,-0.0024779089726507664,-0.00034102032077498734,-0.0018180307233706117,-0.005230437032878399,-5.293710273690522e-06,-0.3305298984050751,-0.23207314312458038,-0.09735016524791718,-0.4958690106868744,-0.3975507616996765,0.21698257327079773,0.3372725248336792,0.12255258113145828,0.10447496920824051,0.11914723366498947,0.10455676168203354,0.026477383449673653,-0.031209517270326614,-0.08853258192539215,-0.23398363590240479,0.1900009959936142,-0.22920839488506317,-0.3809187710285187,-0.004746550694108009,0.16769316792488098,0.540364146232605,0.0,0.0,0.0,0.0,0.0,0.0,0.0,-0.26529377698898315,-0.23289641737937927,-0.1529480367898941,-0.6965373158454895,-0.2798812687397003,0.25307953357696533,0.3272242248058319,0.0,0.0,0.0,0.0,-0.0037855871487408876,0.0,0.0
320,1783686177.296971,367277.933447,0.129334,1,16,0.079433,0,-0.2035294771194458,0.18499693274497986,-0.2651490867137909,-0.3075725734233856,-0.023191357031464577,0.245080828666687,0.5523844957351685,-0.0024822636041790247,-0.00034159599454142153,-0.0024820819962769747,-0.00034155414323322475,-0.0018179508624598384,-0.005244554951786995,-5.175205387786264e-06,-0.28193697333335876,-0.23172487318515778,-0.12072189897298813,-0.5613977313041687,-0.3632184863090515,0.24218016862869263,0.3466204106807709,0.12199944257736206,0.1039075031876564,0.11862407624721527,0.10399375855922699,0.02618047036230564,-0.03095165081322193,-0.08801983296871185,-0.24709860980510712,0.1900009959936142,-0.21810469031333923,-0.34873130917549133,0.004963982384651899,0.1253497302532196,0.547014057636261,0.0,0.0,0.0,0.0,0.0,0.0,0.0,-0.24020276963710785,-0.25577399134635925,-0.1529480367898941,-0.6802274584770203,-0.2190910279750824,0.18558479845523834,0.1904006004333496,0.0,0.0,0.0,0.0,-0.0013250198680907488,0.0,-0.0027343749534338713
321,1783686177.297217,367277.933752,0.000305,0,,,1,-0.19868966937065125,0.1850014626979828,-0.2595762312412262,-0.306850403547287,-0.02329563908278942,0.24016103148460388,0.5494231581687927,-0.002485343487933278,-0.0003420037101022899,-0.0024852792266756296,-0.00034198060166090727,-0.0018182593630626798,-0.005256205331534147,-5.250323738437146e-06,-0.25273191928863525,-0.22821474075317383,-0.13223914802074432,-0.5979528427124023,-0.34192749857902527,0.25706911087036133,0.34683719277381897,0.12142977863550186,0.1034923568367958,0.11820992082357407,0.10357831418514252,0.025947002694010735,-0.030764618888497353,-0.08764909207820892,-0.23544086515903473,0.1900009959936142,-0.21175971627235413,-0.34390318393707275,0.00981924869120121,0.10841235518455505,0.5360073447227478,0.0,0.0,0.0,0.0,0.0,0.0,0.0,-0.21897190809249878,-0.2510078251361847,-0.1529480367898941,-0.7128471732139587,-0.17496629059314728,0.19458410143852234,0.15820680558681488,0.0,0.0,0.0,0.0,0.00031535830930806696,0.0,0.0
322,1783686177.317511,367277.953995,0.020243,0,,,2,-0.19503766298294067,0.18505194783210754,-0.25330978631973267,-0.3057878613471985,-0.023336516693234444,0.2354375422000885,0.5467965006828308,-0.0024797869846224785,-0.00034099858021363616,-0.002479791874065995,-0.0003409900236874819,-0.0018191428389400244,-0.005270319525152445,-5.135695118951844e-06,-0.23163524270057678,-0.22425861656665802,-0.13588906824588776,-0.6215135455131531,-0.3214173913002014,0.2706301212310791,0.3467737138271332,0.12054955959320068,0.1029244139790535,0.11764395982027054,0.10300955176353455,0.025613538920879364,-0.03049326315522194,-0.0871395617723465,-0.23106920719146729,0.1900009959936142,-0.1990697681903839,-0.3294188380241394,0.00658240495249629,0.09641505032777786,0.5271790623664856,0.0,0.0,0.0,0.0,0.0,0.0,0.0,-0.18037036061286926,-0.2395690381526947,-0.15680630505084991,-0.7210021018981934,-0.14034001529216766,0.19458410143852234,0.1501583606004715,0.0,0.0,0.0,0.0,-0.0013250198680907488,0.0,0.0
323,1783686177.367524,367278.003993,0.049998,0,,,3,-0.1951349526643753,0.18440133333206177,-0.2512006461620331,-0.2971404194831848,-0.022947102785110474,0.22060313820838928,0.543160617351532,-0.0024916159454733133,-0.00034278081147931516,-0.002492420142516494,-0.0003429084608796984,-0.0018187406240031123,-0.00528824282810092,-5.682676601281855e-06,-0.21451042592525482,-0.22651053965091705,-0.13516899943351746,-0.6291205286979675,-0.2916344702243805,0.2695414423942566,0.31826910376548767,0.12015178799629211,0.10251826792955399,0.11727195233106613,0.10260369628667831,0.02538638934493065,-0.03030746802687645,-0.08677157759666443,-0.2252403199672699,0.1900009959936142,-0.19113856554031372,-0.316543847322464,0.00981924869120121,0.08582919090986252,0.5208731889724731,0.0,0.0,0.0,0.0,0.0,0.0,0.0,-0.14562895894050598,-0.23575611412525177,-0.16066458821296692,-0.7210021018981934,-0.11408968269824982,0.19908374547958374,0.10958076268434525,0.0,0.0,0.0,0.0,-0.0013250198680907488,0.0,-0.004101562313735485
324,1783686177.417513,367278.053980,0.049987,0,,,4,-0.19364815950393677,0.18372438848018646,-0.23925934731960297,-0.2755186855792999,-0.021559294313192368,0.1925080269575119,0.5362802147865295,-0.002516490640118718,-0.0003466424532234669,-0.0025153926108032465,-0.00034646393032744527,-0.0018177798483520746,-0.0053202006965875626,-6.534039584948914e-06,-0.17500676214694977,-0.22897082567214966,-0.13571375608444214,-0.6448628902435303,-0.23668573796749115,0.25728315114974976,0.2576424479484558,0.119453065097332,0.10195746272802353,0.11671095341444016,0.10204300284385681,0.02509269490838051,-0.030079077929258347,-0.08627429604530334,-0.21795423328876495,0.1900009959936142,-0.17051739990711212,-0.31493449211120605,0.013056093826889992,0.06818608939647675,0.5045924782752991,0.0,0.0,0.0,0.0,0.0,0.0,0.0,-0.11474771797657013,-0.23194319009780884,-0.15680630505084991,-0.7332344651222229,-0.08093136548995972,0.17433567345142365,0.06430823355913162,0.0,0.0,0.0,0.0,0.009337438270449638,0.0,0.0
325,1783686177.467522,367278.103988,0.050008,0,,,5,-0.1896686553955078,0.18370410799980164,-0.2251213937997818,-0.2596808075904846,-0.02029600739479065,0.17600643634796143,0.5313273668289185,-0.002521392423659563,-0.0003473482502158731,-0.0025190706364810467,-0.00034696972579695284,-0.0018174659926444292,-0.005334328860044479,-6.217442660272354e-06,-0.14099590480327606,-0.22673018276691437,-0.13593867421150208,-0.6542283892631531,-0.19980330765247345,0.2505981922149658,0.2171655148267746,0.11899013072252274,0.10155045986175537,0.11630843579769135,0.10163570195436478,0.02488173358142376,-0.029899010434746742,-0.08592216670513153,-0.20775370299816132,0.1900009959936142,-0.1514824777841568,-0.2956220209598541,0.011437671259045601,0.04489720240235329,0.48819708824157715,0.0,0.0,0.0,0.0,0.0,0.0,0.0,-0.09158679097890854,-0.23003672063350677,-0.12594014406204224,-0.7373119592666626,-0.06158901005983353,0.16758619248867035,0.028760917484760284,0.0,0.0,0.0,0.0,0.003596114693209529,0.0,0.0
326,1783686177.517578,367278.154054,0.050065,0,,,6,-0.1809859722852707,0.18366055190563202,-0.20405878126621246,-0.24443702399730682,-0.01837621070444584,0.15601220726966858,0.5210117697715759,-0.002520098816603422,-0.00034696049988269806,-0.00251825712621212,-0.000346658518537879,-0.0018180618062615395,-0.005349745508283377,-5.773390512331389e-06,-0.09952244907617569,-0.22285383939743042,-0.13578924536705017,-0.6587668061256409,-0.1555638611316681,0.24165871739387512,0.16266438364982605,0.11837829649448395,0.10099240392446518,0.11574847251176834,0.10107696801424026,0.024666830897331238,-0.029643936082720757,-0.08543004095554352,-0.20192483067512512,0.1900009959936142,-0.13879252970218658,-0.2875751554965973,0.014674515463411808,0.02937127649784088,0.4782223105430603,0.0,0.0,0.0,0.0,0.0,0.0,0.0,-0.06456570327281952,-0.2281302660703659,-0.10279051959514618,-0.7210021018981934,-0.043628253042697906,0.17658549547195435,0.006627682130783796,0.0,0.0,0.0,0.0,-0.0017351144924759865,0.0,0.0
327,1783686177.567571,367278.204038,0.049984,0,,,7,-0.17382444441318512,0.1836182177066803,-0.1876501888036728,-0.23305635154247284,-0.017232144251465797,0.13941779732704163,0.5115218162536621,-0.00251766643486917,-0.0003464647161308676,-0.002515455475077033,-0.00034610307193361223,-0.0018181664636358619,-0.005363868549466133,-5.777292699349346e-06,-0.07546374201774597,-0.2209656834602356,-0.12916316092014313,-0.6597869992256165,-0.1293146312236786,0.236575186252594,0.12461607903242111,0.11753863096237183,0.10058483481407166,0.1151086762547493,0.10066889971494675,0.0245027057826519,-0.02946162223815918,-0.08507008105516434,-0.19318151473999023,0.19388574361801147,-0.11499889194965363,-0.2811376750469208,0.016292937099933624,0.016668247058987617,0.46033644676208496,0.0,0.0,0.0,0.0,0.0,0.0,0.0,-0.06070554628968239,-0.23194319009780884,-0.09121570736169815,-0.729157030582428,-0.0035619528498500586,0.17883531749248505,-0.03227315470576286,0.0,0.0,0.0,0.0,0.003596114693209529,0.0,0.0
328,1783686177.617536,367278.253989,0.049951,0,,,8,-0.1646147221326828,0.1835634559392929,-0.1677038073539734,-0.21797621250152588,-0.015340063720941544,0.11923661082983017,0.4983130395412445,-0.002510662656277418,-0.0003451943921390921,-0.0025085327215492725,-0.00034484631032682955,-0.0018189401598647237,-0.005380450747907162,-5.614496330963448e-06,-0.04737332463264465,-0.21927133202552795,-0.10814996063709259,-0.6589850187301636,-0.0971740335226059,0.23398169875144958,0.07999998331069946,0.11569744348526001,0.10002461075782776,0.1137302815914154,0.10010845214128494,0.024225439876317978,-0.029218604788184166,-0.08457867801189423,-0.1800665408372879,0.1997128427028656,-0.08486027270555496,-0.2714814245700836,0.011437671259045601,-0.007326366845518351,0.4442850351333618,0.0,0.0,0.0,0.0,0.0,0.0,0.0,-0.06070554628968239,-0.23766258358955383,-0.05263299494981766,-0.7210021018981934,0.06551788002252579,0.18108513951301575,-0.08458807319402695,0.01171875,0.0029296875,0.0,0.005859375,-0.0013250198680907488,0.0,-0.0054687499068677425
329,1783686177.667522,367278.303980,0.049991,0,,,9,-0.15782000124454498,0.18365022540092468,-0.15224656462669373,-0.2103963941335678,-0.014041975140571594,0.10552100837230682,0.4864230155944824,-0.0025123353116214275,-0.0003453333047218621,-0.0025104950182139874,-0.00034503458300605416,-0.0018195104785263538,-0.005394782871007919,-5.729829354095273e-06,-0.035057224333286285,-0.2191745787858963,-0.090089812874794,-0.6568030118942261,-0.06941784918308258,0.23406632244586945,0.04913019388914108,0.11480823904275894,0.09962301701307297,0.11314763128757477,0.09970758855342865,0.024039067327976227,-0.029033899307250977,-0.08422280848026276,-0.16257990896701813,0.20359759032726288,-0.05789414048194885,-0.2650439441204071,0.011437671259045601,-0.02567518875002861,0.4259405732154846,0.0,0.0,0.0,0.0,0.0,0.0,0.0,-0.05684538930654526,-0.23575611412525177,-0.02176682837307453,-0.7210021018981934,0.08900502324104309,0.20583322644233704,-0.1047092005610466,0.0,0.0,0.0,0.0,0.003596114693209529,0.0,0.0
330,1783686177.717469,367278.353950,0.049969,0,,,10,-0.1461685597896576,0.1858322024345398,-0.12541937828063965,-0.20077736675739288,-0.013130157254636288,0.08406107127666473,0.46823474764823914,-0.002526921918615699,-0.0003475255216471851,-0.002524015260860324,-0.0003470680385362357,-0.001819824450649321,-0.005416995380073786,-5.9676740420400165e-06,-0.029394449666142464,-0.22173020243644714,-0.05896066129207611,-0.6533603668212891,-0.019976073876023293,0.2350742220878601,0.0005954251391813159,0.11422696709632874,0.09908011555671692,0.11234750598669052,0.09917560964822769,0.023768149316310883,-0.028789496049284935,-0.08375585079193115,-0.1523793786764145,0.20553995668888092,-0.034100491553545,-0.26182520389556885,0.00981924869120121,-0.03837822005152702,0.41447529196739197,0.0,0.0,0.0,0.0,0.0,0.0,0.0,-0.05684538930654526,-0.2395690381526947,-0.006333744153380394,-0.7169246077537537,0.09867619723081589,0.21708233654499054,-0.13153736293315887,0.0,0.0,0.0,0.0,-0.005836059805005789,0.0,0.0
331,1783686177.767505,367278.403949,0.050000,0,,,11,-0.13552309572696686,0.18835437297821045,-0.10348100960254669,-0.19503583014011383,-0.012560036033391953,0.06857457756996155,0.4549511969089508,-0.002537231892347336,-0.00034911572583951056,-0.0025338134728372097,-0.0003485780907794833,-0.0018200025660917163,-0.005430431105196476,-5.89736009715125e-06,-0.027876950800418854,-0.22264422476291656,-0.03418145328760147,-0.6529887914657593,0.011869953013956547,0.24008266627788544,-0.0295077096670866,0.11367857456207275,0.0986817255616188,0.11152678728103638,0.0987800657749176,0.023585336282849312,-0.02861950919032097,-0.08341062813997269,-0.13926440477371216,0.20748233795166016,-0.020617425441741943,-0.2602158188819885,0.00981924869120121,-0.04402400925755501,0.40622028708457947,0.0,0.0,0.0,0.0,0.0,0.0,0.0,-0.06456570327281952,-0.2452884316444397,0.009099339134991169,-0.7046922445297241,0.11663695424795151,0.21708233654499054,-0.1382444053888321,0.005859375,0.0,0.0,0.0,0.00031535830930806696,-0.0013671874767169356,-0.0027343749534338713
332,1783686177.817511,367278.453977,0.050028,0,,,12,-0.12068779766559601,0.19119316339492798,-0.07256244868040085,-0.18859747052192688,-0.011868180707097054,0.049672335386276245,0.4385654926300049,-0.0025437551084905863,-0.0003500876482576132,-0.0025401851162314415,-0.0003495225973892957,-0.0018204686930403113,-0.005449706222862005,-5.868900643690722e-06,-0.02704380825161934,-0.22530119121074677,-0.0034947579260915518,-0.6512218117713928,0.04610922932624817,0.24997183680534363,-0.06526898592710495,0.11280009150505066,0.09813393652439117,0.1106393113732338,0.0982310101389885,0.02328478917479515,-0.028385156765580177,-0.08292995393276215,-0.13052110373973846,0.21136707067489624,-0.0039618732407689095,-0.25538769364356995,0.00981924869120121,-0.0468469075858593,0.3975066840648651,0.0,0.0,0.0,0.0,0.0,0.0,0.0,-0.049125079065561295,-0.24719490110874176,0.024532422423362732,-0.7128471732139587,0.1401240974664688,0.21708233654499054,-0.1449514478445053,0.0,0.0,0.0,0.0,0.0007254528463818133,0.0,0.0
333,1783686177.867470,367278.503973,0.049996,0,,,13,-0.11031074076890945,0.1932530552148819,-0.053690578788518906,-0.18562453985214233,-0.011378820054233074,0.039127517491579056,0.42929598689079285,-0.0025364041794091463,-0.00034882710315287113,-0.002532841172069311,-0.00034825917100533843,-0.0018208541441708803,-0.0054593454115092754,-5.555132702284027e-06,-0.02797274850308895,-0.22910337150096893,0.012711620889604092,-0.6453343033790588,0.06708195060491562,0.2553393542766571,-0.08488217741250992,0.11238213628530502,0.09773693233728409,0.11014843732118607,0.09783320873975754,0.023082571104168892,-0.02822142094373703,-0.08258959650993347,-0.12469222396612167,0.21233825385570526,0.01983177289366722,-0.25538769364356995,0.004963982384651899,-0.05954993516206741,0.3855827748775482,0.0,0.0,0.0,0.0,0.0,0.0,0.0,-0.04526492580771446,-0.24910135567188263,0.03610723465681076,-0.7250795364379883,0.17051921784877777,0.23058129847049713,-0.1744624227285385,0.0029296875,0.0,0.0,0.0,-0.0037855871487408876,0.0,0.0
334,1783686177.917470,367278.553974,0.050001,0,,,14,-0.09801389276981354,0.19591394066810608,-0.03276235610246658,-0.18143226206302643,-0.010748359374701977,0.028107529506087303,0.4170110821723938,-0.00252780900336802,-0.00034729577600955963,-0.0025242313276976347,-0.0003467210626695305,-0.0018213093280792236,-0.005477698054164648,-5.670841346727684e-06,-0.023837173357605934,-0.23338931798934937,0.030659718438982964,-0.6423537135124207,0.09531910717487335,0.2620255947113037,-0.10672936588525772,0.11155660450458527,0.09719158709049225,0.10936657339334488,0.09728734940290451,0.022822042927145958,-0.02800903655588627,-0.08211927860975266,-0.11594890803098679,0.21233825385570526,0.023004259914159775,-0.25699707865715027,0.004963982384651899,-0.058138489723205566,0.3782449960708618,0.0,0.0,0.0,0.0,0.0,0.0,0.0,-0.06070554628968239,-0.2481481283903122,0.03996550664305687,-0.708769679069519,0.17051921784877777,0.24183042347431183,-0.1825108677148819,0.0,0.0,0.0,0.0,0.0007254528463818133,0.0,-0.0013671874767169356
335,1783686177.967527,367278.603996,0.050022,0,,,15,-0.09107141941785812,0.19684293866157532,-0.016816386952996254,-0.17830103635787964,-0.010536496527493,0.021050790324807167,0.40804293751716614,-0.00252416986040771,-0.0003466207708697766,-0.0025214217603206635,-0.0003461770829744637,-0.001822102814912796,-0.005493921227753162,-5.888333362236153e-06,-0.019947782158851624,-0.23529468476772308,0.04297773540019989,-0.6428426504135132,0.11653255671262741,0.2684782147407532,-0.12345411628484726,0.11101441085338593,0.09679774194955826,0.10889212042093277,0.09689304977655411,0.02261364832520485,-0.027848314493894577,-0.08177516609430313,-0.11303447186946869,0.21136707067489624,0.029349232092499733,-0.2650439441204071,0.0033455602824687958,-0.051081251353025436,0.3764105439186096,0.0,0.0,0.0,0.0,0.0,0.0,0.0,-0.04526492580771446,-0.2510078251361847,0.0515403188765049,-0.7128471732139587,0.1926247626543045,0.25307953357696533,-0.17714524269104004,0.0029296875,0.0,0.0,0.0,0.003596114693209529,0.0,0.0
336,1783686178.100714,367278.737140,0.133144,1,16,0.083167,0,-0.083038829267025,0.19784650206565857,-0.00017789973935578018,-0.17726652324199677,-0.010342785157263279,0.014624165371060371,0.39777976274490356,-0.0025081667117774487,-0.00034392616362310946,-0.002506065182387829,-0.00034358244738541543,-0.001823159516789019,-0.005505520850419998,-5.371307906898437e-06,-0.021219734102487564,-0.23630164563655853,0.053978800773620605,-0.6413580775260925,0.13857980072498322,0.2798788547515869,-0.1431327760219574,0.11036403477191925,0.09625827521085739,0.10828835517168045,0.09635253250598907,0.022352110594511032,-0.027625517919659615,-0.08130871504545212,-0.13197831809520721,0.21039588749408722,0.0368838869035244,-0.2232002466917038,-0.012838661670684814,-0.11036206036806107,0.3690727651119232,0.0,0.0,0.0,0.0,0.0,0.0,0.0,-0.029824303463101387,-0.24910135567188263,0.04382377862930298,-0.663917601108551,0.17880879342556,0.16083672642707825,-0.18519368767738342,0.01171875,0.0087890625,0.0,0.0,-0.002965398132801056,0.0,-0.0054687499068677425
337,1783686178.100995,367278.737518,0.000378,0,,,1,-0.07894536852836609,0.19794152677059174,0.006027334835380316,-0.1773788332939148,-0.01024642214179039,0.013146347366273403,0.3920968472957611,-0.0024988027289509773,-0.00034234413760714233,-0.002497211331501603,-0.0003420771099627018,-0.0018237715121358633,-0.005516984034329653,-5.40550036021159e-06,-0.0202904362231493,-0.23786869645118713,0.05950428545475006,-0.640994668006897,0.15314190089702606,0.28742915391921997,-0.15222060680389404,0.10960739105939865,0.09586513042449951,0.1075686439871788,0.09595891088247299,0.0221878495067358,-0.02747987024486065,-0.08097172528505325,-0.12177778780460358,0.2094247043132782,0.03609076514840126,-0.2232002466917038,-0.01931235007941723,-0.11177350580692291,0.3617349863052368,0.0,0.0,0.0,0.0,0.0,0.0,0.0,-0.022103993222117424,-0.2519610524177551,0.04768205061554909,-0.6679950952529907,0.21749350428581238,0.16533637046813965,-0.21738748252391815,0.005859375,0.0,0.0,0.0029296875,0.0007254528463818133,0.0,-0.0027343749534338713
338,1783686178.117494,367278.753983,0.016465,0,,,2,-0.07651346176862717,0.19799941778182983,0.010081254877150059,-0.17764437198638916,-0.010157187469303608,0.01271729078143835,0.3870706260204315,-0.0024861556012183428,-0.0003401951107662171,-0.0024853970389813185,-0.0003400605346541852,-0.0018246318213641644,-0.00553344888612628,-5.4563870435231365e-06,-0.017260534688830376,-0.2389560043811798,0.06633342802524567,-0.6407318115234375,0.16800476610660553,0.2958931028842926,-0.15883614122867584,0.10884977877140045,0.09532886743545532,0.10665757954120636,0.09542180597782135,0.02197299152612686,-0.027274981141090393,-0.0805073231458664,-0.11303447186946869,0.20845352113246918,0.04362541809678078,-0.2232002466917038,-0.0241676177829504,-0.11318495124578476,0.354397177696228,0.0,0.0,0.0,0.0,0.0,0.0,0.0,-0.025964148342609406,-0.2510078251361847,0.03996550664305687,-0.663917601108551,0.1926247626543045,0.14733777940273285,-0.20129059255123138,0.0029296875,0.0,0.0,0.0,0.001545641920529306,0.0,0.0
339,1783686178.167545,367278.803992,0.050009,0,,,3,-0.07748576253652573,0.1977853924036026,0.010799422860145569,-0.17089013755321503,-0.011041329242289066,0.002218697452917695,0.3817816972732544,-0.002481649164110422,-0.0003393137303646654,-0.0024829760659486055,-0.00033951731165871024,-0.0018247738480567932,-0.00554633466526866,-5.557962595048593e-06,-0.012035252526402473,-0.23935052752494812,0.06934576481580734,-0.633137047290802,0.17914527654647827,0.2860260605812073,-0.16716359555721283,0.10845676809549332,0.09494320303201675,0.10623376816511154,0.09504038095474243,0.02181042917072773,-0.027123332023620605,-0.0801745057106018,-0.11012003570795059,0.21136707067489624,0.045112524181604385,-0.2232002466917038,-0.01931235007941723,-0.11318495124578476,0.3397216200828552,0.0,0.0,0.0,0.0,0.0,0.0,0.0,-0.010523526929318905,-0.25482073426246643,0.059256862848997116,-0.6516852378845215,0.19538795948028564,0.14733777940273285,-0.20665621757507324,0.0,0.0,0.0,0.0,0.00113554741255939,-0.0013671874767169356,0.0
340,1783686178.217559,367278.854042,0.050050,0,,,4,-0.07904812693595886,0.19714787602424622,0.015931017696857452,-0.15544641017913818,-0.01590030826628208,-0.020276542752981186,0.3710814118385315,-0.002486166078597307,-0.00033989353687502444,-0.0024873772636055946,-0.00034007252543233335,-0.001824854640290141,-0.005562457721680403,-5.506655725184828e-06,-0.0011429045116528869,-0.23980580270290375,0.06981301307678223,-0.6083884835243225,0.18817387521266937,0.2566531002521515,-0.18003128468990326,0.10790756344795227,0.09441407024860382,0.10562963783740997,0.09451813995838165,0.021574538201093674,-0.026922285556793213,-0.07972222566604614,-0.10283394157886505,0.21330945193767548,0.04640134423971176,-0.2232002466917038,-0.025786040350794792,-0.11318495124578476,0.337887167930603,0.0,0.0,0.0,0.0,0.0,0.0,0.0,-0.010523526929318905,-0.253867506980896,0.0515403188765049,-0.663917601108551,0.23407267034053802,0.15858690440654755,-0.19860777258872986,0.0,0.0,0.0,0.0029296875,0.003186020301654935,0.0,-0.0027343749534338713
341,1783686178.267508,367278.903982,0.049940,0,,,5,-0.07693176716566086,0.19712768495082855,0.020734772086143494,-0.1499677300453186,-0.017881862819194794,-0.030509911477565765,0.36221009492874146,-0.0024869998451322317,-0.000339951686328277,-0.0024867518804967403,-0.0003399011620786041,-0.001825064537115395,-0.005571281537413597,-5.335981313692173e-06,0.007997470907866955,-0.24129444360733032,0.07033184915781021,-0.5940561294555664,0.18973633646965027,0.24139994382858276,-0.18648727238178253,0.10722047090530396,0.09402741491794586,0.10502886027097702,0.09413162618875504,0.021404748782515526,-0.02678748592734337,-0.0793912261724472,-0.09263340383768082,0.21330945193767548,0.05016867071390152,-0.2360752373933792,-0.025786040350794792,-0.11318495124578476,0.3323838412761688,0.0,0.0,0.0,0.0,0.0,0.0,0.0,-0.006663371343165636,-0.2567272186279297,0.0515403188765049,-0.6476078033447266,0.20920392870903015,0.16758619248867035,-0.19860777258872986,0.0,0.0,0.0,0.0,0.001955736428499222,-0.0027343749534338713,0.0
342,1783686178.317525,367278.954004,0.050022,0,,,6,-0.07074042409658432,0.19753360748291016,0.025090143084526062,-0.1476753056049347,-0.021086446940898895,-0.03938302397727966,0.3527328073978424,-0.002483967924490571,-0.00033940214780159295,-0.0024834838695824146,-0.0003393081424292177,-0.0018254508031532168,-0.005583764053881168,-5.231230261415476e-06,0.017528705298900604,-0.24215905368328094,0.07073251157999039,-0.5852564573287964,0.20257438719272614,0.235370934009552,-0.19008731842041016,0.10575246810913086,0.09349721670150757,0.10401944071054459,0.09361205995082855,0.021186016499996185,-0.026596691459417343,-0.0789472833275795,-0.08680453151464462,0.2142806351184845,0.05155663564801216,-0.24251271784305573,-0.029022883623838425,-0.11318495124578476,0.3333010673522949,0.0,0.0,0.0,0.0,0.0,0.0,0.0,-0.014383682049810886,-0.25482073426246643,0.03224896639585495,-0.6312979459762573,0.22301989793777466,0.18558479845523834,-0.1932421326637268,0.0,0.0,0.0,0.0,-0.0005048307939432561,0.0,0.0
343,1783686178.367455,367279.003942,0.049938,0,,,7,-0.06457432359457016,0.19767849147319794,0.0269487127661705,-0.1480773389339447,-0.022871235385537148,-0.04322470352053642,0.3469007611274719,-0.0024844042491167784,-0.00033941661240532994,-0.002483622869476676,-0.0003392734215594828,-0.001825717743486166,-0.005593054927885532,-5.213405529502779e-06,0.020026670768857002,-0.2431860864162445,0.07092920690774918,-0.5804085731506348,0.2053755819797516,0.2339986115694046,-0.19067683815956116,0.10500643402338028,0.09311547130346298,0.10346617549657822,0.09323284775018692,0.021026235073804855,-0.026458723470568657,-0.07862088084220886,-0.08680453151464462,0.21330945193767548,0.049970392137765884,-0.2473408430814743,-0.03549657389521599,-0.11318495124578476,0.3323838412761688,0.0,0.0,0.0,0.0,0.0,0.0,0.0,-0.006663371343165636,-0.25863367319107056,0.03224896639585495,-0.6516852378845215,0.20920392870903015,0.17658549547195435,-0.15836551785469055,0.0,0.0029296875,0.0,0.0,0.00031535830930806696,0.0,0.0
344,1783686178.417525,367279.053991,0.050049,0,,,8,-0.05609328672289848,0.19786539673805237,0.02829083986580372,-0.15114222466945648,-0.0258239284157753,-0.045717157423496246,0.3415702283382416,-0.0024871756322681904,-0.00033979551517404616,-0.002486989600583911,-0.00033974580583162606,-0.0018265933031216264,-0.005610185209661722,-5.495530331245391e-06,0.019430845975875854,-0.24356839060783386,0.06653814762830734,-0.5690351128578186,0.20956900715827942,0.23530368506908417,-0.18988937139511108,0.1043519452214241,0.09259489178657532,0.10289046913385391,0.09271053969860077,0.020786894485354424,-0.02626735344529152,-0.07817034423351288,-0.08389009535312653,0.2094247043132782,0.05700934678316116,-0.253778338432312,-0.032259728759527206,-0.11318495124578476,0.3314666152000427,0.0,0.0,0.0,0.0,0.0,0.0,0.0,0.0010569391306489706,-0.2567272186279297,0.020674152299761772,-0.6353753805160522,0.22854627668857574,0.19908374547958374,-0.16909678280353546,0.0,0.0,0.0,0.0,-0.0005048307939432561,0.0,0.0
345,1783686178.467544,367279.103989,0.049998,0,,,9,-0.05247402563691139,0.197951078414917,0.02888851799070835,-0.15403659641742706,-0.02875330112874508,-0.04655727744102478,0.3392181396484375,-0.002486160723492503,-0.0003395613166503608,-0.00248647085390985,-0.00033959359279833734,-0.0018274064641445875,-0.00562598742544651,-5.811397841171129e-06,0.020860228687524796,-0.24473634362220764,0.06113146245479584,-0.5665533542633057,0.21020390093326569,0.2368994504213333,-0.18377068638801575,0.10371510684490204,0.09222273528575897,0.10234175622463226,0.09232968837022781,0.02061285637319088,-0.02614043466746807,-0.0778467059135437,-0.08826175332069397,0.21330945193767548,0.05274631828069687,-0.26182520389556885,-0.04035183787345886,-0.11318495124578476,0.3323838412761688,0.0,0.0,0.0,0.0,0.0,0.0,0.0,0.004917094483971596,-0.25863367319107056,0.03224896639585495,-0.6476078033447266,0.206440731883049,0.19008444249629974,-0.16641397774219513,0.0029296875,0.0,0.0,0.0,-0.0017351144924759865,0.0,0.0
346,1783686178.517462,367279.153948,0.049958,0,,,10,-0.04994506388902664,0.19748853147029877,0.031521059572696686,-0.15996500849723816,-0.0311566274613142,-0.04712661728262901,0.3366304039955139,-0.002488176804035902,-0.00033979490399360657,-0.002488983329385519,-0.0003399154811631888,-0.0018285971600562334,-0.005646626465022564,-5.997602329443907e-06,0.025128012523055077,-0.2452148199081421,0.05423864349722862,-0.5663286447525024,0.2138909250497818,0.24086150527000427,-0.17783568799495697,0.10309065133333206,0.09171000868082047,0.1017720103263855,0.0918121263384819,0.020371660590171814,-0.02595554105937481,-0.07740172743797302,-0.07514677941799164,0.21525181829929352,0.05076351389288902,-0.2811376750469208,-0.04277947172522545,-0.10471626371145248,0.32688048481941223,0.0,0.0,0.0,0.0,0.0,0.0,0.0,-0.006663371343165636,-0.2567272186279297,0.020674152299761772,-0.6312979459762573,0.21473030745983124,0.20808304846286774,-0.1449514478445053,0.0,0.005859375,0.0,0.005859375,-0.0013250198680907488,-0.0027343749534338713,-0.004101562313735485
347,1783686178.567603,367279.204043,0.050095,0,,,11,-0.04970807954668999,0.19759143888950348,0.03288421779870987,-0.16602426767349243,-0.033976491540670395,-0.04749375581741333,0.336110919713974,-0.0024819921236485243,-0.00033871911000460386,-0.0024836051743477583,-0.00033897117828018963,-0.001829479355365038,-0.0056587327271699905,-5.8422592701390386e-06,0.029091721400618553,-0.24585884809494019,0.052897803485393524,-0.5662116408348083,0.21410535275936127,0.2432902306318283,-0.17580272257328033,0.10267218947410583,0.09133419394493103,0.10131774097681046,0.09143584966659546,0.020189931616187096,-0.025826485827565193,-0.07708124816417694,-0.07514677941799164,0.21330945193767548,0.04798758774995804,-0.2811376750469208,-0.04439789429306984,-0.10189337283372879,0.3305493891239166,0.0,0.0,0.0,0.0,0.0,0.0,0.0,0.008777249604463577,-0.25482073426246643,0.009099339134991169,-0.6312979459762573,0.19538795948028564,0.21483251452445984,-0.14361003041267395,0.0,0.0,0.0,0.0,0.002775925677269697,0.0,0.0
348,1783686178.617508,367279.254003,0.049960,0,,,12,-0.045895062386989594,0.19819974899291992,0.03307135030627251,-0.18170978128910065,-0.03772158548235893,-0.04748672619462013,0.333652526140213,-0.0024773015175014734,-0.00033783630351535976,-0.002479053335264325,-0.0003381175338290632,-0.0018303307006135583,-0.005669150967150927,-5.417434294940904e-06,0.028799379244446754,-0.24592994153499603,0.050667766481637955,-0.5632184147834778,0.2142489105463028,0.25004005432128906,-0.1655433028936386,0.10211363434791565,0.09084158390760422,0.10075448453426361,0.09094259887933731,0.0199445653706789,-0.025649920105934143,-0.07665475457906723,-0.07806121557950974,0.21719418466091156,0.049573831260204315,-0.2891845107078552,-0.046825528144836426,-0.0962475836277008,0.33696994185447693,0.0,0.0,0.0,0.0,0.0,0.0,0.0,0.008777249604463577,-0.2510078251361847,0.012957610189914703,-0.6353753805160522,0.22301989793777466,0.22833146154880524,-0.14226862788200378,0.0,0.0,0.0,0.005859375,0.004416303709149361,-0.0027343749534338713,0.0
349,1783686178.667522,367279.303989,0.049986,0,,,13,-0.04404957592487335,0.19830068945884705,0.0328802727162838,-0.19077399373054504,-0.039636168628931046,-0.04749802500009537,0.33274728059768677,-0.0024810894392430782,-0.00033840793184936047,-0.0024822759442031384,-0.00033859553514048457,-0.0018301395466551185,-0.005686196498572826,-5.874699127161875e-06,0.030765395611524582,-0.24570782482624054,0.04532036930322647,-0.5610539317131042,0.21378247439861298,0.25603121519088745,-0.15878914296627045,0.10171768069267273,0.09047872573137283,0.100363589823246,0.09058021754026413,0.01979047618806362,-0.025524765253067017,-0.07634114474058151,-0.07223234325647354,0.2142806351184845,0.044418539851903915,-0.29079389572143555,-0.05329921841621399,-0.09342468529939651,0.33605271577835083,0.0,0.0,0.0,0.0,0.0,0.0,0.0,0.01649755984544754,-0.25482073426246643,0.016815882176160812,-0.6312979459762573,0.21749350428581238,0.20808304846286774,-0.1342201828956604,0.0,0.0,0.0,0.005859375,0.00031535830930806696,0.0,-0.004101562313735485
350,1783686178.717548,367279.354002,0.050013,0,,,14,-0.04347141459584236,0.1997181922197342,0.03284744918346405,-0.1987907588481903,-0.042683061212301254,-0.046682871878147125,0.33276399970054626,-0.002475680550560355,-0.0003374231746420264,-0.002476378111168742,-0.00033752963645383716,-0.0018301657401025295,-0.005707853008061647,-6.083374501031358e-06,0.03527330979704857,-0.24433445930480957,0.039838552474975586,-0.5602071285247803,0.21435144543647766,0.26550352573394775,-0.15355603396892548,0.10115361213684082,0.089969702064991,0.09981110692024231,0.09009486436843872,0.019602209329605103,-0.025362959131598473,-0.07590803503990173,-0.0707751214504242,0.21525181829929352,0.04580650478601456,-0.2988407611846924,-0.0508715845644474,-0.08495599776506424,0.3314666152000427,0.0,0.0,0.0,0.0,0.0,0.0,0.0,0.008777249604463577,-0.2519610524177551,-0.0024754733312875032,-0.6312979459762573,0.22025670111179352,0.21708233654499054,-0.12751314043998718,0.0,0.0,0.0,0.0,-0.0005048307939432561,0.0,-0.0027343749534338713
351,1783686178.767534,367279.403996,0.049994,0,,,15,-0.04234187304973602,0.19993716478347778,0.03270745649933815,-0.2034946233034134,-0.04549936577677727,-0.04576442390680313,0.3328125774860382,-0.002472207648679614,-0.00033681292552500963,-0.002472942229360342,-0.0003369163314346224,-0.0018300191732123494,-0.005720452405512333,-5.976127795292996e-06,0.03947727754712105,-0.244228795170784,0.039441391825675964,-0.5587010383605957,0.21487735211849213,0.2668314278125763,-0.14891992509365082,0.10074454545974731,0.08960084617137909,0.09940863400697708,0.08974853903055191,0.019448908045887947,-0.025242986157536507,-0.07560533285140991,-0.07660400122404099,0.21525181829929352,0.038866691291332245,-0.2940126359462738,-0.05329921841621399,-0.07931020855903625,0.3314666152000427,0.0,0.0,0.0,0.0,0.0,0.0,0.0,0.01649755984544754,-0.25291427969932556,0.0013827976072207093,-0.6312979459762573,0.21749350428581238,0.21933217346668243,-0.1234889104962349,0.0,0.0,0.0,0.0,0.005236492957919836,0.0,0.0
352,1783686178.894492,367279.530977,0.126981,1,16,0.076963,0,-0.040010180324316025,0.20003491640090942,0.03220571577548981,-0.20922428369522095,-0.04808764532208443,-0.04092346876859665,0.33259910345077515,-0.002468117279931903,-0.0003360385599080473,-0.002467813203111291,-0.00033597348374314606,-0.0018299421062693,-0.005743173882365227,-6.15244971413631e-06,0.04098609834909439,-0.24332258105278015,0.033844783902168274,-0.5561153888702393,0.21572533249855042,0.270031213760376,-0.14014895260334015,0.10015664994716644,0.08905386924743652,0.09882797300815582,0.08921066671609879,0.019207121804356575,-0.025048132985830307,-0.07515145093202591,-0.08389009535312653,0.21330945193767548,0.049573831260204315,-0.23768460750579834,-0.05329921841621399,-0.11318495124578476,0.288357138633728,0.0,0.0,0.0,0.0,0.0,0.0,0.0,0.004917094483971596,-0.25863367319107056,0.009099339134991169,-0.6149880886077881,0.2672309875488281,0.16758619248867035,-0.18787650763988495,0.0029296875,0.0,0.0,0.0,0.001955736428499222,-0.0013671874767169356,0.0
353,1783686178.894719,367279.531265,0.000288,0,,,1,-0.03999447077512741,0.20013780891895294,0.03098236583173275,-0.2098359912633896,-0.049398258328437805,-0.037655334919691086,0.3324829339981079,-0.002461254596710205,-0.0003348685277160257,-0.0024608864914625883,-0.0003347886959090829,-0.0018299081129953265,-0.00575638422742486,-6.17686282566865e-06,0.04183047264814377,-0.24323733150959015,0.02976059913635254,-0.5557970404624939,0.21603810787200928,0.2712106704711914,-0.13669045269489288,0.09980626404285431,0.08873485028743744,0.09848222881555557,0.08889109641313553,0.019092321395874023,-0.024942271411418915,-0.0748814269900322,-0.08389009535312653,0.21136707067489624,0.04878070950508118,-0.23929397761821747,-0.0508715845644474,-0.11318495124578476,0.28652268648147583,0.0,0.0,0.0,0.0,0.0,0.0,0.0,0.024217870086431503,-0.253867506980896,0.020674152299761772,-0.5986782312393188,0.24236224591732025,0.17658549547195435,-0.19055932760238647,0.0,0.0,0.0,0.0,-0.0017351144924759865,0.0,0.0
354,1783686178.917695,367279.554089,0.022824,0,,,2,-0.040070198476314545,0.20024876296520233,0.028137879446148872,-0.2099759578704834,-0.051062777638435364,-0.03302910923957825,0.3322591781616211,-0.002454278292134404,-0.0003336482332088053,-0.002453897148370743,-0.00033356863423250616,-0.0018302648095414042,-0.0057762437500059605,-6.171598215587437e-06,0.043584298342466354,-0.24315494298934937,0.027430448681116104,-0.5555678009986877,0.2164124697446823,0.2724016606807709,-0.13300712406635284,0.09925466030836105,0.0882352888584137,0.09793832153081894,0.08839072287082672,0.01892833039164543,-0.024774905294179916,-0.07445511966943741,-0.08971896767616272,0.2142806351184845,0.04759102687239647,-0.24412208795547485,-0.055726852267980576,-0.11318495124578476,0.28743991255760193,0.0,0.0,0.0,0.0,0.0,0.0,0.0,0.008777249604463577,-0.25291427969932556,0.020674152299761772,-0.6149880886077881,0.24788862466812134,0.16758619248867035,-0.16641397774219513,0.0,0.0,0.0,0.0,0.004416303709149361,0.0,0.0
355,1783686178.967735,367279.604131,0.050042,0,,,3,-0.042572762817144394,0.20017936825752258,0.02751081995666027,-0.20174303650856018,-0.05173618718981743,-0.03616110235452652,0.32570645213127136,-0.0024455743841826916,-0.0003320134128443897,-0.0024446318857371807,-0.00033184682251885533,-0.0018294637557119131,-0.005791556555777788,-6.185456186358351e-06,0.04503312334418297,-0.24312269687652588,0.02910345047712326,-0.5506715178489685,0.21924984455108643,0.2669973075389862,-0.13874106109142303,0.09886813908815384,0.08787599205970764,0.09755931049585342,0.08803112059831619,0.018789956346154213,-0.02464650385081768,-0.07414510101079941,-0.08534730970859528,0.21525181829929352,0.045211661607027054,-0.24412208795547485,-0.05896369367837906,-0.11318495124578476,0.29019156098365784,0.0,0.0,0.0,0.0,0.0,0.0,0.0,0.020357714965939522,-0.2567272186279297,0.016815882176160812,-0.6109106540679932,0.26170459389686584,0.17208585143089294,-0.20129059255123138,0.0,0.0,0.0,0.0,-0.0013250198680907488,0.0,0.0
356,1783686179.017759,367279.654176,0.050045,0,,,4,-0.04822694510221481,0.20012958347797394,0.02789917215704918,-0.17854680120944977,-0.053024936467409134,-0.042996712028980255,0.3107951879501343,-0.002440170617774129,-0.0003310763568151742,-0.00243856618180871,-0.0003307902370579541,-0.001829092507250607,-0.005807673092931509,-5.932300609856611e-06,0.04552120342850685,-0.24308444559574127,0.0341598317027092,-0.5382643342018127,0.22845500707626343,0.2552277445793152,-0.15281641483306885,0.0983060896396637,0.08738117665052414,0.09701512008905411,0.08753564953804016,0.018588503822684288,-0.024481400847434998,-0.07372299581766129,-0.08534730970859528,0.21525181829929352,0.04600478336215019,-0.24895021319389343,-0.05815448239445686,-0.11318495124578476,0.2892743647098541,0.0,0.0,0.0,0.0,0.0,0.0,0.0,0.012637404724955559,-0.25291427969932556,0.009099339134991169,-0.5864458680152893,0.25065183639526367,0.17883531749248505,-0.17982804775238037,0.0,0.0,0.0,0.0,-0.002965398132801056,0.0,0.0
357,1783686179.067762,367279.704139,0.049963,0,,,5,-0.048766061663627625,0.20013567805290222,0.027826756238937378,-0.1697748601436615,-0.054615892469882965,-0.044270165264606476,0.30404266715049744,-0.002445029793307185,-0.00033186739892698824,-0.002443881006911397,-0.0003316572110634297,-0.0018299645744264126,-0.005818741861730814,-5.8543232626107056e-06,0.04615315794944763,-0.24315549433231354,0.03620709851384163,-0.5362281799316406,0.23658941686153412,0.24961450695991516,-0.16355331242084503,0.09791997820138931,0.0870247408747673,0.09663375467061996,0.08717847615480423,0.018433278426527977,-0.024358633905649185,-0.0734168216586113,-0.08097565919160843,0.21330945193767548,0.04679790511727333,-0.24895021319389343,-0.06058211624622345,-0.11318495124578476,0.28652268648147583,0.0,0.0,0.0,0.0,0.0,0.0,0.0,0.01649755984544754,-0.25291427969932556,0.0013827976072207093,-0.5905233025550842,0.2451254427433014,0.18108513951301575,-0.1744624227285385,0.005859375,0.0,0.0,0.0,-0.0013250198680907488,-0.0027343749534338713,-0.0013671874767169356
358,1783686179.117759,367279.754156,0.050017,0,,,6,-0.04847288131713867,0.20015764236450195,0.027795013040304184,-0.16609929502010345,-0.05617845058441162,-0.044855084270238876,0.29849478602409363,-0.0024449138436466455,-0.0003317906230222434,-0.0024447492323815823,-0.0003317519440315664,-0.001831623027101159,-0.005836020689457655,-5.873293048352934e-06,0.04512569308280945,-0.2431342601776123,0.03539559245109558,-0.5266236066818237,0.24069246649742126,0.24457195401191711,-0.16960258781909943,0.09738391637802124,0.08653520792722702,0.09609941393136978,0.0866876170039177,0.018194478005170822,-0.024191012606024742,-0.07299856096506119,-0.08389009535312653,0.21330945193767548,0.04560822248458862,-0.2521689534187317,-0.06300975382328033,-0.11318495124578476,0.2892743647098541,0.0,0.0,0.0,0.0,0.0,0.0,0.0,0.008777249604463577,-0.253867506980896,0.012957610189914703,-0.5905233025550842,0.22025670111179352,0.16983602941036224,-0.15434129536151886,0.0,0.0,0.0,0.0029296875,-9.47362495935522e-05,0.0,0.0
359,1783686179.167743,367279.804136,0.049981,0,,,7,-0.04798704758286476,0.20011481642723083,0.02783200703561306,-0.16607849299907684,-0.05710817873477936,-0.046594709157943726,0.2954176962375641,-0.0024447659961879253,-0.00033172551775351167,-0.0024446407333016396,-0.0003316962393000722,-0.0018320160452276468,-0.005847444292157888,-5.813097232021391e-06,0.04507654160261154,-0.24303101003170013,0.033115413039922714,-0.5191532969474792,0.24128101766109467,0.24433018267154694,-0.16998618841171265,0.09700962156057358,0.08618088066577911,0.09571407735347748,0.08633307367563248,0.01802668161690235,-0.02408098243176937,-0.07269986718893051,-0.08389009535312653,0.21622300148010254,0.04838414862751961,-0.26182520389556885,-0.06381896138191223,-0.11318495124578476,0.29110878705978394,0.0,0.0,0.0,0.0,0.0,0.0,0.0,0.012637404724955559,-0.25577399134635925,-0.006333744153380394,-0.6068331599235535,0.24788862466812134,0.18783462047576904,-0.15836551785469055,0.0,0.0,0.0,0.0,0.004416303709149361,-0.0013671874767169356,0.0
360,1783686179.217667,367279.854060,0.049923,0,,,8,-0.04776434972882271,0.20005649328231812,0.027890490368008614,-0.16642789542675018,-0.05888552591204643,-0.04805513471364975,0.29362648725509644,-0.0024428132455796003,-0.0003313662309665233,-0.0024427573662251234,-0.00033134661498479545,-0.0018325141863897443,-0.005864437203854322,-5.841317033628002e-06,0.04446744546294212,-0.2430105358362198,0.0323248915374279,-0.5141342282295227,0.23990938067436218,0.24322888255119324,-0.16761207580566406,0.09646979719400406,0.08569365739822388,0.0951724424958229,0.08585581183433533,0.017815472558140755,-0.023928243666887283,-0.07228882610797882,-0.07806121557950974,0.21525181829929352,0.04650048539042473,-0.2634345591068268,-0.0694834366440773,-0.11036206036806107,0.29386046528816223,0.0,0.0,0.0,0.0,0.0,0.0,0.0,0.01649755984544754,-0.25863367319107056,0.0013827976072207093,-0.5905233025550842,0.22301989793777466,0.18333497643470764,-0.1637311577796936,0.0,0.0,0.0,0.0,-0.0013250198680907488,0.0,0.0
361,1783686179.267805,367279.904160,0.050100,0,,,9,-0.04765784367918968,0.20011962950229645,0.027949761599302292,-0.16854308545589447,-0.06022267788648605,-0.04835490509867668,0.29322290420532227,-0.002442336408421397,-0.0003312394255772233,-0.00244258064776659,-0.0003312708286102861,-0.0018331713508814573,-0.005876150447875261,-5.8200098465022165e-06,0.04425337538123131,-0.24304629862308502,0.030405322089791298,-0.5153557658195496,0.24017435312271118,0.2434927076101303,-0.16526535153388977,0.09608865529298782,0.08534366637468338,0.0947965607047081,0.08550868183374405,0.01768721081316471,-0.023813802748918533,-0.07198894023895264,-0.07806121557950974,0.21525181829929352,0.05314287915825844,-0.26182520389556885,-0.0702926516532898,-0.11318495124578476,0.29294323921203613,0.0,0.0,0.0,0.0,0.0,0.0,0.0,0.01649755984544754,-0.25482073426246643,-0.0024754733312875032,-0.5986782312393188,0.22025670111179352,0.18783462047576904,-0.15702411532402039,0.0029296875,0.0,0.0,0.0,-0.002145209116861224,0.0,-0.0013671874767169356
362,1783686179.317869,367279.954308,0.050148,0,,,10,-0.046125173568725586,0.20025058090686798,0.028077125549316406,-0.17376530170440674,-0.06305717676877975,-0.048801299184560776,0.2930108904838562,-0.002439291449263692,-0.0003306774015072733,-0.002439711941406131,-0.00033073543454520404,-0.001833578571677208,-0.005891810171306133,-5.696212156180991e-06,0.04430900886654854,-0.24419087171554565,0.0273505337536335,-0.5160717368125916,0.23917518556118011,0.24349436163902283,-0.16476298868656158,0.09551425278186798,0.08482019603252411,0.0942273736000061,0.08498415350914001,0.01746518164873123,-0.023640545085072517,-0.07154243439435959,-0.07660400122404099,0.21525181829929352,0.054431699216365814,-0.2634345591068268,-0.0686742290854454,-0.11318495124578476,0.28652268648147583,0.0,0.0,0.0,0.0,0.0,0.0,0.0,0.012637404724955559,-0.25291427969932556,-0.02176682837307453,-0.5946007966995239,0.22854627668857574,0.19683392345905304,-0.15836551785469055,0.0,0.0,0.0,0.0,-0.0009149253601208329,0.0,0.0
363,1783686179.367831,367280.004218,0.049910,0,,,11,-0.04524409398436546,0.20031487941741943,0.028564205393195152,-0.17538778483867645,-0.0647682473063469,-0.0496717132627964,0.2928480803966522,-0.0024388115853071213,-0.0003305564168840647,-0.0024387468583881855,-0.0003305366262793541,-0.0018335430650040507,-0.0059027839452028275,-5.785276243841508e-06,0.04444226622581482,-0.24422182142734528,0.025780152529478073,-0.5161111354827881,0.23784038424491882,0.24374982714653015,-0.16395017504692078,0.09518563747406006,0.08451605588197708,0.09389626234769821,0.08467947691679001,0.017322316765785217,-0.023539377376437187,-0.07128638029098511,-0.07660400122404099,0.21719418466091156,0.0626603364944458,-0.25538769364356995,-0.0702926516532898,-0.11318495124578476,0.28468823432922363,0.0,0.0,0.0,0.0,0.0,0.0,0.0,0.020357714965939522,-0.25482073426246643,-0.006333744153380394,-0.619065523147583,0.24236224591732025,0.18558479845523834,-0.1529998928308487,0.0,0.0,0.0,0.0,-0.007886532694101334,-0.0013671874767169356,0.0
364,1783686179.417686,367280.054064,0.049846,0,,,12,-0.04401949793100357,0.20038427412509918,0.030642539262771606,-0.17606936395168304,-0.06598877906799316,-0.05030316486954689,0.29130789637565613,-0.002438019961118698,-0.0003303393314126879,-0.0024372756015509367,-0.0003302120021544397,-0.0018336803186684847,-0.005918196402490139,-5.761454303865321e-06,0.04441959038376808,-0.2432941198348999,0.01762169785797596,-0.5163230895996094,0.23737981915473938,0.24640081822872162,-0.1620110124349594,0.09468135982751846,0.08404301851987839,0.09339389204978943,0.08420547842979431,0.017101548612117767,-0.023376991972327232,-0.07088185101747513,-0.07368956506252289,0.21719418466091156,0.0626603364944458,-0.26665329933166504,-0.07838476449251175,-0.10330481827259064,0.288357138633728,0.0,0.0,0.0,0.0,0.0,0.0,0.0,0.020357714965939522,-0.2567272186279297,-0.006333744153380394,-0.6027557253837585,0.22301989793777466,0.18558479845523834,-0.1529998928308487,0.0,0.0,0.0,0.0,-0.0013250198680907488,0.0,0.0
365,1783686179.467790,367280.104198,0.050134,0,,,13,-0.04304089769721031,0.20052269101142883,0.03415311500430107,-0.17605870962142944,-0.0669596716761589,-0.05054324492812157,0.28980422019958496,-0.002439766190946102,-0.0003305867430754006,-0.002438899129629135,-0.00033043973962776363,-0.0018339561065658927,-0.005932213272899389,-5.953870640951209e-06,0.04613789916038513,-0.24329566955566406,0.01415588054805994,-0.5205729007720947,0.23757892847061157,0.24689480662345886,-0.16176241636276245,0.09428533911705017,0.083696149289608,0.0930037796497345,0.08385805785655975,0.016911562532186508,-0.023274865001440048,-0.070589579641819,-0.07514677941799164,0.21525181829929352,0.061074092984199524,-0.2650439441204071,-0.07595712691545486,-0.10612771660089493,0.28743991255760193,0.0,0.0,0.0,0.0,0.0,0.0,0.0,0.01649755984544754,-0.25863367319107056,-0.02176682837307453,-0.6068331599235535,0.25065183639526367,0.20358338952064514,-0.1449514478445053,0.0,0.0,0.0,0.0,-0.004605776164680719,0.0,-0.0013671874767169356
366,1783686179.517655,367280.154054,0.049856,0,,,14,-0.041309673339128494,0.20086567103862762,0.0391765758395195,-0.1770016998052597,-0.07074178755283356,-0.05023256689310074,0.2893736958503723,-0.0024326560087502003,-0.00032939386437647045,-0.0024324990808963776,-0.00032935652416199446,-0.001834599650464952,-0.005946742836385965,-5.685188625648152e-06,0.047287728637456894,-0.24352140724658966,0.01394499372690916,-0.5242132544517517,0.23724311590194702,0.24673384428024292,-0.15929867327213287,0.09371446073055267,0.08318183571100235,0.09244038909673691,0.08334271609783173,0.016657860949635506,-0.023101788014173508,-0.07015135884284973,-0.07514677941799164,0.21525181829929352,0.05314287915825844,-0.26826268434524536,-0.07919397205114365,-0.10189337283372879,0.28377100825309753,0.0,0.0,0.0,0.0,0.0,0.0,0.0,0.008777249604463577,-0.2576804459095001,-0.010192015208303928,-0.5986782312393188,0.22854627668857574,0.20358338952064514,-0.14629285037517548,0.0,0.0,0.0,0.0,0.001545641920529306,0.0,-0.0027343749534338713
367,1783686179.567791,367280.204204,0.050150,0,,,15,-0.04103546962141991,0.20092396438121796,0.04012438282370567,-0.17738181352615356,-0.07203662395477295,-0.05009801313281059,0.28924432396888733,-0.0024242610670626163,-0.0003279956872574985,-0.002424061531201005,-0.00032795267179608345,-0.0018348699668422341,-0.005955127067863941,-5.59687123313779e-06,0.04715433344244957,-0.24387739598751068,0.01219040248543024,-0.5244130492210388,0.23814423382282257,0.2491421103477478,-0.1563882678747177,0.0933891162276268,0.08288425207138062,0.09211939573287964,0.08304455131292343,0.016509059816598892,-0.023000454530119896,-0.06990036368370056,-0.07223234325647354,0.21719418466091156,0.054729122668504715,-0.2747001647949219,-0.08081239461898804,-0.09765902906656265,0.28101933002471924,0.0,0.0,0.0,0.0,0.0,0.0,0.0,0.012637404724955559,-0.2567272186279297,-0.010192015208303928,-0.5946007966995239,0.24236224591732025,0.20808304846286774,-0.14629285037517548,0.0,0.0,0.0,0.0,-0.002555303508415818,-0.0013671874767169356,-0.004101562313735485
368,1783686179.695812,367280.332227,0.128022,1,16,0.077865,0,-0.04070858284831047,0.20095673203468323,0.040086086839437485,-0.17925965785980225,-0.07444768399000168,-0.049043990671634674,0.2883181869983673,-0.0024130642414093018,-0.000326113571645692,-0.0024132130201905966,-0.0003261254169046879,-0.0018355916254222393,-0.005969149526208639,-5.505709850694984e-06,0.044204726815223694,-0.2443966269493103,0.011080835945904255,-0.5237558484077454,0.2383076399564743,0.2539856433868408,-0.15396927297115326,0.09282483160495758,0.08237516134977341,0.09156280755996704,0.08253448456525803,0.01628970168530941,-0.022829366847872734,-0.06948062032461166,-0.09554784744977951,0.21136707067489624,0.05314287915825844,-0.2232002466917038,-0.06058211624622345,-0.11318495124578476,0.30119824409484863,0.0,0.0,0.0,0.0,0.0,0.0,0.0,0.055099114775657654,-0.259586900472641,-0.03719991073012352,-0.5946007966995239,0.2644678056240082,0.19008444249629974,-0.1342201828956604,0.0,0.0,0.0,0.0,-0.0013250198680907488,0.0,0.0
369,1783686179.696188,367280.332651,0.000425,0,,,1,-0.039876338094472885,0.20103052258491516,0.03993748500943184,-0.18235093355178833,-0.0758206769824028,-0.04764584079384804,0.28704318404197693,-0.002410406246781349,-0.00032565041328780353,-0.0024105082266032696,-0.00032565771834924817,-0.001835987321101129,-0.005977565422654152,-5.513133146450855e-06,0.043299056589603424,-0.2444440871477127,0.011121074669063091,-0.5232503414154053,0.23856590688228607,0.2559530735015869,-0.15285056829452515,0.09250015020370483,0.08208008110523224,0.09124276041984558,0.08223886042833328,0.01615738309919834,-0.02273624576628208,-0.0692421942949295,-0.09554784744977951,0.21330945193767548,0.04640134423971176,-0.2232002466917038,-0.059772904962301254,-0.11318495124578476,0.30119824409484863,0.0,0.0,0.0,0.0,0.0,0.0,0.0,0.04351864755153656,-0.25863367319107056,-0.04105818271636963,-0.5946007966995239,0.2589414119720459,0.20133356750011444,-0.12617172300815582,0.0,0.0,0.0,0.0,0.00113554741255939,0.0,0.0
370,1783686179.717632,367280.354111,0.021460,0,,,2,-0.039112042635679245,0.2012026458978653,0.03976597636938095,-0.18604645133018494,-0.07720523327589035,-0.04657785966992378,0.28568559885025024,-0.0024054693058133125,-0.0003248141147196293,-0.00240529328584671,-0.00032477942295372486,-0.0018362641567364335,-0.005993358790874481,-5.67542520002462e-06,0.043176230043172836,-0.24448373913764954,0.011208506301045418,-0.521599292755127,0.23921169340610504,0.2587986886501312,-0.15172088146209717,0.09199343621730804,0.08161871135234833,0.09074297547340393,0.08177660405635834,0.015940407291054726,-0.02259044349193573,-0.06887084990739822,-0.09409062564373016,0.21136707067489624,0.045211661607027054,-0.2296377420425415,-0.05653605982661247,-0.10471626371145248,0.304867148399353,0.0,0.0,0.0,0.0,0.0,0.0,0.0,0.04351864755153656,-0.2567272186279297,-0.060349538922309875,-0.6068331599235535,0.2727573812007904,0.20808304846286774,-0.12617172300815582,0.0,0.0,0.0,0.0,0.00031535830930806696,0.0,0.0
371,1783686179.767850,367280.404307,0.050195,0,,,3,-0.04393612593412399,0.20120355486869812,0.03771790489554405,-0.17988191545009613,-0.07738041877746582,-0.04775364324450493,0.2858409285545349,-0.002404822502285242,-0.00032469150028191507,-0.0024040613789111376,-0.0003245589614380151,-0.0018357812659814954,-0.0060122995637357235,-6.2656777117808815e-06,0.04854072630405426,-0.24451743066310883,0.006974790710955858,-0.5212799906730652,0.24136044085025787,0.25926581025123596,-0.14732122421264648,0.09163012355566025,0.08128524571657181,0.09038512408733368,0.08144256472587585,0.01579514890909195,-0.022490397095680237,-0.06859711557626724,-0.08971896767616272,0.21525181829929352,0.03985809162259102,-0.2409033477306366,-0.061391327530145645,-0.09483613073825836,0.304867148399353,0.0,0.0,0.0,0.0,0.0,0.0,0.0,0.04737880453467369,-0.2576804459095001,-0.060349538922309875,-0.6109106540679932,0.2838101387023926,0.21483251452445984,-0.11544046550989151,0.0,0.0,0.0,0.0,-0.0013250198680907488,-0.004101562313735485,-0.0027343749534338713
372,1783686179.817922,367280.454292,0.049985,0,,,4,-0.05266128107905388,0.2006864994764328,0.035648707300424576,-0.1626432090997696,-0.07652251422405243,-0.04877948388457298,0.290446400642395,-0.0023963232524693012,-0.00032332740374840796,-0.002394930925220251,-0.00032308284426108,-0.0018355660140514374,-0.006024037953466177,-5.582275662163738e-06,0.06254325807094574,-0.24435462057590485,-0.009239430539309978,-0.5220083594322205,0.2512592077255249,0.2612934708595276,-0.1373494416475296,0.09111467748880386,0.08079211413860321,0.08987767994403839,0.08094855397939682,0.015596379525959492,-0.022328512743115425,-0.0681738629937172,-0.08826175332069397,0.21525181829929352,0.04124605655670166,-0.24251271784305573,-0.07110185921192169,-0.08777889609336853,0.3067016005516052,0.0,0.0,0.0,0.0,0.0,0.0,0.0,0.055099114775657654,-0.259586900472641,-0.05263299494981766,-0.619065523147583,0.27552056312561035,0.21258269250392914,-0.1047092005610466,0.0,0.0,0.0,0.0,-0.0013250198680907488,0.0,0.0
373,1783686179.867625,367280.504100,0.049808,0,,,5,-0.05301874876022339,0.2006576806306839,0.033185772597789764,-0.15965403616428375,-0.07609686255455017,-0.04580414295196533,0.29349419474601746,-0.0023856887128204107,-0.00032156932866200805,-0.002384606748819351,-0.0003213765157852322,-0.0018363430863246322,-0.006026855204254389,-5.182234417588916e-06,0.07016456872224808,-0.24440604448318481,-0.023647870868444443,-0.5229281783103943,0.2586453855037689,0.2644311189651489,-0.13253901898860931,0.0907919630408287,0.08050208538770676,0.08955861628055573,0.08065784722566605,0.015472783707082272,-0.022243712097406387,-0.06793367862701416,-0.08826175332069397,0.2142806351184845,0.04283229634165764,-0.24573145806789398,-0.06705580651760101,-0.08495599776506424,0.31128770112991333,0.0,0.0,0.0,0.0,0.0,0.0,0.0,0.058959268033504486,-0.25863367319107056,-0.0719243511557579,-0.6109106540679932,0.26170459389686584,0.23733076453208923,-0.0939779281616211,0.0,0.0,0.0,0.005859375,0.00113554741255939,-0.0027343749534338713,0.0
374,1783686179.917499,367280.553992,0.049892,0,,,6,-0.05291375145316124,0.20068597793579102,0.029902052134275436,-0.1594979166984558,-0.07617625594139099,-0.04100487008690834,0.2960629165172577,-0.002379667479544878,-0.0003205650136806071,-0.002378888661041856,-0.0003204241511411965,-0.0018371434416621923,-0.006038774736225605,-5.303664693201426e-06,0.0786055475473404,-0.24520069360733032,-0.03211855888366699,-0.5271392464637756,0.26215264201164246,0.26787906885147095,-0.1251492202281952,0.09025946259498596,0.08004381507635117,0.08903203159570694,0.08020084351301193,0.015278124250471592,-0.022113557904958725,-0.06755360215902328,-0.08243287354707718,0.21525181829929352,0.04838414862751961,-0.24895021319389343,-0.07191107422113419,-0.07225296646356583,0.3140393793582916,0.0,0.0,0.0,0.0,0.0,0.0,0.0,0.055099114775657654,-0.2567272186279297,-0.0680660828948021,-0.6149880886077881,0.2672309875488281,0.21933217346668243,-0.07251539826393127,0.0,0.0,0.0,0.0087890625,0.003596114693209529,0.0,0.0
375,1783686179.967531,367280.604008,0.050016,0,,,7,-0.05288737267255783,0.20061823725700378,0.028646430000662804,-0.15962877869606018,-0.07623827457427979,-0.03767858073115349,0.2979569435119629,-0.0023820800706744194,-0.00032094569178298116,-0.0023811981081962585,-0.00032079085940495133,-0.0018375347135588527,-0.006046625319868326,-5.303814305079868e-06,0.08219529688358307,-0.2452465295791626,-0.03631513938307762,-0.5292831063270569,0.2625409960746765,0.2735476791858673,-0.11637008190155029,0.08989660441875458,0.07971584051847458,0.08867379277944565,0.07988954335451126,0.01515115424990654,-0.02201164700090885,-0.06727349758148193,-0.08680453151464462,0.21525181829929352,0.05651364475488663,-0.253778338432312,-0.07272028177976608,-0.07648731023073196,0.3067016005516052,0.0,0.0,0.0,0.0,0.0,0.0,0.0,0.06281942129135132,-0.2576804459095001,-0.0719243511557579,-0.6272204518318176,0.2672309875488281,0.21258269250392914,-0.08861229568719864,0.0,0.0,0.0,0.0029296875,0.00031535830930806696,-0.004101562313735485,0.0
376,1783686180.017598,367280.654066,0.050058,0,,,8,-0.051135819405317307,0.2006170004606247,0.02866181917488575,-0.1614711880683899,-0.07654368132352829,-0.030725324526429176,0.3010355234146118,-0.0023811485152691603,-0.000320772232953459,-0.0023799084592610598,-0.0003205587563570589,-0.0018378662643954158,-0.0060554551891982555,-5.108744517201558e-06,0.08411623537540436,-0.24516162276268005,-0.04141101613640785,-0.5300889015197754,0.262991338968277,0.27711883187294006,-0.10214680433273315,0.08934621512889862,0.07922501116991043,0.08813132345676422,0.07944298535585403,0.014986805617809296,-0.021863186731934547,-0.06685669720172882,-0.08097565919160843,0.2191365510225296,0.054729122668504715,-0.26182520389556885,-0.08000318706035614,-0.06943006813526154,0.31037047505378723,0.0,0.0,0.0,0.0,0.0,0.0,0.0,0.06281942129135132,-0.25863367319107056,-0.08349916338920593,-0.6312979459762573,0.2589414119720459,0.24408024549484253,-0.06446695327758789,0.005859375,0.0,0.0,0.005859375,-0.0037855871487408876,0.0,-0.0013671874767169356
377,1783686180.067552,367280.704025,0.049959,0,,,9,-0.05070216953754425,0.20060835778713226,0.029556872323155403,-0.16245587170124054,-0.07685913890600204,-0.027397220954298973,0.3013354241847992,-0.0023811464197933674,-0.0003207421686965972,-0.002380180871114135,-0.00032057741191238165,-0.001838452648371458,-0.00606309762224555,-5.228093414189061e-06,0.08619393408298492,-0.2451048344373703,-0.04247007891535759,-0.534164547920227,0.2633013427257538,0.2773333191871643,-0.09810550510883331,0.08903349190950394,0.07894104719161987,0.087821826338768,0.07917443662881851,0.014880342409014702,-0.021784856915473938,-0.06661512702703476,-0.07951843738555908,0.21816536784172058,0.05314287915825844,-0.2747001647949219,-0.08243081718683243,-0.05954993516206741,0.3131221532821655,0.0,0.0,0.0,0.0,0.0,0.0,0.0,0.058959268033504486,-0.2576804459095001,-0.08735743165016174,-0.6353753805160522,0.25065183639526367,0.22608163952827454,-0.04971146211028099,0.0,0.0,0.0,0.0,-0.0033754927571862936,-0.004101562313735485,0.0
378,1783686180.117540,367280.754009,0.049984,0,,,10,-0.048298031091690063,0.2015581578016281,0.03130017966032028,-0.16920055449008942,-0.07790709286928177,-0.021694034337997437,0.3020995259284973,-0.002377178054302931,-0.0003200772334821522,-0.0023764462675899267,-0.00031995592871680856,-0.001839413191191852,-0.006068871356546879,-4.940898179484066e-06,0.08799058198928833,-0.2450629323720932,-0.04922163486480713,-0.5429425239562988,0.2632254362106323,0.28389233350753784,-0.08617119491100311,0.08856993913650513,0.07849768549203873,0.08734250068664551,0.07875604182481766,0.014675673097372055,-0.021648602560162544,-0.06624125689268112,-0.08097565919160843,0.21719418466091156,0.05710848420858383,-0.27309080958366394,-0.08243081718683243,-0.05249269679188728,0.3131221532821655,0.0,0.0,0.0,0.0,0.0,0.0,0.0,0.055099114775657654,-0.2567272186279297,-0.08349916338920593,-0.6231430172920227,0.26170459389686584,0.23283112049102783,-0.04300441965460777,0.0,0.0,0.0,0.0,0.00031535830930806696,-0.0013671874767169356,-0.0013671874767169356
379,1783686180.167502,367280.803956,0.049947,0,,,11,-0.04633393883705139,0.20196515321731567,0.03177580237388611,-0.17690572142601013,-0.07903441786766052,-0.016560105606913567,0.30336353182792664,-0.0023716434370726347,-0.000319188111461699,-0.0023716106079518795,-0.0003191773721482605,-0.001840084558352828,-0.006075019016861916,-4.97347036798601e-06,0.08793829381465912,-0.24504578113555908,-0.05505459010601044,-0.5465129613876343,0.2626716196537018,0.2851034104824066,-0.07647645473480225,0.0882210060954094,0.0781761035323143,0.08699161559343338,0.07844039797782898,0.014522797428071499,-0.02155621536076069,-0.06596890836954117,-0.08097565919160843,0.22107893228530884,0.05631536617875099,-0.2714814245700836,-0.08081239461898804,-0.05390414595603943,0.31862547993659973,0.0,0.0,0.0,0.0,0.0,0.0,0.0,0.06667958199977875,-0.25577399134635925,-0.07964089512825012,-0.6272204518318176,0.22854627668857574,0.23058129847049713,-0.036297380924224854,0.0,0.0,0.0,0.0,-0.0013250198680907488,0.0,0.0
380,1783686180.217551,367280.854036,0.050080,0,,,12,-0.04594823718070984,0.2021704912185669,0.03291431441903114,-0.1840566098690033,-0.08014178276062012,-0.010500406846404076,0.3046475052833557,-0.0023674676194787025,-0.00031849549850448966,-0.002367056207731366,-0.0003184248926118016,-0.0018402095884084702,-0.006085442844778299,-5.0982434913748875e-06,0.08628218621015549,-0.24497176706790924,-0.05831140652298927,-0.5473787784576416,0.26177138090133667,0.28536784648895264,-0.06495572626590729,0.08772672712802887,0.07773485034704208,0.08650436252355576,0.07799788564443588,0.014341218397021294,-0.021427607163786888,-0.06559890508651733,-0.08243287354707718,0.2191365510225296,0.060280971229076385,-0.27309080958366394,-0.08971371501684189,-0.05249269679188728,0.31770825386047363,0.0,0.0,0.0,0.0,0.0,0.0,0.0,0.058959268033504486,-0.2567272186279297,-0.07964089512825012,-0.6312979459762573,0.24788862466812134,0.23508094251155853,-0.03763878718018532,0.0,0.0,0.0,0.0,0.00031535830930806696,0.0,0.0
381,1783686180.267612,367280.903972,0.049936,0,,,13,-0.04597004875540733,0.20307064056396484,0.033406712114810944,-0.1855965256690979,-0.08079582452774048,-0.007812830619513988,0.30636775493621826,-0.0023664531763643026,-0.00031832317472435534,-0.0023654531687498093,-0.00031815862166695297,-0.0018400641856715083,-0.006091563031077385,-5.064317974756705e-06,0.08739296346902847,-0.2447923719882965,-0.05829819291830063,-0.5475054383277893,0.25684958696365356,0.2855841815471649,-0.05699622631072998,0.08737905323505402,0.07741714268922806,0.08616024255752563,0.07767890393733978,0.014211408793926239,-0.02132890745997429,-0.06532924622297287,-0.08389009535312653,0.2191365510225296,0.0575050450861454,-0.2650439441204071,-0.08566766232252121,-0.05390414595603943,0.3167910575866699,0.0,0.0,0.0,0.0,0.0,0.0,0.0,0.06281942129135132,-0.25577399134635925,-0.09121570736169815,-0.6435303092002869,0.2534150183200836,0.23958058655261993,-0.025566114112734795,0.0,0.0,0.0,0.0,0.001545641920529306,0.0,0.0
382,1783686180.317504,367280.953988,0.050016,0,,,14,-0.046026162803173065,0.2034902125597,0.03564619645476341,-0.18600022792816162,-0.08337940275669098,-0.004559516441076994,0.3081400692462921,-0.0023624503519386053,-0.00031767753534950316,-0.0023621420841664076,-0.0003176155441906303,-0.0018403967842459679,-0.006099609192460775,-5.0121734602726065e-06,0.08807490020990372,-0.24463099241256714,-0.05828097090125084,-0.5479915142059326,0.2546432912349701,0.288065642118454,-0.04979023337364197,0.08689963072538376,0.07698184251785278,0.08568934351205826,0.0772424042224884,0.014041894115507603,-0.021187378093600273,-0.06495752930641174,-0.08389009535312653,0.22010774910449982,0.054729122668504715,-0.2747001647949219,-0.08162160217761993,-0.048258353024721146,0.31954270601272583,0.0,0.0,0.0,0.0,0.0,0.0,0.0,0.055099114775657654,-0.2576804459095001,-0.07964089512825012,-0.6312979459762573,0.23407267034053802,0.24857988953590393,-0.018859073519706726,0.0029296875,0.0,0.0,0.0,-0.002965398132801056,0.0,0.0
383,1783686180.367545,367281.004003,0.050015,0,,,15,-0.0461137481033802,0.20359750092029572,0.03643792122602463,-0.1859430968761444,-0.08436722308397293,-0.0030189005192369223,0.309100478887558,-0.002355091506615281,-0.00031647883588448167,-0.002354508265852928,-0.0003163763030897826,-0.001840650336816907,-0.0061036148108541965,-4.8673973651602864e-06,0.0883992537856102,-0.24444611370563507,-0.05930483341217041,-0.5511146187782288,0.25442469120025635,0.2912130355834961,-0.043660931289196014,0.08655266463756561,0.0766666829586029,0.08534654229879379,0.07692614197731018,0.01392830815166235,-0.02108769677579403,-0.06468895077705383,-0.08389009535312653,0.22010774910449982,0.054332561790943146,-0.2634345591068268,-0.0864768698811531,-0.05954993516206741,0.3149566054344177,0.0,0.0,0.0,0.0,0.0,0.0,0.0,0.055099114775657654,-0.25482073426246643,-0.08735743165016174,-0.6272204518318176,0.2451254427433014,0.23733076453208923,-0.01081062387675047,0.0029296875,0.0,0.0,0.0,0.00031535830930806696,0.0,0.0
384,1783686180.494478,367281.130804,0.126801,1,16,0.076806,0,-0.046256836503744125,0.2037687599658966,0.03654797375202179,-0.1861153244972229,-0.08506424725055695,-0.00034407450584694743,0.31027352809906006,-0.0023477142676711082,-0.0003152774297632277,-0.0023471973836421967,-0.00031518685864284635,-0.0018411516211926937,-0.006109756883233786,-4.800114766112529e-06,0.08651761710643768,-0.24440281093120575,-0.0595926009118557,-0.5526484251022339,0.2516726851463318,0.29494068026542664,-0.03480067104101181,0.08609038591384888,0.07623568922281265,0.08487857133150101,0.07649362087249756,0.01374625414609909,-0.020946336910128593,-0.06432066112756729,-0.09409062564373016,0.2142806351184845,0.05631536617875099,-0.23124711215496063,-0.09375977516174316,-0.09342468529939651,0.3057843744754791,0.0,0.0,0.0,0.0,0.0,0.0,0.0,0.10142097622156143,-0.24719490110874176,-0.09121570736169815,-0.6312979459762573,0.26999416947364807,0.16533637046813965,-0.018859073519706726,0.0,0.0,0.0,0.0,0.001545641920529306,0.0,0.0
385,1783686180.494734,367281.131265,0.000462,0,,,1,-0.046357035636901855,0.20389027893543243,0.03655039519071579,-0.18595094978809357,-0.08569136261940002,-0.00023176433751359582,0.3104691505432129,-0.0023437633644789457,-0.0003146335366182029,-0.002343414817005396,-0.0003145711962133646,-0.0018414794467389584,-0.00611453503370285,-4.804777290701168e-06,0.08535732328891754,-0.24417226016521454,-0.05974103510379791,-0.5524627566337585,0.2510540187358856,0.2954493761062622,-0.028316538780927658,0.08575990796089172,0.07592390477657318,0.08454176783561707,0.07618087530136108,0.013623579405248165,-0.020847026258707047,-0.06405456364154816,-0.09409062564373016,0.21525181829929352,0.05631536617875099,-0.23929397761821747,-0.09052293002605438,-0.08354455232620239,0.30945324897766113,0.0,0.0,0.0,0.0,0.0,0.0,0.0,0.10528112947940826,-0.2452884316444397,-0.09893224388360977,-0.6394528746604919,0.23683585226535797,0.15408724546432495,-0.014834849163889885,0.0,0.005859375,0.0,0.0,0.003186020301654935,0.0,-0.0013671874767169356
386,1783686180.517596,367281.154098,0.022833,0,,,2,-0.04648647457361221,0.20404495298862457,0.0365525484085083,-0.1855911910533905,-0.08656731247901917,-0.0003002946905326098,0.31064727902412415,-0.002338425489142537,-0.0003137728781439364,-0.002338065067306161,-0.00031370887882076204,-0.0018418969120830297,-0.0061213113367557526,-4.822173650609329e-06,0.0847059041261673,-0.24383312463760376,-0.0599951334297657,-0.5522089600563049,0.25052326917648315,0.29558295011520386,-0.022117039188742638,0.08531219512224197,0.0754980519413948,0.0840844064950943,0.07575356215238571,0.013464728370308876,-0.020709356293082237,-0.06369011849164963,-0.09554784744977951,0.21525181829929352,0.049970392137765884,-0.2521689534187317,-0.09214135259389877,-0.07084152102470398,0.3158738315105438,0.0,0.0,0.0,0.0,0.0,0.0,0.0,0.09370066970586777,-0.24338196218013763,-0.09893224388360977,-0.6394528746604919,0.23130947351455688,0.16083672642707825,0.0026034575421363115,0.0,0.0029296875,0.0,0.0029296875,0.00113554741255939,-0.0027343749534338713,0.0
387,1783686180.567661,367281.204110,0.050012,0,,,3,-0.04952594265341759,0.20363879203796387,0.03584020957350731,-0.18024824559688568,-0.08717231452465057,-0.003833301365375519,0.3104008734226227,-0.002342317719012499,-0.0003144083311781287,-0.0023423214443027973,-0.00031440265593118966,-0.0018418313702568412,-0.0061309123411774635,-5.212901214690646e-06,0.09410316497087479,-0.24126587808132172,-0.06219175457954407,-0.5529077649116516,0.2500193417072296,0.28330984711647034,-0.019844744354486465,0.08502840250730515,0.0752379521727562,0.08380015194416046,0.0754837766289711,0.01337400358170271,-0.020634111016988754,-0.06346306949853897,-0.09554784744977951,0.21719418466091156,0.046203065663576126,-0.2650439441204071,-0.09537819772958755,-0.05672704055905342,0.32688048481941223,0.0,0.0,0.0,0.0,0.0,0.0,0.0,0.11300144344568253,-0.23766258358955383,-0.09893224388360977,-0.6476078033447266,0.21473030745983124,0.15858690440654755,0.018700355663895607,0.0,0.0,0.0,0.0,-0.0037855871487408876,0.0,-0.0027343749534338713
388,1783686180.617521,367281.254025,0.049916,0,,,4,-0.05305418372154236,0.20336326956748962,0.036208540201187134,-0.17330138385295868,-0.08905795961618423,-0.007494946476072073,0.311320960521698,-0.002323838183656335,-0.0003114349383395165,-0.0023241755552589893,-0.0003114753635600209,-0.0018425598973408341,-0.006136637181043625,-4.915738827548921e-06,0.11419322341680527,-0.23494009673595428,-0.0671139657497406,-0.5550499558448792,0.24612995982170105,0.2591835558414459,-0.012945985421538353,0.0845741257071495,0.07483910024166107,0.08334966748952866,0.07506712526082993,0.01323368214070797,-0.020504891872406006,-0.06310693919658661,-0.08971896767616272,0.22010774910449982,0.04124605655670166,-0.2811376750469208,-0.09861503541469574,-0.04966980218887329,0.3323838412761688,0.0,0.0,0.0,0.0,0.0,0.0,0.0,0.11686159670352936,-0.23766258358955383,-0.11822360008955002,-0.6720725297927856,0.21749350428581238,0.17208585143089294,0.050894152373075485,0.0029296875,0.0,0.0,0.0,0.00031535830930806696,-0.0013671874767169356,0.0
389,1783686180.667605,367281.304049,0.050024,0,,,5,-0.05485231801867485,0.20327772200107574,0.03512956574559212,-0.17416852712631226,-0.09097974002361298,-0.006043107248842716,0.31370991468429565,-0.0023183308076113462,-0.00031058373861014843,-0.0023189238272607327,-0.0003106663061771542,-0.0018433479126542807,-0.006140738260000944,-4.831766545976279e-06,0.12579430639743805,-0.23080019652843475,-0.07129129022359848,-0.5585449934005737,0.23959526419639587,0.24840810894966125,-0.004324880428612232,0.08423369377851486,0.0745357796549797,0.083012655377388,0.07476262003183365,0.013100762851536274,-0.02041020430624485,-0.0628533884882927,-0.08971896767616272,0.21816536784172058,0.04283229634165764,-0.28596577048301697,-0.09861503541469574,-0.041201114654541016,0.3397216200828552,0.0,0.0,0.0,0.0,0.0,0.0,0.0,0.1091412901878357,-0.23480288684368134,-0.11436533182859421,-0.6802274584770203,0.206440731883049,0.18783462047576904,0.08308795094490051,0.0,0.0,0.0,0.0,-0.002145209116861224,0.0,0.0
390,1783686180.717561,367281.354037,0.049987,0,,,6,-0.05452420189976692,0.20344455540180206,0.03181757405400276,-0.1850026547908783,-0.0942571759223938,-0.00046943864435888827,0.3195096254348755,-0.0023068110458552837,-0.0003087555232923478,-0.002307898597791791,-0.0003089238016400486,-0.0018445150926709175,-0.006144821178168058,-4.686259671871085e-06,0.1378185898065567,-0.22705410420894623,-0.08255796134471893,-0.5726853609085083,0.23216858506202698,0.2451888918876648,0.018670406192541122,0.08373992145061493,0.07407847046852112,0.08251361548900604,0.07430365681648254,0.012916281819343567,-0.02026144601404667,-0.06246732547879219,-0.08971896767616272,0.2191365510225296,0.04798758774995804,-0.2988407611846924,-0.1050887256860733,-0.028498083353042603,0.34522494673728943,0.0,0.0,0.0,0.0,0.0,0.0,0.0,0.10142097622156143,-0.23575611412525177,-0.1105070635676384,-0.6802274584770203,0.1926247626543045,0.19008444249629974,0.09381921589374542,0.005859375,0.005859375,0.0,0.0,0.00113554741255939,-0.0054687499068677425,-0.0027343749534338713
391,1783686180.767532,367281.404020,0.049983,0,,,7,-0.054419197142124176,0.20348522067070007,0.030576098710298538,-0.19200539588928223,-0.09567166119813919,0.003204441862180829,0.32318586111068726,-0.0023034263867884874,-0.00030822973349131644,-0.0023043877445161343,-0.0003083779592998326,-0.0018448798218742013,-0.006150676868855953,-4.862921286985511e-06,0.13809607923030853,-0.2259625643491745,-0.08794604241847992,-0.5818255543708801,0.2265700399875641,0.24543316662311554,0.03469647094607353,0.08344293385744095,0.07381273806095123,0.08221690356731415,0.07403610646724701,0.012807495892047882,-0.02017180807888508,-0.06224058195948601,-0.09263340383768082,0.2191365510225296,0.044021978974342346,-0.2988407611846924,-0.10023345798254013,-0.02285229228436947,0.3516455292701721,0.0,0.0,0.0,0.0,0.0,0.0,0.0,0.10142097622156143,-0.23575611412525177,-0.09893224388360977,-0.6883823871612549,0.1926247626543045,0.21708233654499054,0.10857470333576202,0.0,0.0,0.0,0.0029296875,0.0023658310528844595,0.0,0.0
392,1783686180.817540,367281.454023,0.050003,0,,,8,-0.0544276237487793,0.20353983342647552,0.030181078240275383,-0.20377887785434723,-0.09895806014537811,0.01165690552443266,0.32916098833084106,-0.0023019532673060894,-0.0003080337482970208,-0.002302794484421611,-0.0003081627073697746,-0.0018454103264957666,-0.006158122327178717,-4.920277206110768e-06,0.13291478157043457,-0.2255285233259201,-0.08937214314937592,-0.5931904911994934,0.21602115035057068,0.24641399085521698,0.05774175375699997,0.08299899846315384,0.07341646403074265,0.08176066726446152,0.07361993193626404,0.012655242346227169,-0.02004474215209484,-0.06189405545592308,-0.08971896767616272,0.22010774910449982,0.044418539851903915,-0.3052782416343689,-0.09861503541469574,-0.014383605681359768,0.35347995162010193,0.0,0.0,0.0,0.0,0.0,0.0,0.0,0.09370066970586777,-0.2367093414068222,-0.09121570736169815,-0.7006147503852844,0.16775602102279663,0.21933217346668243,0.14345131814479828,0.0,0.0,0.0,0.0,0.0007254528463818133,0.0,0.0
393,1783686180.867613,367281.504098,0.050075,0,,,9,-0.054763760417699814,0.20361746847629547,0.030002553015947342,-0.20981277525424957,-0.0999412089586258,0.016957253217697144,0.33390167355537415,-0.00230018375441432,-0.00030778179643675685,-0.002300149528309703,-0.00030777323991060257,-0.0018452911172062159,-0.006164262071251869,-4.991660262021469e-06,0.12931382656097412,-0.22540529072284698,-0.08837512135505676,-0.6010116338729858,0.2097451090812683,0.25195786356925964,0.07318009436130524,0.08267497271299362,0.07312305271625519,0.08143551647663116,0.07332678884267807,0.012560132890939713,-0.019949937239289284,-0.061640415340662,-0.08680453151464462,0.22010774910449982,0.04422026127576828,-0.3101063668727875,-0.10347030311822891,-0.01014926191419363,0.35347995162010193,0.0,0.0,0.0,0.0,0.0,0.0,0.0,0.0859803557395935,-0.2338496595621109,-0.09893224388360977,-0.7250795364379883,0.16775602102279663,0.24408024549484253,0.15149976313114166,0.0,0.0,0.0,0.0,0.00113554741255939,0.0,0.0
394,1783686180.917602,367281.554088,0.049990,0,,,10,-0.054809097200632095,0.20383919775485992,0.029830077663064003,-0.21636657416820526,-0.1007615327835083,0.02513750270009041,0.3395256996154785,-0.0022897389717400074,-0.00030610832618549466,-0.002289191819727421,-0.0003060145827475935,-0.0018452866934239864,-0.006169729400426149,-4.850268396694446e-06,0.12388768792152405,-0.22529485821723938,-0.08257457613945007,-0.6121597290039062,0.19596253335475922,0.2626166045665741,0.09954561293125153,0.08222091943025589,0.07271178066730499,0.08098761737346649,0.072918601334095,0.012422197498381138,-0.01981155388057232,-0.061289019882678986,-0.08680453151464462,0.22010774910449982,0.0471944659948349,-0.31493449211120605,-0.1067071482539177,-0.005914919078350067,0.3589833080768585,0.0,0.0,0.0,0.0,0.0,0.0,0.0,0.09370066970586777,-0.23289641737937927,-0.09121570736169815,-0.7332344651222229,0.15808485448360443,0.24857988953590393,0.18101073801517487,0.0,0.0,0.0,0.0,-0.002145209116861224,0.0,0.0
395,1783686180.967538,367281.604016,0.049928,0,,,11,-0.054362278431653976,0.20396913588047028,0.029678160324692726,-0.22045248746871948,-0.10167426615953445,0.030508214607834816,0.34211602807044983,-0.002283548703417182,-0.00030512167722918093,-0.002283118898048997,-0.000305043940898031,-0.0018453998491168022,-0.006173784378916025,-4.8110778152477e-06,0.11936841905117035,-0.22459715604782104,-0.0799563080072403,-0.624852180480957,0.1883849948644638,0.27426013350486755,0.11719822138547897,0.081911101937294,0.07241715490818024,0.080683134496212,0.07262318581342697,0.012320078909397125,-0.019707972183823586,-0.06103387102484703,-0.09117618948221207,0.22107893228530884,0.045211661607027054,-0.3181532323360443,-0.10994399338960648,0.005376663990318775,0.3589833080768585,0.0,0.0,0.0,0.0,0.0,0.0,0.0,0.07826004177331924,-0.23289641737937927,-0.07964089512825012,-0.7373119592666626,0.13045291602611542,0.26432865858078003,0.21052172780036926,0.0,0.0,0.0,0.0,-0.00624615466222167,0.0,0.0
396,1783686181.017604,367281.654002,0.049986,0,,,12,-0.053263600915670395,0.20417219400405884,0.0295932088047266,-0.22531762719154358,-0.10401344299316406,0.037645719945430756,0.34624379873275757,-0.002275054110214114,-0.0003037990827579051,-0.0022748447954654694,-0.0003037532733287662,-0.0018457920523360372,-0.0061823525466024876,-4.972980150341755e-06,0.11707554757595062,-0.2240418940782547,-0.07797001302242279,-0.6436846256256104,0.17710630595684052,0.2857888340950012,0.14281144738197327,0.08147776871919632,0.07201235741376877,0.08025522530078888,0.07221702486276627,0.012156572192907333,-0.01957188919186592,-0.060685835778713226,-0.08971896767616272,0.22010774910449982,0.03728044778108597,-0.31493449211120605,-0.10994399338960648,0.005376663990318775,0.3617349863052368,0.0,0.0,0.0,0.0,0.0,0.0,0.0,0.07053973525762558,-0.23289641737937927,-0.06420780718326569,-0.7536217570304871,0.12768971920013428,0.2913265526294708,0.2534467875957489,0.0,0.0,0.0,0.0,-0.004605776164680719,0.0,0.0
397,1783686181.067564,367281.704035,0.050033,0,,,13,-0.05327676609158516,0.2045123279094696,0.029573222622275352,-0.22817562520503998,-0.10604535788297653,0.04369116201996803,0.3487863540649414,-0.002263760892674327,-0.00030198669992387295,-0.0022635520435869694,-0.00030194036662578583,-0.0018460832070559263,-0.006186136044561863,-4.850990535487654e-06,0.11202266067266464,-0.22391840815544128,-0.07308950275182724,-0.6522184610366821,0.16476772725582123,0.2950984537601471,0.16372190415859222,0.08116044104099274,0.07171878218650818,0.07994276285171509,0.07192261517047882,0.012010314501821995,-0.019465461373329163,-0.0604328028857708,-0.08680453151464462,0.2191365510225296,0.04045293480157852,-0.32137197256088257,-0.10347030311822891,0.008199559524655342,0.3663210868835449,0.0,0.0,0.0,0.0,0.0,0.0,0.0,0.055099114775657654,-0.2338496595621109,-0.060349538922309875,-0.7536217570304871,0.11525535583496094,0.3160746395587921,0.2601538300514221,0.0029296875,0.0,0.0,0.0,-0.005425965413451195,0.0,-0.0013671874767169356
398,1783686181.117543,367281.754031,0.049997,0,,,14,-0.05338104069232941,0.20469912886619568,0.028078151866793633,-0.2295648157596588,-0.10788647085428238,0.049677375704050064,0.35198864340782166,-0.002251067664474249,-0.0003000010910909623,-0.0022505216766148806,-0.00029990175971761346,-0.0018461477011442184,-0.00618959404528141,-4.669749614549801e-06,0.102090023458004,-0.2238258421421051,-0.061145130544900894,-0.6640923023223877,0.14979805052280426,0.3153086304664612,0.19816137850284576,0.08071847259998322,0.07131558656692505,0.07950875908136368,0.07151862233877182,0.01180968713015318,-0.01932850480079651,-0.06008857116103172,-0.08680453151464462,0.22107893228530884,0.0368838869035244,-0.3278094530105591,-0.10832557082176208,0.008199559524655342,0.3709072172641754,0.0,0.0,0.0,0.0,0.0,0.0,0.0,0.031938180327415466,-0.23003672063350677,-0.04491645470261574,-0.774009108543396,0.08486022800207138,0.3250739276409149,0.2943597435951233,0.0,0.0,0.0,0.0,0.0007254528463818133,0.0,0.0
399,1783686181.167555,367281.804024,0.049992,0,,,15,-0.053033486008644104,0.20470267534255981,0.02671067789196968,-0.23103919625282288,-0.10845499485731125,0.05377698689699173,0.35434243083000183,-0.0022458662278950214,-0.00029920469387434423,-0.0022453810088336468,-0.0002991182263940573,-0.0018465977627784014,-0.006192503497004509,-4.642115072783781e-06,0.09217947721481323,-0.22378282248973846,-0.05071910843253136,-0.6706389784812927,0.14003677666187286,0.3315421938896179,0.22020643949508667,0.08043242245912552,0.0710281953215599,0.07921911776065826,0.07123032957315445,0.011666434817016125,-0.01922229304909706,-0.05984136462211609,-0.08826175332069397,0.22205011546611786,0.038866691291332245,-0.31976261734962463,-0.10185188055038452,0.011022455058991909,0.3681555390357971,0.0,0.0,0.0,0.0,0.0,0.0,0.0,0.028078027069568634,-0.23194319009780884,-0.04105818271636963,-0.7699316143989563,0.07242586463689804,0.3430725336074829,0.2910062074661255,0.0029296875,0.0,0.0,0.0,-0.0013250198680907488,-0.0013671874767169356,0.0
400,1783686181.295679,367281.932156,0.128132,1,16,0.078069,0,-0.0523202009499073,0.20485751330852509,0.025101015344262123,-0.235559344291687,-0.10934216529130936,0.05786561965942383,0.35851097106933594,-0.002235710620880127,-0.00029761745827272534,-0.0022356456611305475,-0.0002976048563141376,-0.0018473821692168713,-0.0061977216973900795,-4.663328127207933e-06,0.0723181962966919,-0.2233913242816925,-0.03681063652038574,-0.681450605392456,0.11789637058973312,0.35495710372924805,0.25194838643074036,0.07999652624130249,0.07059863209724426,0.07878106832504272,0.0707990899682045,0.011497853323817253,-0.019071253016591072,-0.05947034806013107,-0.10866281390190125,0.22010774910449982,0.05671192705631256,-0.27952829003334045,-0.1050887256860733,-0.02285229228436947,0.3617349863052368,0.0,0.0,0.0,0.0,0.0,0.0,0.0,0.07826004177331924,-0.23480288684368134,-0.0294833704829216,-0.7943964004516602,0.12907132506370544,0.3115749955177307,0.26451340317726135,0.0,0.0,0.0,0.0,-0.002145209116861224,0.0,0.0
401,1783686181.295922,367281.932462,0.000306,0,,,1,-0.05232960730791092,0.204998180270195,0.02446044236421585,-0.23625563085079193,-0.1096259281039238,0.05908563733100891,0.3594135642051697,-0.0022325562313199043,-0.00029712310060858727,-0.002232091501355171,-0.00029704623739235103,-0.0018474019598215818,-0.006201889831572771,-4.749561867356533e-06,0.06318412721157074,-0.22329947352409363,-0.029637077823281288,-0.6883602142333984,0.10661423206329346,0.3650696277618408,0.2653563618659973,0.07975690066814423,0.07035085558891296,0.07853876799345016,0.07055071741342545,0.011403607204556465,-0.01898997090756893,-0.05925392732024193,-0.10866281390190125,0.22302129864692688,0.049970392137765884,-0.28596577048301697,-0.1067071482539177,-0.01861794851720333,0.3635694086551666,0.0,0.0,0.0,0.0,0.0,0.0,0.0,0.07053973525762558,-0.22622379660606384,-0.02562509849667549,-0.8025513291358948,0.0931498110294342,0.3385728895664215,0.32185861468315125,0.0,0.0,0.0,0.0,0.003596114693209529,0.0,0.0
402,1783686181.317579,367281.954065,0.021604,0,,,2,-0.05231891945004463,0.20537663996219635,0.02419908531010151,-0.23640500009059906,-0.10993785411119461,0.061047688126564026,0.36050084233283997,-0.002224796451628208,-0.00029592285864055157,-0.0022242048289626837,-0.0002958269033115357,-0.001847689738497138,-0.0062074135057628155,-4.757652277476154e-06,0.05670598894357681,-0.22322630882263184,-0.024396998807787895,-0.6941545605659485,0.09471087902784348,0.3754351735115051,0.2790127396583557,0.07939238101243973,0.06996425986289978,0.07816672325134277,0.0701633021235466,0.011251876130700111,-0.018866026774048805,-0.05891558900475502,-0.11012003570795059,0.2191365510225296,0.04025465250015259,-0.2891845107078552,-0.10266109555959702,-0.008737814612686634,0.3635694086551666,0.0,0.0,0.0,0.0,0.0,0.0,0.0,0.06281942129135132,-0.21573825180530548,-0.006333744153380394,-0.8025513291358948,0.03788594529032707,0.3610711395740509,0.32185861468315125,0.0029296875,0.0,0.0077857389114797115,0.005859375,0.006056682206690311,0.0,-0.0013671874767169356
403,1783686181.367521,367282.003984,0.049919,0,,,3,-0.05617167800664902,0.205766499042511,0.023884475231170654,-0.23100151121616364,-0.1102629154920578,0.059226229786872864,0.36086276173591614,-0.0022212271578609943,-0.00029536677175201476,-0.002220621332526207,-0.0002952719514723867,-0.0018476999830454588,-0.006220248527824879,-5.389687885326566e-06,0.0639544352889061,-0.22281646728515625,-0.02353069558739662,-0.7015790939331055,0.09101605415344238,0.3802076578140259,0.28749436140060425,0.07909456640481949,0.06967953592538834,0.07786951959133148,0.06987825036048889,0.011156818829476833,-0.018792366608977318,-0.05867388844490051,-0.10574837774038315,0.22205011546611786,0.038866691291332245,-0.3004501461982727,-0.1050887256860733,-0.0002691275149118155,0.367238312959671,0.0,0.0,0.0,0.0,0.0,0.0,0.0,0.04737880453467369,-0.20906563103199005,0.03610723465681076,-0.8229386210441589,0.011635609902441502,0.3655707836151123,0.3634422719478607,0.0,0.0,0.0,0.0,0.004826398566365242,0.0,0.0
404,1783686181.417552,367282.053998,0.050015,0,,,4,-0.06437776982784271,0.2063232958316803,0.026983439922332764,-0.21791332960128784,-0.11070643365383148,0.055484745651483536,0.3618749678134918,-0.0021928150672465563,-0.00029086231370456517,-0.0021921880543231964,-0.0002907577727455646,-0.0018480975413694978,-0.006224857177585363,-4.863116373599041e-06,0.0803973451256752,-0.21654364466667175,-0.008492560125887394,-0.718294084072113,0.07477284967899323,0.3908090591430664,0.30368420481681824,0.07868526875972748,0.06929010897874832,0.07747720927000046,0.06950248032808304,0.01107122004032135,-0.018661532551050186,-0.05834269896149635,-0.11012003570795059,0.22107893228530884,0.041840896010398865,-0.29723137617111206,-0.1050887256860733,-0.0002691275149118155,0.3709072172641754,0.0,0.0,0.0,0.0,0.0,0.0,0.0,0.012637404724955559,-0.20048654079437256,0.05539859086275101,-0.8310935497283936,-0.03948346525430679,0.3835693895816803,0.42112281918525696,0.0,0.0029296875,0.005190492607653141,0.0029296875,0.004006209317594767,-0.0027343749534338713,-0.0027343749534338713
405,1783686181.467523,367282.103968,0.049970,0,,,5,-0.06634106487035751,0.20651482045650482,0.0269045140594244,-0.21650776267051697,-0.11105663329362869,0.05560101568698883,0.36247992515563965,-0.0021758663933724165,-0.00028817402198910713,-0.0021758247166872025,-0.0002881648833863437,-0.0018487918423488736,-0.006220433861017227,-4.280770554032642e-06,0.07954883575439453,-0.21019215881824493,0.015441881492733955,-0.7270128130912781,0.052614495158195496,0.40237900614738464,0.3221641480922699,0.07837268710136414,0.06900660693645477,0.07717498391866684,0.06922449171543121,0.011012917384505272,-0.018565712496638298,-0.058102935552597046,-0.1042911559343338,0.22107893228530884,0.036685604602098465,-0.31332510709762573,-0.10266109555959702,0.005376663990318775,0.3709072172641754,0.0,0.0,0.0,0.0,0.0,0.0,0.0,-0.014383682049810886,-0.1957203894853592,0.0939813032746315,-0.8229386210441589,-0.076786570250988,0.4105672836303711,0.44795095920562744,0.0,0.0,0.0,0.0,-0.0009149253601208329,0.0,0.0
406,1783686181.517575,367282.154007,0.050039,0,,,6,-0.06922075152397156,0.20651745796203613,0.025769300758838654,-0.21661698818206787,-0.11154311895370483,0.055860716849565506,0.36337557435035706,-0.002168921986594796,-0.00028713198844343424,-0.0021691008005291224,-0.00028716077213175595,-0.0018495185067877173,-0.006222859025001526,-4.3510312934813555e-06,0.05840907245874405,-0.20152035355567932,0.05185514688491821,-0.737826406955719,0.015357499942183495,0.4196101427078247,0.36336246132850647,0.07797965407371521,0.06863491237163544,0.07680275291204453,0.06885088980197906,0.010920134373009205,-0.018438061699271202,-0.057780671864748,-0.11157725006341934,0.22205011546611786,0.02915095165371895,-0.3117157518863678,-0.10347030311822891,0.006788111757487059,0.3819138705730438,0.0,0.0,0.0,0.0,0.0,0.0,0.0,-0.04140476882457733,-0.19095422327518463,0.1325640082359314,-0.8147836923599243,-0.11685287207365036,0.4285658895969391,0.47746196389198303,0.005859375,0.0,0.0,0.0,-9.47362495935522e-05,0.0,0.0
407,1783686181.567505,367282.203980,0.049973,0,,,7,-0.06948032230138779,0.20649391412734985,0.024070560932159424,-0.2194027453660965,-0.11177573353052139,0.05696941539645195,0.3640882968902588,-0.0021654225420206785,-0.00028663044213317335,-0.0021657960023730993,-0.00028669112361967564,-0.0018500428413972259,-0.0062228054739534855,-4.279629138181917e-06,0.035629209131002426,-0.1970624029636383,0.07914748042821884,-0.7428749799728394,-0.012998138554394245,0.4316840171813965,0.3920217752456665,0.07770367711782455,0.06836272776126862,0.07653545588254929,0.06857763975858688,0.010827317833900452,-0.01834597811102867,-0.05754365772008896,-0.11157725006341934,0.22107893228530884,0.017848968505859375,-0.31976261734962463,-0.10266109555959702,0.009611007757484913,0.380079448223114,0.0,0.0,0.0,0.0,0.0,0.0,0.0,-0.06842585653066635,-0.1900009959936142,0.14413882791996002,-0.7984738349914551,-0.14034001529216766,0.4420648217201233,0.5042901039123535,0.0,0.0087890625,0.0,0.005859375,0.0023658310528844595,-0.00820312462747097,-0.004101562313735485
408,1783686181.617507,367282.253971,0.049991,0,,,8,-0.0707564651966095,0.20656819641590118,0.0188691895455122,-0.22364450991153717,-0.11204363405704498,0.05831592530012131,0.3684661388397217,-0.0021546254865825176,-0.00028497594757936895,-0.002155238762497902,-0.000285075482679531,-0.0018505682237446308,-0.006228875368833542,-4.560703473543981e-06,0.002562916837632656,-0.19222205877304077,0.12014966458082199,-0.7434744238853455,-0.054252639412879944,0.4493349492549896,0.430042564868927,0.0773443952202797,0.06798868626356125,0.0761619508266449,0.06820134818553925,0.010694563388824463,-0.01822730340063572,-0.05721795931458473,-0.1042911559343338,0.22010774910449982,0.021418016403913498,-0.31976261734962463,-0.10104267299175262,0.011022455058991909,0.3782449960708618,0.0,0.0,0.0,0.0,0.0,0.0,0.0,-0.07614617049694061,-0.1900009959936142,0.1750049889087677,-0.7943964004516602,-0.15415598452091217,0.4555637836456299,0.5069729089736938,0.0,0.0,0.0,0.0,0.003596114693209529,0.0,0.0
409,1783686181.667546,367282.303990,0.050019,0,,,9,-0.07171328365802765,0.20660372078418732,0.01293160393834114,-0.22792649269104004,-0.11219918727874756,0.0596015639603138,0.3707472085952759,-0.0021422768477350473,-0.0002829844015650451,-0.0021431150380522013,-0.0002831195597536862,-0.001850895001552999,-0.006229997146874666,-4.450881078810198e-06,-0.019302137196063995,-0.19011209905147552,0.14411725103855133,-0.7406996488571167,-0.07930067926645279,0.46075525879859924,0.4568078815937042,0.07710058242082596,0.06774377077817917,0.07591666281223297,0.06794755905866623,0.010613908059895039,-0.01816449873149395,-0.0569925419986248,-0.10574837774038315,0.22010774910449982,0.015866165980696678,-0.3294188380241394,-0.10266109555959702,0.015256798826158047,0.3819138705730438,0.0,0.0,0.0,0.0,0.0,0.0,0.0,-0.0993070974946022,-0.1900009959936142,0.18272152543067932,-0.7617766857147217,-0.19422228634357452,0.4240662157535553,0.5472151637077332,0.01171875,0.0,0.0,0.005859375,0.00031535830930806696,-0.0027343749534338713,-0.0027343749534338713
410,1783686181.717488,367282.353978,0.049989,0,,,10,-0.07078790664672852,0.20651531219482422,0.007224013563245535,-0.23375433683395386,-0.11228494346141815,0.060820624232292175,0.371438205242157,-0.002139454009011388,-0.00028257069061510265,-0.0021396914962679148,-0.0002826095442287624,-0.0018508968641981483,-0.006239896174520254,-4.936138793709688e-06,-0.040616847574710846,-0.18950040638446808,0.17282742261886597,-0.7332918643951416,-0.10976424068212509,0.47364693880081177,0.48405370116233826,0.07675393670797348,0.06738896667957306,0.07557296752929688,0.06758908927440643,0.010518222115933895,-0.018069498240947723,-0.056677740067243576,-0.10574837774038315,0.21719418466091156,0.011107436381280422,-0.33746570348739624,-0.10023345798254013,0.01949114166200161,0.3828310966491699,0.0,0.0,0.0,0.0,0.0,0.0,0.0,-0.12246803194284439,-0.1900009959936142,0.2135877013206482,-0.7210021018981934,-0.22185422480106354,0.4195665717124939,0.5445323586463928,0.0,0.0,0.0,0.0,0.002775925677269697,-0.0013671874767169356,-0.0013671874767169356
411,1783686181.767539,367282.403990,0.050012,0,,,11,-0.07009414583444595,0.20647594332695007,0.005289188586175442,-0.23818960785865784,-0.11238715797662735,0.06319960951805115,0.37291884422302246,-0.002132030902430415,-0.00028142749215476215,-0.0021322460379451513,-0.00028146180557087064,-0.0018512093229219317,-0.006246238946914673,-5.0305975491937716e-06,-0.05584989860653877,-0.1893952339887619,0.1887776404619217,-0.7172411680221558,-0.13397058844566345,0.4741142690181732,0.5065767765045166,0.07653956860303879,0.06712258607149124,0.075330950319767,0.06733757257461548,0.010436597280204296,-0.017990421503782272,-0.056450776755809784,-0.1072055995464325,0.2191365510225296,0.010710875503718853,-0.3310282230377197,-0.09537819772958755,0.01949114166200161,0.3782449960708618,0.0,0.0,0.0,0.0,0.0,0.0,0.0,-0.14176881313323975,-0.1900009959936142,0.22323337197303772,-0.7128471732139587,-0.23497939109802246,0.4015679657459259,0.5928230285644531,0.0,0.0,0.0,0.0,-0.0017351144924759865,0.0,0.0
412,1783686181.817532,367282.453994,0.050004,0,,,12,-0.06953978538513184,0.2061832994222641,0.0015603391220793128,-0.24537183344364166,-0.11238395422697067,0.06676056981086731,0.3747628927230835,-0.0021163313649594784,-0.0002789314603433013,-0.0021166454534977674,-0.00027898402186110616,-0.0018516655545681715,-0.006252467166632414,-4.9606410357228015e-06,-0.07935130596160889,-0.18938952684402466,0.21126039326190948,-0.6804508566856384,-0.16834817826747894,0.4721481204032898,0.5291958451271057,0.07620581984519958,0.06675568968057632,0.07498834282159805,0.06697846949100494,0.0103300204500556,-0.017887555062770844,-0.05613987520337105,-0.1072055995464325,0.21719418466091156,0.009124631993472576,-0.33746570348739624,-0.09537819772958755,0.01949114166200161,0.3865000009536743,0.0,0.0,0.0,0.0,0.0,0.0,0.0,-0.14562895894050598,-0.1900009959936142,0.24831214547157288,-0.6802274584770203,-0.27780887484550476,0.4015679657459259,0.5847746133804321,0.005859375,0.0,0.005190492607653141,0.005859375,0.001955736428499222,-0.004101562313735485,-0.004101562313735485
413,1783686181.867515,367282.503985,0.049991,0,,,13,-0.06956849992275238,0.20607541501522064,-0.0011939501855522394,-0.2477608025074005,-0.11211070418357849,0.06758557260036469,0.37498733401298523,-0.002110827947035432,-0.00027806992875412107,-0.0021101173479110003,-0.0002779601200018078,-0.0018513960530981421,-0.00626082019880414,-5.204426543059526e-06,-0.09372375905513763,-0.18945521116256714,0.22543436288833618,-0.6563868522644043,-0.1906367540359497,0.4693564772605896,0.5503742098808289,0.07595137506723404,0.0664898157119751,0.07473788410425186,0.06671251356601715,0.010236005298793316,-0.017824750393629074,-0.055913034826517105,-0.1072055995464325,0.2191365510225296,0.0004002951900474727,-0.3422938287258148,-0.09699662029743195,0.02654838189482689,0.3855827748775482,0.0,0.0,0.0,0.0,0.0,0.0,0.0,-0.16492973268032074,-0.1900009959936142,0.2560286819934845,-0.6516852378845215,-0.2936972379684448,0.3745700716972351,0.619651198387146,0.0,0.0,0.0,0.0,-0.002965398132801056,0.0,0.0
414,1783686181.917561,367282.554003,0.050019,0,,,14,-0.06955697387456894,0.20590272545814514,-0.0035229132045060396,-0.24971868097782135,-0.11171042919158936,0.06987275183200836,0.3768809139728546,-0.0021018115803599358,-0.0002767031837720424,-0.0021011021453887224,-0.00027659081388264894,-0.0018517242278903723,-0.006272079423069954,-5.360182967706351e-06,-0.10772248357534409,-0.18954437971115112,0.24824418127536774,-0.6281424760818481,-0.2239656001329422,0.461277574300766,0.5719897150993347,0.07563155144453049,0.06612754613161087,0.07442167401313782,0.06637029349803925,0.010118335485458374,-0.017746075987815857,-0.05561361834406853,-0.1042911559343338,0.21816536784172058,-0.0071343593299388885,-0.3406844437122345,-0.0872860848903656,0.027959829196333885,0.39246195554733276,0.0,0.0,0.0,0.0,0.0,0.0,0.0,-0.16492973268032074,-0.1900009959936142,0.27146175503730774,-0.6068331599235535,-0.32063838839530945,0.3745700716972351,0.6250168681144714,0.0,0.0,0.0,0.0,-0.0005048307939432561,0.0,0.0
415,1783686181.967515,367282.603988,0.049984,0,,,15,-0.06954576820135117,0.20589013397693634,-0.006443601101636887,-0.2525504231452942,-0.11147534847259521,0.07248648256063461,0.3786623477935791,-0.002087224507704377,-0.000274376681772992,-0.0020866086706519127,-0.00027427857276052237,-0.0018519979203119874,-0.006275776773691177,-5.107313882035669e-06,-0.11796829849481583,-0.18962302803993225,0.26151788234710693,-0.6042956709861755,-0.24533317983150482,0.45147979259490967,0.5900242924690247,0.07539723813533783,0.06586616486310959,0.07419146597385406,0.06611460447311401,0.010016956366598606,-0.01768604665994644,-0.05539123713970184,-0.11303447186946869,0.21622300148010254,-0.011099967174232006,-0.3358563184738159,-0.08971371501684189,0.025136932730674744,0.3947550058364868,0.0,0.0,0.0,0.0,0.0,0.0,0.0,-0.16878989338874817,-0.1900009959936142,0.27532002329826355,-0.5823683738708496,-0.33998072147369385,0.3655707836151123,0.6303824782371521,0.0,0.0,0.0,0.0,-0.0005048307939432561,0.0,0.0
416,1783686182.092744,367282.729187,0.125199,1,16,0.075186,0,-0.06946506351232529,0.20585112273693085,-0.014310218393802643,-0.25471794605255127,-0.1106363981962204,0.07503344118595123,0.38199496269226074,-0.0020711098331958055,-0.0002718342875596136,-0.002070461865514517,-0.000271728407824412,-0.001852022367529571,-0.006282777059823275,-5.066853191237897e-06,-0.1281377524137497,-0.18967987596988678,0.27749624848365784,-0.5664892196655273,-0.27385470271110535,0.43776482343673706,0.6097975373268127,0.07506540417671204,0.06550828367471695,0.0738689973950386,0.06575589627027512,0.009882057085633278,-0.01760276034474373,-0.05508125200867653,-0.14217884838581085,0.21525181829929352,0.004762463737279177,-0.2956220209598541,-0.08243081718683243,0.009611007757484913,0.3975066840648651,0.0,0.0,0.0,0.0,0.0,0.0,0.0,-0.16492973268032074,-0.1900009959936142,0.24445386230945587,-0.6149880886077881,-0.2798812687397003,0.3700704276561737,0.7028185129165649,0.0,0.0,0.0,0.0,-0.002965398132801056,0.0,0.0
417,1783686182.093034,367282.729538,0.000351,0,,,1,-0.07020272314548492,0.2055548131465912,-0.019335603341460228,-0.2548001706600189,-0.11011870205402374,0.07602065801620483,0.38387781381607056,-0.002064305590465665,-0.00027075764955952764,-0.00206391466781497,-0.00027069178759120405,-0.0018522556638345122,-0.006290428806096315,-5.275777766655665e-06,-0.1307048797607422,-0.18972541391849518,0.28526341915130615,-0.5420414209365845,-0.29081958532333374,0.4314679801464081,0.619625449180603,0.07485991716384888,0.06528234481811523,0.07366960495710373,0.06552936136722565,0.009802344255149364,-0.017556950449943542,-0.0548858717083931,-0.13926440477371216,0.21525181829929352,0.003176220692694187,-0.2956220209598541,-0.08000318706035614,0.011022455058991909,0.396589457988739,0.0,0.0,0.0,0.0,0.0,0.0,0.0,-0.18037036061286926,-0.1900009959936142,0.2521704137325287,-0.5660585761070251,-0.3047500252723694,0.3655707836151123,0.7323294878005981,0.0,0.0,0.0,0.0,-0.0005048307939432561,0.0,0.0
418,1783686182.117512,367282.753987,0.024449,0,,,2,-0.07260823994874954,0.20497697591781616,-0.024322306737303734,-0.25482502579689026,-0.10937553644180298,0.07662621140480042,0.38570287823677063,-0.0020587537437677383,-0.00026988607714883983,-0.0020578131079673767,-0.0002697375603020191,-0.0018525203922763467,-0.006303217727690935,-5.4423685469373595e-06,-0.13108649849891663,-0.190021812915802,0.2914266288280487,-0.5144217014312744,-0.31201785802841187,0.42730873823165894,0.6315028667449951,0.07452233880758286,0.06489899754524231,0.07334014028310776,0.0651446282863617,0.009666205383837223,-0.0174882635474205,-0.054553888738155365,-0.1436360627412796,0.21136707067489624,0.004762463737279177,-0.3004501461982727,-0.08243081718683243,0.011022455058991909,0.40438583493232727,0.0,0.0,0.0,0.0,0.0,0.0,0.0,-0.19195082783699036,-0.1900009959936142,0.2579578161239624,-0.525283932685852,-0.3047500252723694,0.3430725336074829,0.7242810726165771,0.0,0.0,0.0,0.0,-0.002965398132801056,0.0,0.0
419,1783686182.167508,367282.803986,0.050000,0,,,3,-0.07922092080116272,0.20454901456832886,-0.024592455476522446,-0.2469472885131836,-0.10824485123157501,0.07593582570552826,0.38673609495162964,-0.0020564128644764423,-0.00026952099869959056,-0.002054316457360983,-0.0002691919216886163,-0.0018523649778217077,-0.006323483772575855,-6.379682872648118e-06,-0.13343508541584015,-0.1903740018606186,0.28768476843833923,-0.5047532916069031,-0.31529688835144043,0.42573419213294983,0.651233434677124,0.07430320978164673,0.06467226147651672,0.07312598079442978,0.06491713225841522,0.009587448090314865,-0.017459793016314507,-0.05436359718441963,-0.14509329199790955,0.21622300148010254,-0.004754994995892048,-0.3052782416343689,-0.08404923975467682,0.015256798826158047,0.4039272367954254,0.0,0.0,0.0,0.0,0.0,0.0,0.0,-0.19581098854541779,-0.1900009959936142,0.2618160843849182,-0.49674171209335327,-0.3171843886375427,0.3520718216896057,0.7215982675552368,0.0,0.0,0.0,0.0,0.001955736428499222,0.0,0.0
420,1783686182.217560,367282.854018,0.050031,0,,,4,-0.09501293301582336,0.20293167233467102,-0.020546047016978264,-0.22745206952095032,-0.10645396262407303,0.07535141706466675,0.39108553528785706,-0.0020451266318559647,-0.0002678142045624554,-0.0020447615534067154,-0.00026775640435516834,-0.0018534885020926595,-0.006332398857921362,-5.60458647669293e-06,-0.14632274210453033,-0.19064193964004517,0.28254106640815735,-0.47748932242393494,-0.31534144282341003,0.41388770937919617,0.689996063709259,0.0739530548453331,0.06429002434015274,0.07278157025575638,0.06453318148851395,0.009443198330700397,-0.017379889264702797,-0.05403326079249382,-0.14509329199790955,0.2142806351184845,-0.009117163717746735,-0.3004501461982727,-0.07919397205114365,0.01949114166200161,0.4066789150238037,0.0,0.0,0.0,0.0,0.0,0.0,0.0,-0.21125160157680511,-0.1900009959936142,0.26953262090682983,-0.4396572411060333,-0.3289279639720917,0.3115749955177307,0.7323294878005981,0.0,0.0087890625,0.0,0.01171875,0.0007254528463818133,-0.0013671874767169356,-0.0027343749534338713
421,1783686182.267559,367282.904031,0.050014,0,,,5,-0.10006386041641235,0.20279361307621002,-0.02045249007642269,-0.2250211089849472,-0.10593314468860626,0.07539548724889755,0.39330345392227173,-0.0020362501963973045,-0.00026637589326128364,-0.0020363316871225834,-0.00026639786665327847,-0.0018543204059824347,-0.006328085903078318,-4.806519882549765e-06,-0.1539030224084854,-0.1906648725271225,0.28245508670806885,-0.4544391632080078,-0.31573089957237244,0.4071141481399536,0.7031804323196411,0.07374538481235504,0.06406885385513306,0.07258007675409317,0.0643119141459465,0.009375512599945068,-0.0173379834741354,-0.05384255200624466,-0.14217884838581085,0.21816536784172058,-0.011496528051793575,-0.3117157518863678,-0.08485844731330872,0.01949114166200161,0.4103477895259857,0.0,0.0,0.0,0.0,0.0,0.0,0.0,-0.21125160157680511,-0.1900009959936142,0.265674352645874,-0.39684388041496277,-0.36277708411216736,0.28007742762565613,0.7350123524665833,0.0,0.0,0.0,0.0,0.0068768709897994995,0.0,0.0
422,1783686182.317503,367282.953994,0.049962,0,,,6,-0.10396473854780197,0.202723428606987,-0.021235262975096703,-0.2248205989599228,-0.10458089411258698,0.07532792538404465,0.396346777677536,-0.0020277625881135464,-0.000265059235971421,-0.002027288544923067,-0.00026499215164221823,-0.0018543251790106297,-0.006330243311822414,-4.621304015017813e-06,-0.16599342226982117,-0.1907016634941101,0.2831053137779236,-0.40458807349205017,-0.32108381390571594,0.387523353099823,0.7194942235946655,0.07342061400413513,0.06375148892402649,0.07226019352674484,0.06400321424007416,0.00927713606506586,-0.01728120818734169,-0.05355392396450043,-0.1407216340303421,0.2142806351184845,-0.012289649806916714,-0.3068876266479492,-0.08566766232252121,0.01949114166200161,0.4057616889476776,0.0,0.0,0.0,0.0,0.0,0.0,0.0,-0.2228320688009262,-0.19095422327518463,0.2637452185153961,-0.37849530577659607,-0.37382984161376953,0.2755777835845947,0.7215982675552368,0.0,0.0,0.0,0.0,-0.002555303508415818,0.0,0.0
423,1783686182.367541,367283.003997,0.050003,0,,,7,-0.10439059138298035,0.2027927190065384,-0.023182237520813942,-0.22530634701251984,-0.10402088612318039,0.07530833780765533,0.3985193371772766,-0.0020229415968060493,-0.0002643066691234708,-0.0020221490412950516,-0.0002641857718117535,-0.0018541984027251601,-0.006333020981401205,-4.651687504519941e-06,-0.17128309607505798,-0.19069966673851013,0.28341400623321533,-0.3650157153606415,-0.3328099548816681,0.3688565194606781,0.7278757095336914,0.07318513840436935,0.06351038813591003,0.07202943414449692,0.06376474350690842,0.009232540614902973,-0.017249299213290215,-0.053343046456575394,-0.13926440477371216,0.21233825385570526,-0.015065575018525124,-0.30849698185920715,-0.08485844731330872,0.02654838189482689,0.4140166938304901,0.0,0.0,0.0,0.0,0.0,0.0,0.0,-0.2344125360250473,-0.1900009959936142,0.2598869502544403,-0.33364322781562805,-0.3986985981464386,0.24857988953590393,0.7350123524665833,0.0,0.0,0.0,0.0,0.001955736428499222,0.0,0.0
424,1783686182.417488,367283.053982,0.049985,0,,,8,-0.10342419892549515,0.20280328392982483,-0.02391130104660988,-0.2254866063594818,-0.1034686416387558,0.0755695104598999,0.40081286430358887,-0.0020032490137964487,-0.0002611849922686815,-0.0020027279388159513,-0.00026110513135790825,-0.001854671980254352,-0.006338867824524641,-4.715698196378071e-06,-0.17912699282169342,-0.19091646373271942,0.2836091220378876,-0.33768072724342346,-0.3442065119743347,0.3374418020248413,0.7402219176292419,0.07976780086755753,0.0637916550040245,0.07169833034276962,0.06338933110237122,0.009114434011280537,-0.01721850037574768,-0.053026191890239716,-0.14509329199790955,0.21622300148010254,-0.018238062039017677,-0.3101063668727875,-0.08243081718683243,0.025136932730674744,0.41355806589126587,0.0,0.0,0.0,0.0,0.0,0.0,0.0,-0.2459930032491684,-0.1900009959936142,0.2926822602748871,-0.2867524325847626,-0.3931722044944763,0.24633006751537323,0.7269638776779175,0.0029296875,0.0,0.0025952463038265705,0.0,0.0007254528463818133,0.0,0.0
425,1783686182.467566,367283.103998,0.050016,0,,,9,-0.10314091295003891,0.2024669051170349,-0.02524675615131855,-0.22545075416564941,-0.10317158699035645,0.07663777470588684,0.40273162722587585,-0.0019958019256591797,-0.0002600454608909786,-0.0019958021584898233,-0.0002600470033939928,-0.0018551707034930587,-0.006340222433209419,-4.6244063014455605e-06,-0.1880090832710266,-0.1907961666584015,0.28394508361816406,-0.32057714462280273,-0.3522194027900696,0.31725507974624634,0.7469953894615173,0.08746335655450821,0.06398904323577881,0.07149998843669891,0.06317008286714554,0.009049389511346817,-0.017190001904964447,-0.05284075066447258,-0.1407216340303421,0.21622300148010254,-0.023393351584672928,-0.31493449211120605,-0.08404923975467682,0.025136932730674744,0.4112650156021118,0.0,0.0,0.0,0.0,0.0,0.0,0.0,-0.2479230761528015,-0.1900009959936142,0.27532002329826355,-0.26432639360427856,-0.41113296151161194,0.23508094251155853,0.7028185129165649,0.0,0.0,0.0,0.0,-0.00624615466222167,0.0,0.0
426,1783686182.517485,367283.153982,0.049984,0,,,10,-0.1032261997461319,0.20245279371738434,-0.028581922873854637,-0.2254566103219986,-0.10258212685585022,0.07829513400793076,0.4052804708480835,-0.0019794264808297157,-0.0002574347599875182,-0.0019799142610281706,-0.00025752175133675337,-0.0018561860779300332,-0.006342572160065174,-4.501744570006849e-06,-0.20561815798282623,-0.19050857424736023,0.29050979018211365,-0.28626108169555664,-0.3621518909931183,0.2873309552669525,0.7487757802009583,0.09825119376182556,0.06430847942829132,0.07116993516683578,0.06279609352350235,0.008934619836509228,-0.017141547054052353,-0.05252434313297272,-0.14509329199790955,0.21330945193767548,-0.02180710807442665,-0.316543847322464,-0.0864768698811531,0.027959829196333885,0.4121822416782379,0.0,0.0,0.0,0.0,0.0,0.0,0.0,-0.2614336311817169,-0.1900009959936142,0.2907531261444092,-0.22660987079143524,-0.44429126381874084,0.20133356750011444,0.7081841826438904,0.0,0.0,0.0,0.0,0.00113554741255939,0.0,0.0
427,1783686182.567513,367283.203981,0.049999,0,,,11,-0.10340220481157303,0.2024875432252884,-0.032571941614151,-0.22641700506210327,-0.10228373110294342,0.07853712886571884,0.4055529832839966,-0.00197477824985981,-0.00025670762988738716,-0.0019754176028072834,-0.0002568208146840334,-0.001856499700807035,-0.006342562381178141,-4.404003902891418e-06,-0.21289630234241486,-0.18893396854400635,0.2934446930885315,-0.2673129439353943,-0.3680950999259949,0.27081432938575745,0.745647132396698,0.10240349173545837,0.064593106508255,0.07097938656806946,0.0625796914100647,0.008836165070533752,-0.017113367095589638,-0.05234062299132347,-0.14509329199790955,0.2142806351184845,-0.021013986319303513,-0.316543847322464,-0.08404923975467682,0.032194171100854874,0.4158511459827423,0.0,0.0,0.0,0.0,0.0,0.0,0.0,-0.25564339756965637,-0.1900009959936142,0.28496572375297546,-0.2031644731760025,-0.45258083939552307,0.18783462047576904,0.7108669877052307,0.0029296875,0.0,0.0,0.0,-0.002965398132801056,-0.0054687499068677425,0.0
428,1783686182.617545,367283.253991,0.050010,0,,,12,-0.10397688299417496,0.2021782398223877,-0.03642778843641281,-0.22925670444965363,-0.1019679456949234,0.07939857244491577,0.4058951735496521,-0.0019743256270885468,-0.0002566793409641832,-0.001974858809262514,-0.00025677712983451784,-0.0018568718805909157,-0.006354134064167738,-5.019615855417214e-06,-0.22687821090221405,-0.18686343729496002,0.29981744289398193,-0.23398134112358093,-0.38679397106170654,0.23651328682899475,0.7401517033576965,0.10870591551065445,0.06516993045806885,0.07064860314130783,0.062210071831941605,0.008703743107616901,-0.01707019843161106,-0.05202764272689819,-0.14800772070884705,0.21136707067489624,-0.026169275864958763,-0.316543847322464,-0.07919397205114365,0.03360562026500702,0.4213544726371765,0.0,0.0,0.0,0.0,0.0,0.0,0.0,-0.24213284254074097,-0.1900009959936142,0.28303658962249756,-0.1807384341955185,-0.48712077736854553,0.18783462047576904,0.7108669877052307,0.0029296875,0.0,0.0,0.0,0.00031535830930806696,0.0,0.0
429,1783686182.667517,367283.303979,0.049987,0,,,13,-0.1045800969004631,0.2019919455051422,-0.037753790616989136,-0.23065777122974396,-0.10172265768051147,0.08039235323667526,0.4063776731491089,-0.00197717291302979,-0.0002571588265709579,-0.0019772525411099195,-0.00025718536926433444,-0.0018569058738648891,-0.006361943669617176,-5.284580311126774e-06,-0.23135118186473846,-0.18453143537044525,0.30113765597343445,-0.21737287938594818,-0.3974478542804718,0.21713902056217194,0.7358397245407104,0.1090894415974617,0.06569858640432358,0.0704629197716713,0.06199656054377556,0.008623750880360603,-0.01705688238143921,-0.05184587091207504,-0.1436360627412796,0.21233825385570526,-0.029341762885451317,-0.3245907127857208,-0.08243081718683243,0.03642851486802101,0.41539251804351807,0.0,0.0,0.0,0.0,0.0,0.0,0.0,-0.2575734555721283,-0.1900009959936142,0.24445386230945587,-0.18277716636657715,-0.5078447461128235,0.17208585143089294,0.7269638776779175,0.62109375,1.5,1.320980429649353,1.4970703125,0.3300313949584961,-0.699999988079071,-0.699999988079071
430,1783686182.717522,367283.353981,0.050002,0,,,14,-0.10537043958902359,0.2008529007434845,-0.0401419922709465,-0.23248924314975739,-0.1010037362575531,0.08243436366319656,0.4091399312019348,-0.00197492353618145,-0.00025680585531517863,-0.0019747742917388678,-0.0002567945921327919,-0.0018569794483482838,-0.006376760080456734,-5.578109266934916e-06,-0.23242250084877014,-0.17978839576244354,0.30032631754875183,-0.19759812951087952,-0.4203587472438812,0.18910452723503113,0.7269495725631714,0.10901479423046112,0.07414233684539795,0.07624711841344833,0.06877698004245758,0.010760827921330929,-0.019856905564665794,-0.05386010929942131,-0.14217884838581085,0.21039588749408722,-0.030134884640574455,-0.32137197256088257,-0.08324002474546432,0.03642851486802101,0.4158511459827423,0.0,0.0,0.0,0.0,0.0,0.0,0.0,-0.2479230761528015,-0.1900009959936142,0.2560286819934845,-0.15729302167892456,-0.5216606855392456,0.13833847641944885,0.7269638776779175,0.6123046875,1.5,1.320980429649353,1.4912109375,0.33987364172935486,-0.699999988079071,-0.699999988079071
431,1783686182.767551,367283.403995,0.050015,0,,,15,-0.10532774776220322,0.20059533417224884,-0.04205205664038658,-0.23553995788097382,-0.10066620260477066,0.08388391882181168,0.4096182584762573,-0.0019690501503646374,-0.00025580773944966495,-0.001968858065083623,-0.0002557911502663046,-0.0018570621032267809,-0.006384407170116901,-5.6067265177262016e-06,-0.2343122810125351,-0.17734317481517792,0.2940782904624939,-0.18826588988304138,-0.43482524156570435,0.1754394918680191,0.7259207963943481,0.11912050098180771,0.13159818947315216,0.12948273122310638,0.12548109889030457,0.0296657532453537,-0.04858136922121048,-0.07948074489831924,-0.14217884838581085,0.21136707067489624,-0.03647985681891441,-0.3294188380241394,-0.08081239461898804,0.0392514131963253,0.4158511459827423,0.0,0.0,0.0,0.0,0.0,0.0,0.0,-0.23827269673347473,-0.1900009959936142,0.23673732578754425,-0.14098317921161652,-0.5437662601470947,0.13158899545669556,0.7403779625892639,0.6123046875,1.48828125,1.3131946325302124,1.48828125,0.33331212401390076,-0.6958984136581421,-0.6958984136581421
432,1783686182.895050,367283.531537,0.127542,1,16,0.077537,0,-0.10422112792730331,0.19985514879226685,-0.0446326807141304,-0.238977313041687,-0.10018759220838547,0.084886334836483,0.40998217463493347,-0.0019623693078756332,-0.0002547025214880705,-0.001962004229426384,-0.000254651386057958,-0.0018568208906799555,-0.006405587308108807,-6.138872322480893e-06,-0.23671381175518036,-0.17605656385421753,0.2822101414203644,-0.17236709594726562,-0.4582386016845703,0.14641328155994415,0.7220234274864197,0.16373805701732635,0.3449914753437042,0.3255865275859833,0.33840352296829224,0.08023607730865479,-0.1504947394132614,-0.17420810461044312,-0.15092216432094574,0.2045687735080719,-0.04837667942047119,-0.32137197256088257,-0.08890450745820999,0.042074307799339294,0.4231889247894287,0.0,0.0,0.0,0.0,0.0,0.0,0.0,-0.14562895894050598,-0.1900009959936142,0.1769341230392456,-0.2143774926662445,-0.4553440511226654,0.14283812046051025,0.75110924243927,0.60498046875,1.5,1.318385124206543,1.5,0.33987364172935486,-0.699999988079071,-0.699999988079071
433,1783686182.895294,367283.531827,0.000289,0,,,1,-0.1035928800702095,0.19971993565559387,-0.0474911704659462,-0.24106602370738983,-0.09987316280603409,0.08653068542480469,0.4102136790752411,-0.00195528706535697,-0.0002535234089009464,-0.0019547524861991405,-0.0002534457598812878,-0.0018569892272353172,-0.00641782209277153,-6.196660251589492e-06,-0.2366880178451538,-0.17312076687812805,0.27252310514450073,-0.1639249622821808,-0.47124481201171875,0.13052384555339813,0.7168817520141602,0.1705513745546341,0.4874846637248993,0.46776604652404785,0.500332236289978,0.10982071608304977,-0.22198691964149475,-0.24105003476142883,-0.15092216432094574,0.20359759032726288,-0.05313540995121002,-0.3229813575744629,-0.08890450745820999,0.04489720240235329,0.4286922514438629,0.0,0.0,0.0,0.0,0.0,0.0,0.0,-0.14562895894050598,-0.1900009959936142,0.1769341230392456,-0.20826129615306854,-0.4650152325630188,0.13383883237838745,0.7403779625892639,0.6298828125,1.5,1.320980429649353,1.4970703125,0.3300313949584961,-0.699999988079071,-0.699999988079071
434,1783686182.917616,367283.554111,0.022285,0,,,2,-0.102261982858181,0.19955208897590637,-0.050814494490623474,-0.24487291276454926,-0.09930898994207382,0.08777306228876114,0.41053441166877747,-0.0019492439460009336,-0.00025250465841963887,-0.0019485852681100368,-0.0002524067822378129,-0.0018569659441709518,-0.006443611811846495,-6.8178387664374895e-06,-0.23649902641773224,-0.17194755375385284,0.2599274218082428,-0.15299218893051147,-0.48867127299308777,0.11631198227405548,0.7109226584434509,0.17011913657188416,0.643273651599884,0.6390739679336548,0.6987361311912537,0.14361220598220825,-0.30779698491096497,-0.32121285796165466,-0.15383660793304443,0.20359759032726288,-0.0547216534614563,-0.316543847322464,-0.0864768698811531,0.04489720240235329,0.429609477519989,0.0,0.0,0.0,0.0,0.0,0.0,0.0,-0.12632818520069122,-0.1900009959936142,0.1730758547782898,-0.2072419375181198,-0.4705415964126587,0.10009144991636276,0.7537920475006104,0.65625,1.5,1.310599446296692,1.4970703125,0.32182949781417847,-0.699999988079071,-0.699999988079071
435,1783686182.967527,367283.603993,0.049882,0,,,3,-0.1042981818318367,0.19761061668395996,-0.056801389902830124,-0.2450939267873764,-0.09920550882816315,0.08926409482955933,0.4119126796722412,-0.00194963114336133,-0.0002526180469430983,-0.0019500318448990583,-0.000252675759838894,-0.001857140101492405,-0.006456625647842884,-6.820323960710084e-06,-0.21588309109210968,-0.1700569987297058,0.24169477820396423,-0.16527406871318817,-0.4888690412044525,0.11193691194057465,0.7061763405799866,0.16870443522930145,0.7217382192611694,0.7301064133644104,0.8051425814628601,0.1616516411304474,-0.3537087142467499,-0.3638885021209717,-0.1465505063533783,0.20359759032726288,-0.04837667942047119,-0.31332510709762573,-0.0872860848903656,0.04066285863518715,0.4250233769416809,0.0,0.0,0.0,0.0,0.0,0.0,0.0,-0.11474771797657013,-0.1900009959936142,0.16921758651733398,-0.2031644731760025,-0.48573917150497437,0.11134057492017746,0.7645233273506165,0.990234375,1.5,1.0173366069793701,1.5,0.01835951954126358,-0.699999988079071,-0.699999988079071
436,1783686183.017495,367283.653966,0.049973,0,,,4,-0.10512242466211319,0.19511234760284424,-0.06226762756705284,-0.24451565742492676,-0.09925533086061478,0.09082014858722687,0.41719359159469604,-0.001931542414240539,-0.00024962719180621207,-0.001930838916450739,-0.00024951098021119833,-0.0018566724611446261,-0.006488048937171698,-7.429934612446232e-06,-0.1673600822687149,-0.16921181976795197,0.20290492475032806,-0.19471217691898346,-0.4786745607852936,0.0988294929265976,0.699507474899292,0.15881450474262238,0.8246519565582275,0.8460733890533447,0.9430229663848877,0.18318216502666473,-0.4128842055797577,-0.4190360903739929,-0.14800772070884705,0.20553995668888092,-0.041238587349653244,-0.3181532323360443,-0.08971371501684189,0.04348575696349144,0.42181307077407837,0.0,0.0,0.0,0.0,0.0,0.0,0.0,-0.1108875647187233,-0.1900009959936142,0.14220969378948212,-0.20826129615306854,-0.5064631104469299,0.09334197640419006,0.7698889374732971,1.0107421875,1.5,1.0199317932128906,1.5,0.008107154630124569,-0.699999988079071,-0.699999988079071
437,1783686183.067626,367283.704092,0.050125,0,,,5,-0.10511523485183716,0.19488468766212463,-0.062390077859163284,-0.2421741485595703,-0.09928981959819794,0.0912659764289856,0.41917771100997925,-0.0019106523832306266,-0.00024620286421850324,-0.0019098026677966118,-0.0002460625837557018,-0.0018566219368949533,-0.006502439267933369,-7.08307015884202e-06,-0.14339712262153625,-0.16984783113002777,0.18131084740161896,-0.205910325050354,-0.475454181432724,0.09038671106100082,0.6981788873672485,0.15851423144340515,0.8844685554504395,0.8961916565895081,1.0234354734420776,0.17953373491764069,-0.4466613829135895,-0.45109111070632935,-0.15092216432094574,0.20553995668888092,-0.04282483085989952,-0.3181532323360443,-0.08890450745820999,0.04489720240235329,0.4250233769416809,0.0,0.0,0.0,0.0,0.0,0.0,0.0,-0.0993070974946022,-0.1900009959936142,0.12677660584449768,-0.1990870088338852,-0.5423846244812012,0.025847233831882477,0.8020827174186707,0.99609375,1.5,0.9926817417144775,1.4970703125,0.003596114693209529,-0.697265625,-0.699999988079071
438,1783686183.117486,367283.753983,0.049892,0,,,6,-0.1053532212972641,0.19476789236068726,-0.06225796416401863,-0.2407790869474411,-0.09959205240011215,0.09325436502695084,0.41953539848327637,-0.0018950575031340122,-0.00024370769097004086,-0.0018944676266983151,-0.00024360914540011436,-0.0018572025001049042,-0.006517904344946146,-6.517721885757055e-06,-0.12303373962640762,-0.1693924367427826,0.16173066198825836,-0.21456138789653778,-0.4710986912250519,0.07326900959014893,0.7098520398139954,0.16252870857715607,0.9472514390945435,0.9061641097068787,1.1159988641738892,0.15439003705978394,-0.44487062096595764,-0.46595969796180725,-0.14800772070884705,0.20553995668888092,-0.04916980117559433,-0.3181532323360443,-0.09214135259389877,0.04772009700536728,0.43006810545921326,0.0,0.0,0.0,0.0,0.0,0.0,0.0,-0.08386647701263428,-0.1928606927394867,0.08240649104118347,-0.20826129615306854,-0.5672533512115479,-0.013524701818823814,0.8450077772140503,0.9990234375,1.5,1.006955623626709,1.5,0.003186020301654935,-0.699999988079071,-0.699999988079071
439,1783686183.167484,367283.803950,0.049967,0,,,7,-0.10620127618312836,0.19472630321979523,-0.0621877945959568,-0.24061334133148193,-0.09976973384618759,0.09432312846183777,0.4197492003440857,-0.00188823277130723,-0.00024263198429252952,-0.0018876377725973725,-0.0002425343991490081,-0.001857461524195969,-0.006527027580887079,-6.353324806696037e-06,-0.11458497494459152,-0.1691420078277588,0.15075144171714783,-0.21481406688690186,-0.47597575187683105,0.05106827989220619,0.7225043177604675,0.16198180615901947,0.9664448499679565,0.9066830277442932,1.1594862937927246,0.13355056941509247,-0.4336848556995392,-0.4662385582923889,-0.1523793786764145,0.20359759032726288,-0.04758355766534805,-0.316543847322464,-0.08971371501684189,0.04630865156650543,0.43006810545921326,0.0,0.0,0.0,0.0,0.0,0.0,0.0,-0.07614617049694061,-0.1928606927394867,0.06311513483524323,-0.20826129615306854,-0.5727797746658325,-0.060771021991968155,0.8664703369140625,1.001953125,1.5,1.006955623626709,1.5,0.00031535830930806696,-0.699999988079071,-0.699999988079071
440,1783686183.217528,367283.853973,0.050023,0,,,8,-0.10692984610795975,0.19463428854942322,-0.06252549588680267,-0.24044457077980042,-0.10015895217657089,0.09585367888212204,0.4210805594921112,-0.0018795912619680166,-0.0002412966568954289,-0.0018786736764013767,-0.00024114719417411834,-0.0018576051807031035,-0.0065393950790166855,-6.010789547872264e-06,-0.1002865880727768,-0.16726644337177277,0.12694525718688965,-0.21677669882774353,-0.48439761996269226,0.010816157795488834,0.7524848580360413,0.16172930598258972,0.9918587803840637,0.9070044755935669,1.2197059392929077,0.10249162465333939,-0.42203351855278015,-0.4666687548160553,-0.15383660793304443,0.20553995668888092,-0.04916980117559433,-0.3117157518863678,-0.09214135259389877,0.04489720240235329,0.4360300302505493,0.0,0.0,0.0,0.0,0.0,0.0,0.0,-0.06842585653066635,-0.19762684404850006,0.02839069440960884,-0.21947431564331055,-0.5755429267883301,-0.11589173227548599,0.9093953967094421,1.00634765625,1.5,1.0095508098602295,1.5,-0.0005048307939432561,-0.699999988079071,-0.699999988079071
441,1783686183.267524,367283.903988,0.050015,0,,,9,-0.10787761211395264,0.19443954527378082,-0.06266456097364426,-0.23998594284057617,-0.10040692239999771,0.0968327671289444,0.4224473536014557,-0.0018716396298259497,-0.00024003487487789243,-0.0018708796706050634,-0.00023991182388272136,-0.0018579013412818313,-0.006546928081661463,-5.921570846112445e-06,-0.09085316210985184,-0.16629892587661743,0.10842696577310562,-0.21792255342006683,-0.48786622285842896,-0.020500576123595238,0.7758249044418335,0.16199646890163422,1.0050443410873413,0.9071053266525269,1.2493903636932373,0.08711592108011246,-0.41632261872291565,-0.46688467264175415,-0.15675103664398193,0.19874165952205658,-0.05313540995121002,-0.3068876266479492,-0.08566766232252121,0.04630865156650543,0.4332783818244934,0.0,0.0,0.0,0.0,0.0,0.0,0.0,-0.049125079065561295,-0.20525270700454712,-0.0024754733312875032,-0.22355177998542786,-0.561726987361908,-0.12039138376712799,0.9523204565048218,1.0166015625,1.5,0.9926817417144775,1.5,-0.0037855871487408876,-0.699999988079071,-0.6986327767372131
442,1783686183.317526,367283.953996,0.050007,0,,,10,-0.11121600866317749,0.19393675029277802,-0.06341975182294846,-0.23729731142520905,-0.10078679770231247,0.09724242240190506,0.42527830600738525,-0.0018632622668519616,-0.00023873665486462414,-0.0018623358337208629,-0.0002385870466241613,-0.0018581605982035398,-0.006557735148817301,-5.703218448616099e-06,-0.07794928550720215,-0.16589586436748505,0.0770518109202385,-0.22044043242931366,-0.4907621145248413,-0.07000473141670227,0.8166522979736328,0.16207054257392883,1.0198450088500977,0.9072781205177307,1.2951515913009644,0.06415272504091263,-0.40956297516822815,-0.4672434628009796,-0.15383660793304443,0.1997128427028656,-0.057101018726825714,-0.3117157518863678,-0.08404923975467682,0.049131546169519424,0.44290921092033386,0.0,0.0,0.0,0.0,0.0,0.0,0.0,-0.04526492580771446,-0.2042994648218155,-0.02176682837307453,-0.21845495700836182,-0.5838325619697571,-0.18338647484779358,0.9952455163002014,1.0078125,1.5,1.0095508098602295,1.5,-0.002145209116861224,-0.699999988079071,-0.699999988079071
443,1783686183.367498,367284.003953,0.049958,0,,,11,-0.11281946301460266,0.19226719439029694,-0.06391264498233795,-0.23462578654289246,-0.10077103972434998,0.097556471824646,0.4264705777168274,-0.0018559154123067856,-0.00023760281328577548,-0.00185536895878613,-0.00023750885156914592,-0.0018583652563393116,-0.006561627145856619,-5.479186711454531e-06,-0.06956004351377487,-0.16668838262557983,0.05761251971125603,-0.22491812705993652,-0.49055707454681396,-0.09261079132556915,0.8414227962493896,0.16215944290161133,1.024640440940857,0.9073853492736816,1.3211721181869507,0.054567161947488785,-0.40751177072525024,-0.46743035316467285,-0.15966548025608063,0.1997128427028656,-0.061859745532274246,-0.3101063668727875,-0.08162160217761993,0.04772009700536728,0.442450612783432,0.0,0.0,0.0,0.0,0.0,0.0,0.0,-0.029824303463101387,-0.20525270700454712,-0.056491266936063766,-0.22966797649860382,-0.5644901990890503,-0.19238577783107758,1.0220736265182495,1.0107421875,1.5,1.004360318183899,1.5,-0.0033754927571862936,-0.699999988079071,-0.699999988079071
444,1783686183.417525,367284.053997,0.050044,0,,,12,-0.11336199194192886,0.1910298466682434,-0.06658068299293518,-0.23319031298160553,-0.1005680114030838,0.09924941509962082,0.43050166964530945,-0.001839777803979814,-0.000235061626881361,-0.001839207485318184,-0.0002349700516788289,-0.001858943491242826,-0.006564576178789139,-5.036295533500379e-06,-0.06001005321741104,-0.16816134750843048,0.0268899854272604,-0.22781704366207123,-0.491031289100647,-0.13313168287277222,0.8810188174247742,0.16239868104457855,1.0313347578048706,0.9077363610267639,1.3675419092178345,0.04059403017163277,-0.40507742762565613,-0.46773484349250793,-0.15966548025608063,0.19874165952205658,-0.06106662377715111,-0.3101063668727875,-0.0872860848903656,0.056188784539699554,0.442450612783432,0.0,0.0,0.0,0.0,0.0,0.0,0.0,-0.006663371343165636,-0.20525270700454712,-0.09507397562265396,-0.25311338901519775,-0.5783061385154724,-0.22725805640220642,1.0757299661636353,1.0048828125,1.5,0.9965745806694031,1.5,-0.005015871021896601,-0.697265625,-0.6986327767372131
445,1783686183.467497,367284.103981,0.049984,0,,,13,-0.11486172676086426,0.1906794309616089,-0.07021276652812958,-0.2325325310230255,-0.10033351182937622,0.10017376393079758,0.43274247646331787,-0.001831536996178329,-0.0002337511396035552,-0.0018311310559511185,-0.0002336891629965976,-0.00185940891969949,-0.006567929405719042,-5.018396677769488e-06,-0.051564984023571014,-0.16867995262145996,0.002358033088967204,-0.23236572742462158,-0.4909389913082123,-0.15855705738067627,0.9080252647399902,0.16241538524627686,1.0332558155059814,0.9081388711929321,1.3951077461242676,0.034515365958213806,-0.4043644070625305,-0.46790897846221924,-0.15383660793304443,0.19874165952205658,-0.06265287101268768,-0.31493449211120605,-0.08404923975467682,0.05336588993668556,0.4406161606311798,0.0,0.0,0.0,0.0,0.0,0.0,0.0,-0.006663371343165636,-0.20525270700454712,-0.10279051959514618,-0.27044257521629333,-0.5644901990890503,-0.2430068403482437,1.0971925258636475,1.0078125,1.5,0.9991698265075684,1.5,-0.005425965413451195,-0.699999988079071,-0.699999988079071
446,1783686183.517499,367284.153991,0.050011,0,,,14,-0.11670161038637161,0.18992526829242706,-0.07330737262964249,-0.23227988183498383,-0.10028026252985,0.10251571983098984,0.4340877830982208,-0.0018260353244841099,-0.00023292213154491037,-0.0018252060981467366,-0.00023279480228666216,-0.0018596420995891094,-0.006574790924787521,-5.122631591802929e-06,-0.03443809971213341,-0.1689959019422531,-0.0385296531021595,-0.24689970910549164,-0.49161094427108765,-0.19084690511226654,0.9465180039405823,0.1614316701889038,1.0336674451828003,0.9107903838157654,1.4416983127593994,0.027893710881471634,-0.4029141068458557,-0.46804362535476685,-0.16112269461154938,0.19679929316043854,-0.06582535058259964,-0.3117157518863678,-0.08081239461898804,0.06042312830686569,0.44382643699645996,0.0,0.0,0.0,0.0,0.0,0.0,0.0,-0.006663371343165636,-0.20334623754024506,-0.12979841232299805,-0.25617146492004395,-0.5644901990890503,-0.25509965419769287,1.129386305809021,0.99609375,1.5,1.0095508098602295,1.5,0.00113554741255939,-0.697265625,-0.699999988079071
447,1783686183.567667,367284.204034,0.050042,0,,,15,-0.11652877181768417,0.18984533846378326,-0.07346168160438538,-0.23231853544712067,-0.10016164183616638,0.10355287790298462,0.4351632595062256,-0.0018129218369722366,-0.00023087093723006546,-0.0018120433669537306,-0.00023073535703588277,-0.0018597249872982502,-0.0065772985108196735,-4.977813205186976e-06,-0.02648453414440155,-0.17150752246379852,-0.06415979564189911,-0.2557055354118347,-0.4927991032600403,-0.20866873860359192,0.9708436727523804,0.15870055556297302,1.0338373184204102,0.914605975151062,1.4750314950942993,0.02421937882900238,-0.4019790589809418,-0.46812599897384644,-0.16112269461154938,0.1948569267988205,-0.07217032462358475,-0.3117157518863678,-0.07514791935682297,0.059011682868003845,0.446119487285614,0.0,0.0,0.0,0.0,0.0,0.0,0.0,-0.006663371343165636,-0.1957203894853592,-0.14523150026798248,-0.27452003955841064,-0.5506742000579834,-0.2593180537223816,1.113289475440979,0.6328125,1.5,1.3157899379730225,1.5,0.3169083595275879,-0.699999988079071,-0.699999988079071
448,1783686183.695178,367284.331569,0.127535,1,16,0.077498,0,-0.11755827814340591,0.1892278492450714,-0.07479774951934814,-0.23215517401695251,-0.0996905267238617,0.1072530448436737,0.4371562600135803,-0.00179362075868994,-0.00022788569913245738,-0.0017930336762219667,-0.00022779493883717805,-0.0018603316275402904,-0.006579723674803972,-4.7790795179025736e-06,-0.022052709013223648,-0.1723681390285492,-0.09607857465744019,-0.2588214874267578,-0.4929979145526886,-0.23064737021923065,1.0055497884750366,0.1554109752178192,1.0344269275665283,0.9238110184669495,1.515742301940918,0.021173184737563133,-0.3999347686767578,-0.4682639241218567,-0.17132322490215302,0.1948569267988205,-0.06265287101268768,-0.3004501461982727,-0.04035183787345886,0.06748037040233612,0.4516228437423706,0.0,0.0,0.0,0.0,0.0,0.0,0.0,0.028078027069568634,-0.20048654079437256,-0.20310556888580322,-0.31529465317726135,-0.5258054733276367,-0.3285001814365387,1.0167080163955688,1.00048828125,1.494140625,0.9965745806694031,1.48828125,-0.0005048307939432561,-0.6986327767372131,-0.697265625
449,1783686183.695606,367284.332057,0.000488,0,,,1,-0.11838211119174957,0.1884637027978897,-0.077028289437294,-0.2320614457130432,-0.09917324781417847,0.10840566456317902,0.43860819935798645,-0.0017809870187193155,-0.00022591646120417863,-0.00178063428029418,-0.00022586373961530626,-0.0018605223158374429,-0.0065788328647613525,-4.566566076391609e-06,-0.01961534284055233,-0.17128406465053558,-0.10947898030281067,-0.26097020506858826,-0.4926530420780182,-0.2385476678609848,1.0185761451721191,0.15591882169246674,1.036206603050232,0.9283620715141296,1.5234261751174927,0.030538415536284447,-0.3999081552028656,-0.46852239966392517,-0.1771520972251892,0.1997128427028656,-0.0753428116440773,-0.30205950140953064,-0.045207105576992035,0.06889181584119797,0.4541451930999756,0.0,0.0,0.0,0.0,0.0,0.0,0.0,0.0357983373105526,-0.20239301025867462,-0.21468037366867065,-0.32344958186149597,-0.4981735348701477,-0.32287561893463135,1.0596331357955933,0.9873046875,1.48828125,0.9939793348312378,1.48828125,0.00564658734947443,-0.697265625,-0.693164050579071
450,1783686183.717554,367284.354051,0.021994,0,,,2,-0.11874130368232727,0.18742895126342773,-0.0805363580584526,-0.23192496597766876,-0.0983300730586052,0.10959168523550034,0.43980956077575684,-0.0017653037793934345,-0.00022346728655975312,-0.0017649320652708411,-0.0002234123821835965,-0.0018608715618029237,-0.0065797679126262665,-4.531375907390611e-06,-0.017442313954234123,-0.17044638097286224,-0.12125665694475174,-0.26330819725990295,-0.4923049807548523,-0.24584773182868958,1.0306639671325684,0.15573671460151672,1.039977788925171,0.9408419728279114,1.523705244064331,0.057334400713443756,-0.39991500973701477,-0.4690167009830475,-0.17860932648181915,0.19388574361801147,-0.07772217690944672,-0.2940126359462738,-0.04439789429306984,0.059011682868003845,0.4568968713283539,0.0,0.0,0.0,0.0,0.0,0.0,0.0,0.012637404724955559,-0.19762684404850006,-0.20310556888580322,-0.3254883289337158,-0.4788312017917633,-0.32737526297569275,1.064998745918274,0.64599609375,1.4912109375,1.3054089546203613,1.4794921875,0.3251102566719055,-0.699999988079071,-0.697265625
451,1783686183.767531,367284.403992,0.049941,0,,,3,-0.12336213141679764,0.18703016638755798,-0.08633173257112503,-0.2297559529542923,-0.09404093772172928,0.11232376098632812,0.4405387341976166,-0.0017677239375188947,-0.00022390298545360565,-0.0017643840983510017,-0.00022340068244375288,-0.0018611482810229063,-0.00658628111705184,-4.937953690387076e-06,-0.0056084515526890755,-0.17011511325836182,-0.1348569095134735,-0.27094945311546326,-0.4898361265659332,-0.2587997317314148,1.0313414335250854,0.15615254640579224,1.0408966541290283,0.9433711767196655,1.5235822200775146,0.06592150032520294,-0.399976909160614,-0.4693663418292999,-0.1800665408372879,0.19388574361801147,-0.079308420419693,-0.2891845107078552,-0.046825528144836426,0.056188784539699554,0.4525400698184967,0.0,0.0,0.0,0.0,0.0,0.0,0.0,0.008777249604463577,-0.19762684404850006,-0.21468037366867065,-0.34587562084198,-0.46225202083587646,-0.3285001814365387,1.0703643560409546,0.59619140625,1.4970703125,1.3157899379730225,1.4794921875,0.33987364172935486,-0.697265625,-0.6986327767372131
452,1783686183.817615,367284.454081,0.050090,0,,,4,-0.13081702589988708,0.18703532218933105,-0.08799906075000763,-0.22530002892017365,-0.08325636386871338,0.11363870650529861,0.4454135596752167,-0.0017519788816571236,-0.00022145667753648013,-0.0017483648844063282,-0.0002209104277426377,-0.0018608623649924994,-0.006597831845283508,-5.270990186545532e-06,0.013295344077050686,-0.17115460336208344,-0.16256916522979736,-0.28066980838775635,-0.47900986671447754,-0.2796396315097809,1.030617594718933,0.1570773422718048,1.0411622524261475,0.9457587003707886,1.523361086845398,0.07205419987440109,-0.3996380567550659,-0.4696158766746521,-0.1771520972251892,0.19388574361801147,-0.07613593339920044,-0.2988407611846924,-0.04844395071268082,0.06042312830686569,0.4507056176662445,0.0,0.0,0.0,0.0,0.0,0.0,0.0,-0.006663371343165636,-0.19762684404850006,-0.20696383714675903,-0.3825727701187134,-0.43462011218070984,-0.28237876296043396,1.081095576286316,0.58740234375,1.4912109375,1.318385124206543,1.4765625,0.33987364172935486,-0.6986327767372131,-0.6986327767372131
453,1783686183.867544,367284.503987,0.049906,0,,,5,-0.13512691855430603,0.18683092296123505,-0.08813740313053131,-0.22042356431484222,-0.07896433025598526,0.11354879289865494,0.44654032588005066,-0.0017372923903167248,-0.00021909305360168219,-0.0017344477819278836,-0.0002186559868277982,-0.0018608267419040203,-0.006594529375433922,-4.66124402009882e-06,0.017111828550696373,-0.1727668195962906,-0.17588037252426147,-0.2859162390232086,-0.4725313186645508,-0.28540438413619995,1.0355831384658813,0.1569041907787323,1.0420423746109009,0.9546643495559692,1.5231703519821167,0.08922243863344193,-0.39852556586265564,-0.46975409984588623,-0.1742376685142517,0.19582810997962952,-0.079308420419693,-0.2988407611846924,-0.0508715845644474,0.06324602663516998,0.44726601243019104,0.0,0.0,0.0,0.0,0.0,0.0,0.0,-0.014383682049810886,-0.19762684404850006,-0.21082210540771484,-0.3988826274871826,-0.38764581084251404,-0.24244438111782074,1.1025581359863281,0.577880859375,1.5,1.318385124206543,1.482421875,0.33987364172935486,-0.699999988079071,-0.699999988079071
454,1783686183.917477,367284.553948,0.049961,0,,,6,-0.13590092957019806,0.18651284277439117,-0.08837174624204636,-0.21944084763526917,-0.07638376951217651,0.113712377846241,0.4468062222003937,-0.0017282521585002542,-0.00021771299361716956,-0.0017265091883018613,-0.00021744167315773666,-0.0018611304694786668,-0.006592601537704468,-4.438933956407709e-06,0.01719948649406433,-0.17787399888038635,-0.1834312528371811,-0.3017570376396179,-0.46580249071121216,-0.2758850157260895,1.0530997514724731,0.15695485472679138,1.050012469291687,0.9785662889480591,1.5228934288024902,0.1191464439034462,-0.3970735967159271,-0.46998876333236694,-0.1742376685142517,0.20068404078483582,-0.07851529866456985,-0.3004501461982727,-0.0516807958483696,0.06042312830686569,0.44818323850631714,0.0,0.0,0.0,0.0,0.0,0.0,0.0,-0.018243838101625443,-0.19953331351280212,-0.21082210540771484,-0.4315023124217987,-0.3461979031562805,-0.16988752782344818,1.0864613056182861,0.5888671875,1.4765625,1.3028136491775513,1.4619140625,0.33987364172935486,-0.6890624761581421,-0.6904296875
455,1783686183.967545,367284.603996,0.050047,0,,,7,-0.1358100324869156,0.18646222352981567,-0.08896636962890625,-0.21934476494789124,-0.07574234902858734,0.11408215761184692,0.44681796431541443,-0.001723759574815631,-0.00021702208323404193,-0.001722155837342143,-0.000216771470149979,-0.0018613932188600302,-0.006593667436391115,-4.487647402129369e-06,0.01570788398385048,-0.18073061108589172,-0.18594317138195038,-0.31282681226730347,-0.45603612065315247,-0.2596956193447113,1.068846583366394,0.15669165551662445,1.0564969778060913,1.001259684562683,1.5227243900299072,0.13946139812469482,-0.3937928080558777,-0.470084547996521,-0.17860932648181915,0.19777047634124756,-0.07772217690944672,-0.29723137617111206,-0.04197026044130325,0.0576002337038517,0.44290921092033386,0.0,0.0,0.0,0.0,0.0,0.0,0.0,-0.014383682049810886,-0.19953331351280212,-0.1915307492017746,-0.4600445628166199,-0.35448750853538513,-0.16088822484016418,1.0328049659729004,0.0,0.0,0.0025952463038265705,0.0,0.006056682206690311,0.0,0.0
456,1783686184.017537,367284.653986,0.049991,0,,,8,-0.13540777564048767,0.1871405392885208,-0.09021461009979248,-0.2192130833864212,-0.07471540570259094,0.11444355547428131,0.4467548727989197,-0.0017192780505865812,-0.00021634105360135436,-0.0017173521919175982,-0.0002160447183996439,-0.0018619054462760687,-0.006597307976335287,-4.651542894862359e-06,0.015552448108792305,-0.18500946462154388,-0.18644776940345764,-0.33490726351737976,-0.4331521987915039,-0.21402113139629364,1.086542010307312,0.15691052377223969,1.066352367401123,1.0398281812667847,1.5164340734481812,0.16872955858707428,-0.3884287476539612,-0.46954545378685,-0.1800665408372879,0.19582810997962952,-0.07217032462358475,-0.2940126359462738,-0.04035183787345886,0.056188784539699554,0.4415333867073059,0.0,0.0,0.0,0.0,0.0,0.0,0.0,-0.025964148342609406,-0.19381392002105713,-0.17223939299583435,-0.47023820877075195,-0.322710782289505,-0.12489102780818939,1.0059767961502075,0.0,0.0,0.0,0.0,-0.0013250198680907488,0.0,0.0
457,1783686184.067530,367284.703984,0.049997,0,,,9,-0.1354510337114334,0.18725930154323578,-0.0903310775756836,-0.21889153122901917,-0.07247189432382584,0.11452975869178772,0.446567177772522,-0.001712893950752914,-0.00021534574625547975,-0.0017108386382460594,-0.0002150336222257465,-0.0018623467767611146,-0.006599743850529194,-4.6968943934189156e-06,0.016486534848809242,-0.18675096333026886,-0.18367856740951538,-0.3546201288700104,-0.4222143590450287,-0.1863906979560852,1.0817807912826538,0.15639862418174744,1.017578363418579,1.0025814771652222,1.445220947265625,0.16482318937778473,-0.36997613310813904,-0.4496650993824005,-0.1742376685142517,0.20068404078483582,-0.07375656813383102,-0.29723137617111206,-0.04439789429306984,0.06042312830686569,0.4433678388595581,0.0,0.0,0.0,0.0,0.0,0.0,0.0,-0.029824303463101387,-0.19953331351280212,-0.16838112473487854,-0.5008191466331482,-0.3240923583507538,-0.0866440087556839,0.9791486263275146,0.0,0.0,0.0,0.0,-0.0037855871487408876,0.0,-0.0013671874767169356
458,1783686184.117528,367284.753983,0.049999,0,,,10,-0.1360274702310562,0.18718835711479187,-0.09030274301767349,-0.2169981449842453,-0.06981410086154938,0.11460167914628983,0.4459361135959625,-0.001705990987829864,-0.00021425692830234766,-0.001705148839391768,-0.0002141362929251045,-0.0018632649444043636,-0.006602142937481403,-4.65568291474483e-06,0.011655731126666069,-0.18681618571281433,-0.17231212556362152,-0.38061681389808655,-0.4006861746311188,-0.15033820271492004,1.0633352994918823,0.15164604783058167,0.8645080924034119,0.8586230278015137,1.238280177116394,0.1453544944524765,-0.3234439790248871,-0.3903472125530243,-0.1800665408372879,0.19777047634124756,-0.0753428116440773,-0.3004501461982727,-0.03873341903090477,0.0576002337038517,0.4433678388595581,0.0,0.0,0.0,0.0,0.0,0.0,0.0,-0.0375446155667305,-0.2014397829771042,-0.14523150026798248,-0.5048966407775879,-0.3330727517604828,-0.055146459490060806,0.9737829566001892,0.0,0.0,0.0,0.0,-0.002965398132801056,0.0,-0.0013671874767169356
459,1783686184.167496,367284.803954,0.049971,0,,,11,-0.13605475425720215,0.18725241720676422,-0.09040748327970505,-0.21683096885681152,-0.06917587667703629,0.1147175133228302,0.4455021321773529,-0.0017098388634622097,-0.00021489652863238007,-0.001709266914986074,-0.00021482034935615957,-0.001863690442405641,-0.006603584624826908,-4.649334641726455e-06,0.007248442154377699,-0.18720559775829315,-0.16343367099761963,-0.40020379424095154,-0.39009034633636475,-0.12543679773807526,1.04855477809906,0.14722035825252533,0.7454111576080322,0.7428269982337952,1.0650837421417236,0.13181333243846893,-0.28850728273391724,-0.34480392932891846,-0.1742376685142517,0.20068404078483582,-0.07851529866456985,-0.2940126359462738,-0.03711499646306038,0.0576002337038517,0.4433678388595581,0.0,0.0,0.0,0.0,0.0,0.0,0.0,-0.049125079065561295,-0.20525270700454712,-0.13751496374607086,-0.5212064981460571,-0.32547396421432495,-0.021399088203907013,0.9523204565048218,0.0,0.0,0.0,0.0,0.001955736428499222,0.0,0.0
460,1783686184.217499,367284.853972,0.050018,0,,,12,-0.13629236817359924,0.18731683492660522,-0.090597003698349,-0.21683533489704132,-0.06709527969360352,0.11481937021017075,0.4451478123664856,-0.0017098040552809834,-0.00021489245409611613,-0.0017092066118493676,-0.00021481730800587684,-0.0018641691422089934,-0.0066076600924134254,-4.7530452320643235e-06,-0.0033951217774301767,-0.18986378610134125,-0.14609739184379578,-0.4255312383174896,-0.37928301095962524,-0.08528909832239151,1.026266098022461,0.14103826880455017,0.6009496450424194,0.6010403633117676,0.8504840731620789,0.11601527035236359,-0.24659422039985657,-0.28990933299064636,-0.1771520972251892,0.20068404078483582,-0.07851529866456985,-0.3004501461982727,-0.04035183787345886,0.06183457747101784,0.44841256737709045,0.0,0.0,0.0,0.0,0.0,0.0,0.0,-0.06070554628968239,-0.2042994648218155,-0.11436533182859421,-0.5130515694618225,-0.34343472123146057,-0.019149264320731163,0.9254922866821289,0.0,0.0,0.0,0.0,-0.0009149253601208329,0.0,0.0
461,1783686184.267530,367284.903990,0.050018,0,,,13,-0.13627444207668304,0.18750163912773132,-0.0909143015742302,-0.2168167233467102,-0.06542229652404785,0.11473944783210754,0.44495317339897156,-0.0017093796050176024,-0.00021481033763848245,-0.001708621857687831,-0.000214707717532292,-0.0018640956841409206,-0.006610555108636618,-4.786270892509492e-06,-0.011311890557408333,-0.19224147498607635,-0.13371604681015015,-0.436940997838974,-0.37418633699417114,-0.058145295828580856,1.0114414691925049,0.1372535228729248,0.5138238668441772,0.5154908895492554,0.7199251055717468,0.10683269053697586,-0.2213822305202484,-0.2567961513996124,-0.1742376685142517,0.20165522396564484,-0.0753428116440773,-0.30849698185920715,-0.03549657389521599,0.06324602663516998,0.44749534130096436,0.0,0.0,0.0,0.0,0.0,0.0,0.0,-0.06456570327281952,-0.2042994648218155,-0.10664878785610199,-0.5028579235076904,-0.3572506904602051,-0.025898737832903862,0.9308578968048096,0.0,0.0,0.0,0.0,0.001545641920529306,-0.0013671874767169356,0.0
462,1783686184.317491,367284.953979,0.049989,0,,,14,-0.1362009346485138,0.1877760887145996,-0.09144023805856705,-0.21708182990550995,-0.06437259167432785,0.11490149050951004,0.4449440836906433,-0.001708520227111876,-0.00021464847668539733,-0.0017080472316592932,-0.00021458799892570823,-0.0018643143121153116,-0.006617199629545212,-4.980618996341946e-06,-0.02310478314757347,-0.19399869441986084,-0.11639672517776489,-0.4414684474468231,-0.37283575534820557,-0.03245199844241142,0.9883851408958435,0.13303984701633453,0.41702672839164734,0.42067649960517883,0.5744388699531555,0.09627027809619904,-0.19332000613212585,-0.21990841627120972,-0.1742376685142517,0.1997128427028656,-0.079308420419693,-0.30366888642311096,-0.03549657389521599,0.06889181584119797,0.44932976365089417,0.0,0.0,0.0,0.0,0.0,0.0,0.0,-0.06070554628968239,-0.20525270700454712,-0.11436533182859421,-0.51509028673172,-0.3931722044944763,-0.03714786097407341,0.9147610068321228,0.0,0.0,0.0,0.0,0.00113554741255939,-0.0027343749534338713,0.0
463,1783686184.367584,367285.003997,0.050018,0,,,15,-0.13572587072849274,0.18795357644557953,-0.09165371209383011,-0.21921846270561218,-0.06329800188541412,0.11522818356752396,0.4449477195739746,-0.001710350625216961,-0.00021491505322046578,-0.0017097600502893329,-0.00021483869932126254,-0.0018645153613761067,-0.006622927729040384,-5.121547474118415e-06,-0.028436951339244843,-0.19419273734092712,-0.10562989115715027,-0.4413493573665619,-0.3738625645637512,-0.022460956126451492,0.9773344993591309,0.13040047883987427,0.36086952686309814,0.3656957745552063,0.4899783134460449,0.0899125337600708,-0.17737793922424316,-0.19854044914245605,-0.1771520972251892,0.19777047634124756,-0.08486027270555496,-0.30366888642311096,-0.03873341903090477,0.06324602663516998,0.4516228437423706,0.0,0.0,0.0,0.0,0.0,0.0,0.0,-0.06842585653066635,-0.20620593428611755,-0.09507397562265396,-0.4947029650211334,-0.4069881737232208,-0.052896637469530106,0.9254922866821289,0.0,0.0,0.0,0.0,0.00031535830930806696,0.0,0.0
464,1783686184.494479,367285.130945,0.126948,1,16,0.076866,0,-0.135461688041687,0.18803878128528595,-0.09224670380353928,-0.22101935744285583,-0.061777640134096146,0.11577378958463669,0.4450806975364685,-0.001709723030216992,-0.00021475969697348773,-0.0017087742453441024,-0.00021462079894263297,-0.001864249468781054,-0.006633440963923931,-5.368464371713344e-06,-0.029586436226963997,-0.19458507001399994,-0.09880568832159042,-0.44138389825820923,-0.3855058252811432,-0.01858600415289402,0.9651013612747192,0.1279715746641159,0.29954418540000916,0.30619996786117554,0.3977109491825104,0.0826830118894577,-0.1602988988161087,-0.17518392205238342,-0.1917242854833603,0.19874165952205658,-0.07296344637870789,-0.2940126359462738,-0.03873341903090477,0.056188784539699554,0.4543744921684265,0.0,0.0,0.0,0.0,0.0,0.0,0.0,-0.052985236048698425,-0.19381392002105713,-0.14137323200702667,-0.5497487187385559,-0.37797462940216064,-0.1693250685930252,0.9469547867774963,0.005859375,0.0,0.0,0.0,0.00031535830930806696,0.0,-0.004101562313735485
465,1783686184.494732,367285.131273,0.000327,0,,,1,-0.13540394604206085,0.18802891671657562,-0.09347452968358994,-0.2211759388446808,-0.06116820499300957,0.11601737141609192,0.4453902244567871,-0.0017023495165631175,-0.0002135300892405212,-0.0017017965437844396,-0.00021344982087612152,-0.0018643343355506659,-0.0066392431035637856,-5.330081876309123e-06,-0.03146118298172951,-0.19607174396514893,-0.0944826751947403,-0.4378468990325928,-0.3963242471218109,-0.018555521965026855,0.9603570103645325,0.12655599415302277,0.2642687261104584,0.2721893787384033,0.3446769416332245,0.07823094725608826,-0.15041135251522064,-0.16174772381782532,-0.1888098567724228,0.19874165952205658,-0.07137720286846161,-0.3004501461982727,-0.04197026044130325,0.059011682868003845,0.45208144187927246,0.0,0.0,0.0,0.0,0.0,0.0,0.0,-0.06070554628968239,-0.1957203894853592,-0.11436533182859421,-0.5415937900543213,-0.4069881737232208,-0.19013595581054688,0.9469547867774963,0.0,0.0,0.0,0.0029296875,-0.002965398132801056,0.0,0.0
466,1783686184.517654,367285.154057,0.022785,0,,,2,-0.13542833924293518,0.1879066377878189,-0.0969705656170845,-0.22138702869415283,-0.060490772128105164,0.11620492488145828,0.44568419456481934,-0.0017002542736008763,-0.00021313386969268322,-0.0016997309867292643,-0.00021305575501173735,-0.001864396850578487,-0.006648945156484842,-5.449699074233649e-06,-0.03294634446501732,-0.19676077365875244,-0.08777277171611786,-0.43083110451698303,-0.40717703104019165,-0.018745221197605133,0.9580303430557251,0.12503255903720856,0.2258465439081192,0.23542603850364685,0.28696227073669434,0.07305976003408432,-0.13946302235126495,-0.1471187025308609,-0.19463872909545898,0.19777047634124756,-0.07851529866456985,-0.30849698185920715,-0.04035183787345886,0.06324602663516998,0.4580433964729309,0.0,0.0,0.0,0.0,0.0,0.0,0.0,-0.07228600978851318,-0.19953331351280212,-0.11436533182859421,-0.5415937900543213,-0.38764581084251404,-0.21038436889648438,0.9308578968048096,0.0,0.0,0.0,0.0,-0.0017351144924759865,0.0,0.0
467,1783686184.567802,367285.204051,0.049994,0,,,3,-0.13700348138809204,0.18774840235710144,-0.09769044071435928,-0.22139450907707214,-0.060212451964616776,0.11629138141870499,0.44579067826271057,-0.0017053879564628005,-0.0002139178686775267,-0.0017047879518941045,-0.0002138308045687154,-0.001864660531282425,-0.006661652121692896,-5.950941158516798e-06,-0.031093457713723183,-0.19603785872459412,-0.08812718093395233,-0.4314785301685333,-0.41401880979537964,-0.03741725906729698,0.9587622284889221,0.12458351254463196,0.20636488497257233,0.21691027283668518,0.2577127516269684,0.07016149163246155,-0.13401217758655548,-0.13970008492469788,-0.19463872909545898,0.19679929316043854,-0.08248090744018555,-0.3068876266479492,-0.04197026044130325,0.06748037040233612,0.46217089891433716,0.0,0.0,0.0,0.0,0.0,0.0,0.0,-0.09158679097890854,-0.20334623754024506,-0.10664878785610199,-0.5232452154159546,-0.41527774930000305,-0.27787911891937256,0.9469547867774963,0.0,0.0,0.0,0.0,-0.0009149253601208329,0.0,-0.004101562313735485
468,1783686184.617609,367285.254099,0.050049,0,,,4,-0.14358796179294586,0.18772108852863312,-0.0970645323395729,-0.22143031656742096,-0.05984062701463699,0.11685491353273392,0.44805729389190674,-0.0016978331841528416,-0.00021265530085656792,-0.0016980149084702134,-0.0002126945910276845,-0.0018655994208529592,-0.006678199395537376,-6.0473439589259215e-06,-0.03220493718981743,-0.19420483708381653,-0.0921589657664299,-0.44563573598861694,-0.41788753867149353,-0.09644804149866104,0.9616472721099854,0.12399733811616898,0.1800248771905899,0.19256417453289032,0.21829792857170105,0.06573415547609329,-0.1263691484928131,-0.12961460649967194,-0.19609594345092773,0.19777047634124756,-0.08406715095043182,-0.3068876266479492,-0.04763473942875862,0.06748037040233612,0.46836215257644653,0.0,0.0,0.0,0.0,0.0,0.0,0.0,-0.09544694423675537,-0.20239301025867462,-0.09121570736169815,-0.5191677212715149,-0.41527774930000305,-0.30543947219848633,0.9469547867774963,0.0,0.0,0.0,0.0,-0.004605776164680719,0.0,0.0
469,1783686184.667537,367285.304025,0.049926,0,,,5,-0.14746004343032837,0.18756765127182007,-0.09725160151720047,-0.2215760350227356,-0.05969177931547165,0.11768149584531784,0.44995376467704773,-0.0016961483052000403,-0.00021234013547655195,-0.0016967306146398187,-0.00021244317758828402,-0.0018660888308659196,-0.0066832443699240685,-5.7864613154379185e-06,-0.04226544871926308,-0.1943362057209015,-0.0922633707523346,-0.4479493796825409,-0.4208824038505554,-0.13758045434951782,0.9634575843811035,0.12365018576383591,0.167926624417305,0.18163643777370453,0.20011654496192932,0.06363513320684433,-0.12249863892793655,-0.12512940168380737,-0.19609594345092773,0.19874165952205658,-0.09041212499141693,-0.31332510709762573,-0.046825528144836426,0.07453760504722595,0.47317758202552795,0.0,0.0,0.0,0.0,0.0,0.0,0.0,-0.1108875647187233,-0.20525270700454712,-0.08349916338920593,-0.49266424775123596,-0.4360016882419586,-0.37237176299095154,0.936223566532135,0.0,0.0,0.0025952463038265705,0.0,-0.0009149253601208329,-0.0027343749534338713,-0.0027343749534338713
470,1783686184.717509,367285.354008,0.049983,0,,,6,-0.15173177421092987,0.1874021291732788,-0.09880951046943665,-0.22278903424739838,-0.059810981154441833,0.11843761056661606,0.45413050055503845,-0.0017035813070833683,-0.00021351723989937454,-0.001704285154119134,-0.00021363733685575426,-0.0018662215443328023,-0.006692142691463232,-5.591432000073837e-06,-0.05770768225193024,-0.19486577808856964,-0.08797181397676468,-0.44854632019996643,-0.4263988733291626,-0.20038123428821564,0.9649710655212402,0.12303674221038818,0.15139810740947723,0.1666303128004074,0.1753147691488266,0.06028896942734718,-0.11713352799415588,-0.11910661309957504,-0.19755317270755768,0.1948569267988205,-0.09675709158182144,-0.316543847322464,-0.04844395071268082,0.07453760504722595,0.4718017280101776,0.0,0.0,0.0,0.0,0.0,0.0,0.0,-0.10316725075244904,-0.20811240375041962,-0.09121570736169815,-0.47431567311286926,-0.45396244525909424,-0.41230615973472595,0.9469547867774963,0.0,0.0,0.0,0.0,0.002775925677269697,0.0,0.0
471,1783686184.767629,367285.404101,0.050093,0,,,7,-0.15278737246990204,0.18741661310195923,-0.10079026967287064,-0.22578704357147217,-0.05993928387761116,0.12035085260868073,0.4580141603946686,-0.0017005096888169646,-0.0002129851491190493,-0.0017012115567922592,-0.00021310166630428284,-0.0018662837101146579,-0.006695978343486786,-5.351933396013919e-06,-0.06778093427419662,-0.19609147310256958,-0.08122770488262177,-0.44189944863319397,-0.4340800344944,-0.24689048528671265,0.9650281667709351,0.12263404577970505,0.1427898108959198,0.1589016169309616,0.16239769756793976,0.058565907180309296,-0.11439810693264008,-0.11594680696725845,-0.19901038706302643,0.19679929316043854,-0.09755021333694458,-0.316543847322464,-0.05006237328052521,0.07242043316364288,0.47501203417778015,0.0,0.0,0.0,0.0,0.0,0.0,0.0,-0.12246803194284439,-0.21001885831356049,-0.07578261941671371,-0.45596709847450256,-0.49126556515693665,-0.4736138880252838,0.9523204565048218,0.0,0.0,0.0,0.0,-0.002965398132801056,0.0,0.0
472,1783686184.817631,367285.454034,0.049933,0,,,8,-0.1537054032087326,0.18691487610340118,-0.10635402053594589,-0.23001877963542938,-0.060207854956388474,0.12213688343763351,0.46122342348098755,-0.0016962869558483362,-0.00021222584473434836,-0.0016973998863250017,-0.00021240435307845473,-0.0018663317896425724,-0.006704278290271759,-5.398212579166284e-06,-0.07354089617729187,-0.197906956076622,-0.07648446410894394,-0.4269048869609833,-0.44879966974258423,-0.30776575207710266,0.9665217995643616,0.12208286672830582,0.1334099918603897,0.15066879987716675,0.14834941923618317,0.057152651250362396,-0.11166252195835114,-0.11247541755437851,-0.20338204503059387,0.19388574361801147,-0.099929578602314,-0.3068876266479492,-0.0508715845644474,0.06889181584119797,0.4802860617637634,0.0,0.0,0.0,0.0,0.0,0.0,0.0,-0.13790865242481232,-0.21287855505943298,-0.0680660828948021,-0.4315023124217987,-0.4898839592933655,-0.5399836897850037,0.9737829566001892,0.0,0.0,0.0,0.0,0.00113554741255939,0.0,0.0
473,1783686184.867640,367285.504026,0.049992,0,,,9,-0.15453362464904785,0.18681694567203522,-0.10872002691030502,-0.23141613602638245,-0.06044594198465347,0.12240153551101685,0.46316301822662354,-0.0016948976553976536,-0.00021196863963268697,-0.001695565297268331,-0.00021207657118793577,-0.0018662376096472144,-0.006713153328746557,-5.650789717037696e-06,-0.07931308448314667,-0.20019036531448364,-0.07280173152685165,-0.4115848243236542,-0.4645741581916809,-0.34706950187683105,0.9698889255523682,0.1217438206076622,0.12866942584514618,0.14653684198856354,0.14122675359249115,0.05621985346078873,-0.1101100742816925,-0.11058301478624344,-0.19463872909545898,0.19388574361801147,-0.09913645684719086,-0.31332510709762573,-0.0516807958483696,0.07030326128005981,0.4763878583908081,0.0,0.0,0.0,0.0,0.0,0.0,0.0,-0.1726500540971756,-0.21764472126960754,-0.0680660828948021,-0.39684388041496277,-0.50093674659729,-0.6086033582687378,0.9684173464775085,0.0,0.0,0.0,0.005859375,-0.004605776164680719,0.0,-0.0013671874767169356
474,1783686184.917616,367285.554020,0.049994,0,,,10,-0.15745006501674652,0.18620307743549347,-0.11168675124645233,-0.2313794493675232,-0.060949839651584625,0.1226225346326828,0.46702104806900024,-0.0016936348984017968,-0.00021173372806515545,-0.001694096950814128,-0.0002118074189638719,-0.0018663511145859957,-0.006725022103637457,-5.677990884578321e-06,-0.09574230015277863,-0.2043093740940094,-0.06335444003343582,-0.37954747676849365,-0.4872056841850281,-0.4195534884929657,0.9822566509246826,0.12118344753980637,0.1223263144493103,0.14144538342952728,0.131668820977211,0.05486832186579704,-0.10779435932636261,-0.10790952295064926,-0.19755317270755768,0.19582810997962952,-0.099929578602314,-0.31332510709762573,-0.05006237328052521,0.07100898772478104,0.4818911850452423,0.0,0.0,0.0,0.0,0.0,0.0,0.0,-0.19195082783699036,-0.22050440311431885,-0.060349538922309875,-0.36626294255256653,-0.5119895339012146,-0.6738482713699341,0.9898799061775208,0.0,0.0,0.0,0.0,-0.0017351144924759865,0.0,0.0
475,1783686184.967666,367285.604043,0.050024,0,,,11,-0.1573004275560379,0.1857885867357254,-0.1126166433095932,-0.23149558901786804,-0.061296552419662476,0.12272738665342331,0.4680947959423065,-0.0016921551432460546,-0.00021145348728168756,-0.001692131976597011,-0.0002114487870130688,-0.0018662166548892856,-0.006728203967213631,-5.388270892581204e-06,-0.11549193412065506,-0.20741698145866394,-0.05717841163277626,-0.35257601737976074,-0.500045120716095,-0.47365453839302063,0.9894090294837952,0.12083281576633453,0.11915211379528046,0.1394781619310379,0.12715047597885132,0.05384707823395729,-0.10646073520183563,-0.10654847323894501,-0.19755317270755768,0.19194336235523224,-0.09437772631645203,-0.316543847322464,-0.05006237328052521,0.0731261596083641,0.4855600893497467,0.0,0.0,0.0,0.0,0.0,0.0,0.0,-0.21511176228523254,-0.22431734204292297,-0.05263299494981766,-0.32956579327583313,-0.5410030484199524,-0.7345935702323914,0.9737829566001892,0.0,0.0,0.0,0.0,-0.0005048307939432561,0.0,0.0
476,1783686185.017767,367285.654174,0.050130,0,,,12,-0.1569848209619522,0.1856323778629303,-0.1141778752207756,-0.23160888254642487,-0.06171778216958046,0.12303509563207626,0.4702814519405365,-0.001697494531981647,-0.0002123177982866764,-0.0016972521552816033,-0.00021228021068964154,-0.0018664974486455321,-0.006739520002156496,-5.632604825223098e-06,-0.14304085075855255,-0.21152199804782867,-0.05136632174253464,-0.3193722665309906,-0.51641845703125,-0.5476993322372437,0.9994699358940125,0.12033229321241379,0.11569911241531372,0.13741573691368103,0.1223030760884285,0.05264757573604584,-0.10523156821727753,-0.10510469228029251,-0.19901038706302643,0.19291454553604126,-0.09913645684719086,-0.31493449211120605,-0.045207105576992035,0.06889181584119797,0.4846428632736206,0.0,0.0,0.0,0.0,0.0,0.0,0.0,-0.2459930032491684,-0.22908349335193634,-0.02562509849667549,-0.3091784715652466,-0.5534374117851257,-0.7953388094902039,0.9845142364501953,0.005859375,0.0029296875,0.0,0.0,-0.0013250198680907488,-0.0027343749534338713,-0.0027343749534338713
477,1783686185.067775,367285.704137,0.049964,0,,,13,-0.15686070919036865,0.18513242900371552,-0.11417549103498459,-0.2317613959312439,-0.061924103647470474,0.12335927784442902,0.4726008474826813,-0.0016965032555162907,-0.00021216581808403134,-0.0016965239774435759,-0.00021216883033048362,-0.0018667468102648854,-0.0067455945536494255,-5.62086870559142e-06,-0.16073498129844666,-0.21443185210227966,-0.04542432725429535,-0.2960415184497833,-0.5299489498138428,-0.596097469329834,1.001313328742981,0.12001331895589828,0.1139306128025055,0.13627932965755463,0.1196180060505867,0.05218341574072838,-0.10461896657943726,-0.10432760417461395,-0.19463872909545898,0.19582810997962952,-0.099929578602314,-0.316543847322464,-0.05006237328052521,0.07030326128005981,0.4828084111213684,0.0,0.0,0.0,0.0,0.0,0.0,0.0,-0.25371330976486206,-0.22908349335193634,-0.0294833704829216,-0.28879114985466003,-0.589358925819397,-0.8313360214233398,0.9898799061775208,0.0,0.0,0.0,0.0,-0.002965398132801056,0.0,0.0
478,1783686185.117742,367285.754143,0.050006,0,,,14,-0.15683190524578094,0.18463197350502014,-0.11423823982477188,-0.23200838267803192,-0.062001366168260574,0.12358647584915161,0.4750208258628845,-0.001690812292508781,-0.00021119494340382516,-0.0016904647927731276,-0.0002111430949298665,-0.0018670243443921208,-0.006753120105713606,-5.424591108749155e-06,-0.19155903160572052,-0.22006648778915405,-0.027416309341788292,-0.26091164350509644,-0.5549501776695251,-0.6740517020225525,1.006534457206726,0.11949353665113449,0.11174629628658295,0.1346973180770874,0.11580973863601685,0.05152227729558945,-0.10396603494882584,-0.10347114503383636,-0.19901038706302643,0.1948569267988205,-0.09675709158182144,-0.3181532323360443,-0.05006237328052521,0.0731261596083641,0.4846428632736206,0.0,0.0,0.0,0.0,0.0,0.0,0.0,-0.27494415640830994,-0.2281302660703659,-0.0024754733312875032,-0.25617146492004395,-0.5948852896690369,-0.8853318095207214,0.9845142364501953,0.0,0.0,0.0,0.0,0.00113554741255939,0.0,0.0
479,1783686185.167772,367285.804120,0.049977,0,,,15,-0.15656352043151855,0.18464571237564087,-0.11439773440361023,-0.23217490315437317,-0.06215692311525345,0.12370457500219345,0.47540512681007385,-0.0016909183468669653,-0.00021120181190781295,-0.0016905319644138217,-0.00021114409901201725,-0.0018672235310077667,-0.006758079398423433,-5.417898591986159e-06,-0.20515486598014832,-0.2207411378622055,-0.018009858205914497,-0.24597886204719543,-0.5717332363128662,-0.7161844372749329,1.0099202394485474,0.11918458342552185,0.11078513413667679,0.13407865166664124,0.11403905600309372,0.05106665939092636,-0.10361705720424652,-0.10310081392526627,-0.20629647374153137,0.19291454553604126,-0.10072270035743713,-0.3068876266479492,-0.04601631686091423,0.06818608939647675,0.49060481786727905,0.0,0.0,0.0,0.0,0.0,0.0,0.0,-0.2942449450492859,-0.23003672063350677,-0.0024754733312875032,-0.22049368917942047,-0.6225172281265259,-0.934827983379364,0.9952455163002014,0.0,0.0,0.0,0.0,-0.0005048307939432561,0.0,-0.0027343749534338713
480,1783686185.301514,367285.937944,0.133824,1,16,0.083775,0,-0.15673738718032837,0.18471616506576538,-0.11442055553197861,-0.23245154321193695,-0.06247037649154663,0.12405595928430557,0.47685688734054565,-0.0016849254025146365,-0.00021023805311415344,-0.0016847437946125865,-0.00021021431894041598,-0.0018676590407267213,-0.00676630949601531,-5.391735157900257e-06,-0.22709593176841736,-0.2218410223722458,9.829203190747648e-05,-0.21373239159584045,-0.5958992838859558,-0.7844865918159485,1.0126469135284424,0.11864493787288666,0.10928679257631302,0.13323745131492615,0.11161326617002487,0.05044373869895935,-0.1030130684375763,-0.10246316343545914,-0.19026707112789154,0.19679929316043854,-0.08089466392993927,-0.30205950140953064,-0.029022883623838425,0.056188784539699554,0.45850199460983276,0.0,0.0,0.0,0.0,0.0,0.0,0.0,-0.26529377698898315,-0.2252705693244934,-0.05263299494981766,-0.3091784715652466,-0.5921221375465393,-0.9033304452896118,1.038170576095581,0.0,0.0,0.0,0.0,-0.002965398132801056,0.0,0.0
481,1783686185.301769,367285.938302,0.000358,0,,,1,-0.1590173989534378,0.18462379276752472,-0.11455808579921722,-0.2318337857723236,-0.06251683831214905,0.124185711145401,0.4785131514072418,-0.0016835929127410054,-0.00021002304856665432,-0.001683632843196392,-0.00021003793517593294,-0.0018681380897760391,-0.006773493252694607,-5.492499440151732e-06,-0.2403094470500946,-0.22201547026634216,0.009317314252257347,-0.1915055811405182,-0.6109228730201721,-0.823633074760437,1.0156316757202148,0.11828640103340149,0.10843845456838608,0.1327110379934311,0.11033184826374054,0.05004280433058739,-0.10262306779623032,-0.10205437242984772,-0.19609594345092773,0.19777047634124756,-0.0856533944606781,-0.3004501461982727,-0.029022883623838425,0.056188784539699554,0.4644639492034912,0.0,0.0,0.0,0.0,0.0,0.0,0.0,-0.28652462363243103,-0.22908349335193634,-0.03719991073012352,-0.266365110874176,-0.6197540163993835,-0.9483269453048706,1.0328049659729004,0.0,0.0029296875,0.0,0.0,0.0023658310528844595,0.0,0.0
482,1783686185.317590,367285.954061,0.015759,0,,,2,-0.1624990999698639,0.1844489723443985,-0.11479402333498001,-0.23134925961494446,-0.06244337186217308,0.12414683401584625,0.48091620206832886,-0.0016808257205411792,-0.00020956604566890746,-0.0016806565690785646,-0.00020954711362719536,-0.0018682042136788368,-0.006778883282095194,-5.296109520713799e-06,-0.25077518820762634,-0.22246809303760529,0.016826216131448746,-0.16933205723762512,-0.6318750977516174,-0.8694744110107422,1.0211708545684814,0.1178145706653595,0.10755643993616104,0.13216131925582886,0.10901651531457901,0.04949284344911575,-0.10209757834672928,-0.10149959474802017,-0.19463872909545898,0.19777047634124756,-0.08486027270555496,-0.30205950140953064,-0.03549657389521599,0.05054299533367157,0.4571261703968048,0.0,0.0,0.0,0.0,0.0,0.0,0.0,-0.30003517866134644,-0.22622379660606384,-0.02562509849667549,-0.2582102119922638,-0.6556755304336548,-0.9528265595436096,1.0274393558502197,0.0,0.0,0.0,0.0,-0.0009149253601208329,0.0,-0.0027343749534338713
483,1783686185.367522,367286.003997,0.049936,0,,,3,-0.16263717412948608,0.18447858095169067,-0.11454100906848907,-0.2309482842683792,-0.06188465654850006,0.12306934595108032,0.4803381562232971,-0.0016784629551693797,-0.00020913344633299857,-0.0016776183620095253,-0.00020901010429952294,-0.0018678969936445355,-0.006780298892408609,-5.085277734906413e-06,-0.2510489821434021,-0.22263674437999725,0.014821793884038925,-0.17006953060626984,-0.6400628685951233,-0.8877760767936707,1.0292555093765259,0.11752120405435562,0.10716153681278229,0.13180390000343323,0.10837049782276154,0.04915356636047363,-0.10177279263734818,-0.10114575177431107,-0.1888098567724228,0.19582810997962952,-0.08327402919530869,-0.2988407611846924,-0.032259728759527206,0.05336588993668556,0.46102437376976013,0.0,0.0,0.0,0.0,0.0,0.0,0.0,-0.3231961131095886,-0.23003672063350677,-0.017908556386828423,-0.23068733513355255,-0.6639651656150818,-0.9888237714767456,1.0113424062728882,0.0029296875,0.0,0.0,0.0,-0.0009149253601208329,0.0,0.0
484,1783686185.417513,367286.053980,0.049984,0,,,4,-0.15827900171279907,0.18547913432121277,-0.10905592888593674,-0.22832541167736053,-0.059717416763305664,0.118578240275383,0.47342419624328613,-0.001675935578532517,-0.00020868724095635116,-0.0016741843428462744,-0.0002084191655740142,-0.001867559039965272,-0.00678532849997282,-5.053448603575816e-06,-0.25469592213630676,-0.22285419702529907,0.004174624104052782,-0.18371295928955078,-0.6561813950538635,-0.9147719144821167,1.0430270433425903,0.11702494323253632,0.10654382407665253,0.13120676577091217,0.10753070563077927,0.048578891903162,-0.10119812935590744,-0.10053589940071106,-0.19026707112789154,0.19582810997962952,-0.08486027270555496,-0.30205950140953064,-0.030641306191682816,0.056188784539699554,0.46652770042419434,0.0,0.0,0.0,0.0,0.0,0.0,0.0,-0.33863672614097595,-0.23480288684368134,-0.0024754733312875032,-0.21947431564331055,-0.6777811050415039,-1.0203213691711426,1.0006111860275269,0.01171875,0.005859375,0.0,0.0,-0.002145209116861224,0.0,0.0
485,1783686185.467544,367286.103997,0.050017,0,,,5,-0.1552121937274933,0.18562714755535126,-0.10613098740577698,-0.22593697905540466,-0.05906745791435242,0.11724338680505753,0.470824658870697,-0.0016722664004191756,-0.00020816075266338885,-0.0016705601010471582,-0.00020789440895896405,-0.0018677414627745748,-0.006785520818084478,-4.833069397136569e-06,-0.26660507917404175,-0.2241206169128418,0.003421828616410494,-0.18014928698539734,-0.6682807207107544,-0.9336666464805603,1.0440740585327148,0.1166984960436821,0.1061287373304367,0.13080967962741852,0.10707380622625351,0.048186078667640686,-0.1008068174123764,-0.1001276969909668,-0.19318151473999023,0.1948569267988205,-0.08486027270555496,-0.3068876266479492,-0.032259728759527206,0.0576002337038517,0.46400535106658936,0.0,0.0,0.0,0.0,0.0,0.0,0.0,-0.34828710556030273,-0.23480288684368134,0.009099339134991169,-0.18379652500152588,-0.7302817702293396,-1.0293205976486206,0.9791486263275146,0.0,0.0,0.0,0.0,0.00031535830930806696,0.0,0.0
486,1783686185.517486,367286.153983,0.049986,0,,,6,-0.15177451074123383,0.18564708530902863,-0.10542011260986328,-0.22392109036445618,-0.057986028492450714,0.1169971153140068,0.4696182310581207,-0.0016690618358552456,-0.00020767422392964363,-0.001668264507316053,-0.00020755532023031265,-0.0018686911789700389,-0.006790428888052702,-4.985708983440418e-06,-0.28946855664253235,-0.22774240374565125,0.008330258540809155,-0.16699868440628052,-0.6892388463020325,-0.9680135250091553,1.0407625436782837,0.11626439541578293,0.10557662695646286,0.13025164604187012,0.10649169981479645,0.04764465242624283,-0.10028001666069031,-0.0995672419667244,-0.1917242854833603,0.19679929316043854,-0.08803275972604752,-0.30849698185920715,-0.032259728759527206,0.06042312830686569,0.4598778486251831,0.0,0.0,0.0,0.0,0.0,0.0,0.0,-0.3540773391723633,-0.23861581087112427,0.020674152299761772,-0.15627366304397583,-0.7662032842636108,-1.0473191738128662,0.9630517363548279,0.0,0.0,0.0,0.0,-0.004195681773126125,0.0,0.0
487,1783686185.567561,367286.204003,0.050020,0,,,7,-0.15152408182621002,0.18560591340065002,-0.10527575761079788,-0.22381451725959778,-0.05744537338614464,0.11697404086589813,0.46896684169769287,-0.001666042604483664,-0.0002071690105367452,-0.0016657981323078275,-0.00020714163838420063,-0.0018693652236834168,-0.006794762797653675,-5.089470050734235e-06,-0.30031365156173706,-0.22842715680599213,0.01553378626704216,-0.15274573862552643,-0.707594096660614,-0.9850208163261414,1.0332162380218506,0.11595365405082703,0.10521610081195831,0.1298256367444992,0.10612315684556961,0.04731066897511482,-0.09994903206825256,-0.09921281784772873,-0.18443819880485535,0.1997128427028656,-0.08248090744018555,-0.3101063668727875,-0.043588683009147644,0.059011682868003845,0.46492257714271545,0.0,0.0,0.0,0.0,0.0,0.0,0.0,-0.3714480400085449,-0.2481481283903122,0.005241068545728922,-0.14302191138267517,-0.7717296481132507,-1.083316445350647,0.9469547867774963,0.0,0.005859375,0.0,0.0029296875,-0.011167289689183235,0.0,0.0
488,1783686185.617483,367286.253977,0.049974,0,,,8,-0.15136876702308655,0.18567581474781036,-0.10518967360258102,-0.2242709845304489,-0.056650351732969284,0.11686020344495773,0.4668343961238861,-0.0016644581919535995,-0.00020688904623966664,-0.001664092531427741,-0.00020684304763562977,-0.001869546715170145,-0.006799899507313967,-5.062361651653191e-06,-0.3119518756866455,-0.23085671663284302,0.030391160398721695,-0.12001196295022964,-0.7448936700820923,-1.012404203414917,1.018149495124817,0.11541096121072769,0.10459628701210022,0.1290225386619568,0.10549623519182205,0.04668234661221504,-0.09940341114997864,-0.09861106425523758,-0.1888098567724228,0.19388574361801147,-0.08961900323629379,-0.31332510709762573,-0.03549657389521599,0.06324602663516998,0.4662984013557434,0.0,0.0,0.0,0.0,0.0,0.0,0.0,-0.3791683614253998,-0.2519610524177551,0.016815882176160812,-0.10224729776382446,-0.8159407377243042,-1.1058146953582764,0.9093953967094421,0.005859375,0.01171875,0.0,0.005859375,-0.0037855871487408876,-0.0027343749534338713,-0.0027343749534338713
489,1783686185.667507,367286.303984,0.050007,0,,,9,-0.14978061616420746,0.18612508475780487,-0.10503317415714264,-0.2256988286972046,-0.05659731850028038,0.11671743541955948,0.4664170742034912,-0.001666305586695671,-0.0002071914786938578,-0.0016656940570101142,-0.00020710323587991297,-0.001869337516836822,-0.006802548188716173,-5.014718681195518e-06,-0.3193206191062927,-0.23545263707637787,0.0336172990500927,-0.09843982011079788,-0.7673560380935669,-1.0350295305252075,1.0077004432678223,0.11507828533649445,0.10420742630958557,0.1286286860704422,0.10509318113327026,0.045933641493320465,-0.09905119985342026,-0.09821365773677826,-0.1917242854833603,0.19679929316043854,-0.08803275972604752,-0.3068876266479492,-0.0338781513273716,0.06183457747101784,0.46859145164489746,0.0,0.0,0.0,0.0,0.0,0.0,0.0,-0.3791683614253998,-0.25482073426246643,0.04768205061554909,-0.08287935703992844,-0.8767310380935669,-1.1283129453659058,0.9040297269821167,0.0,0.0,0.0,0.0,0.00113554741255939,0.0,0.0
490,1783686185.717504,367286.353982,0.049998,0,,,10,-0.14850541949272156,0.18608561158180237,-0.10497729480266571,-0.22618448734283447,-0.05627663433551788,0.11687497794628143,0.4662962853908539,-0.0016609897138550878,-0.00020632377709262073,-0.0016605962300673127,-0.00020627089543268085,-0.0018698100466281176,-0.006810829043388367,-5.259727004158776e-06,-0.3305099606513977,-0.2427729070186615,0.03545399382710457,-0.06640078872442245,-0.8020707368850708,-1.0631685256958008,0.9842633605003357,0.11462558805942535,0.10369715839624405,0.1280570775270462,0.10455169528722763,0.04527120664715767,-0.09856506437063217,-0.09767737984657288,-0.1888098567724228,0.19291454553604126,-0.09517084807157516,-0.30849698185920715,-0.032259728759527206,0.06465747207403183,0.46675699949264526,0.0,0.0,0.0,0.0,0.0,0.0,0.0,-0.41197967529296875,-0.265306293964386,0.0515403188765049,-0.08287935703992844,-0.9154157042503357,-1.123813271522522,0.8557390570640564,0.0,0.0,0.0,0.0,-0.005425965413451195,0.0,0.0
491,1783686185.767500,367286.403982,0.050000,0,,,11,-0.14853470027446747,0.1860925257205963,-0.10497339069843292,-0.22624175250530243,-0.05590489134192467,0.11695598065853119,0.46631547808647156,-0.0016572076128795743,-0.0002057046804111451,-0.0016567707061767578,-0.00020564628357533365,-0.0018700145883485675,-0.006815810222178698,-5.316936039889697e-06,-0.3356824815273285,-0.24719497561454773,0.044919226318597794,-0.04849715903401375,-0.8321208953857422,-1.0790480375289917,0.9701712131500244,0.11431846022605896,0.10334920138120651,0.12760373950004578,0.104194775223732,0.044954363256692886,-0.09825269132852554,-0.09733395278453827,-0.1917242854833603,0.19388574361801147,-0.09199836850166321,-0.30849698185920715,-0.032259728759527206,0.06042312830686569,0.4699673056602478,0.0,0.0,0.0,0.0,0.0,0.0,0.0,-0.4196999967098236,-0.2719789147377014,0.06697340309619904,-0.04312410578131676,-0.9596267938613892,-1.1328125,0.8020827174186707,0.0,0.0,0.0,0.0,-0.005015871021896601,0.0,0.0
492,1783686185.817510,367286.453989,0.050007,0,,,12,-0.14864878356456757,0.18574585020542145,-0.10539161413908005,-0.2264423370361328,-0.05513673648238182,0.11705288290977478,0.46631279587745667,-0.0016508783446624875,-0.00020467843569349498,-0.0016503805527463555,-0.00020460522500798106,-0.0018698879284784198,-0.006819890812039375,-5.1061742851743475e-06,-0.3513261377811432,-0.25561174750328064,0.06936285644769669,-0.024367820471525192,-0.8881759643554688,-1.1008849143981934,0.9387902617454529,0.11383765935897827,0.10274612158536911,0.1270342916250229,0.1035856232047081,0.044380322098731995,-0.09772226959466934,-0.09674377739429474,-0.18735264241695404,0.19582810997962952,-0.10072270035743713,-0.31332510709762573,-0.03711499646306038,0.06889181584119797,0.4672156274318695,0.0,0.0,0.0,0.0,0.0,0.0,0.0,-0.415839821100235,-0.2776983082294464,0.07083167135715485,-0.033440135419368744,-1.0204170942306519,-1.1283129453659058,0.759157657623291,0.0,0.0,0.0,0.0,-0.002965398132801056,0.0,0.0
493,1783686185.867504,367286.503988,0.050000,0,,,13,-0.14869403839111328,0.1853470653295517,-0.10629813373088837,-0.22644619643688202,-0.05476728081703186,0.11714978516101837,0.46631747484207153,-0.0016519975615665317,-0.00020484063134063035,-0.0016516449395567179,-0.000204792435397394,-0.0018702629022300243,-0.006824702024459839,-5.219773356657242e-06,-0.36260709166526794,-0.2600986957550049,0.08021877706050873,-0.008195754140615463,-0.9195337891578674,-1.1103134155273438,0.9109095335006714,0.11354314535856247,0.1023935079574585,0.12669526040554047,0.10323032736778259,0.04403755068778992,-0.09741964936256409,-0.09640204161405563,-0.19026707112789154,0.19582810997962952,-0.10310206562280655,-0.31976261734962463,-0.032259728759527206,0.06465747207403183,0.4690500795841217,0.0,0.0,0.0,0.0,0.0,0.0,0.0,-0.41197967529296875,-0.2834177017211914,0.08240649104118347,-0.01024957187473774,-1.0646281242370605,-1.1418118476867676,0.7430607676506042,0.0,0.005859375,0.0,0.0,-0.0017351144924759865,0.0,0.0
494,1783686185.917482,367286.553980,0.049992,0,,,14,-0.14848074316978455,0.18531601130962372,-0.1098838746547699,-0.22738569974899292,-0.05440393090248108,0.11792486160993576,0.46631544828414917,-0.001648839097470045,-0.00020429198048077524,-0.0016485704109072685,-0.00020425756520126015,-0.0018706044647842646,-0.006831243634223938,-5.214285010879394e-06,-0.370294988155365,-0.26667094230651855,0.09138011187314987,0.012275327928364277,-0.9770164489746094,-1.1195614337921143,0.8609197735786438,0.11301358044147491,0.10178964585065842,0.12608091533184052,0.10261936485767365,0.04347329959273338,-0.09691733866930008,-0.09582176804542542,-0.19318151473999023,0.1948569267988205,-0.10389518737792969,-0.316543847322464,-0.0338781513273716,0.06465747207403183,0.46492257714271545,0.0,0.0,0.0,0.0,0.0,0.0,0.0,-0.415839821100235,-0.29009032249450684,0.09012302756309509,0.005805433262139559,-1.114365577697754,-1.1463115215301514,0.694770097732544,0.0,0.0,0.0,0.0,-0.0005048307939432561,0.0,0.0
495,1783686185.967534,367286.603993,0.050013,0,,,15,-0.14840060472488403,0.1853586882352829,-0.11266201734542847,-0.229610413312912,-0.05407317727804184,0.11826970428228378,0.4663453996181488,-0.0016449902905151248,-0.0002036465739365667,-0.0016452429117634892,-0.00020369782578200102,-0.0018710893345996737,-0.006837428081780672,-5.341601536201779e-06,-0.37096264958381653,-0.27106326818466187,0.0977230817079544,0.027123983949422836,-1.0136210918426514,-1.1261786222457886,0.8295884728431702,0.1126767173409462,0.10140714794397354,0.12445187568664551,0.10221689939498901,0.04311395809054375,-0.09657891094684601,-0.09543578326702118,-0.19318151473999023,0.19388574361801147,-0.1102401614189148,-0.316543847322464,-0.032259728759527206,0.06606891751289368,0.4653811752796173,0.0,0.0,0.0,0.0,0.0,0.0,0.0,-0.41004958748817444,-0.29580971598625183,0.0939813032746315,-0.004897903185337782,-1.1088392734527588,-1.1283129453659058,0.6894044280052185,0.0,0.0,0.0,0.0,-0.004605776164680719,0.0,0.0
496,1783686186.095295,367286.731761,0.127768,1,16,0.077547,0,-0.1492074728012085,0.18534646928310394,-0.11555113643407822,-0.23087942600250244,-0.05363170802593231,0.11848632991313934,0.4661882519721985,-0.0016418778104707599,-0.00020311374100856483,-0.0016419125022366643,-0.00020313289132900536,-0.0018714808393269777,-0.006845609750598669,-5.395054813561728e-06,-0.37405553460121155,-0.27498066425323486,0.10437903553247452,0.035316869616508484,-1.0509361028671265,-1.1349506378173828,0.7781006097793579,0.1122448742389679,0.10087354481220245,0.1091710776090622,0.10166969150304794,0.04263211786746979,-0.09611869603395462,-0.09490793943405151,-0.1800665408372879,0.19388574361801147,-0.11420577019453049,-0.3245907127857208,-0.025786040350794792,0.06324602663516998,0.46492257714271545,0.0,0.0,0.0,0.0,0.0,0.0,0.0,-0.37723827362060547,-0.29295000433921814,0.08626475930213928,-0.03802727907896042,-0.9762059450149536,-1.092315673828125,0.75110924243927,0.943359375,1.4501953125,0.9861935973167419,1.46484375,0.01138791162520647,-0.6712890267372131,-0.6712890267372131
497,1783686186.095555,367286.732094,0.000333,0,,,1,-0.1500345766544342,0.18529357016086578,-0.11834491789340973,-0.23132091760635376,-0.053317584097385406,0.11861412972211838,0.46605634689331055,-0.0016402825713157654,-0.00020284227502997965,-0.0016403872286900878,-0.00020287162624299526,-0.0018715491751208901,-0.006848732475191355,-5.286278337734984e-06,-0.3744564652442932,-0.2784588634967804,0.10897515714168549,0.0360717810690403,-1.0694690942764282,-1.135790228843689,0.7553443908691406,0.11194454878568649,0.1005256325006485,0.09981652349233627,0.1013190820813179,0.042312439531087875,-0.09583144634962082,-0.09457464516162872,-0.1800665408372879,0.19194336235523224,-0.11261952668428421,-0.31976261734962463,-0.029022883623838425,0.06465747207403183,0.46400535106658936,0.0,0.0,0.0,0.0,0.0,0.0,0.0,-0.3656578063964844,-0.30248233675956726,0.10362698137760162,-0.01356250885874033,-1.0093642473220825,-1.1013150215148926,0.7269638776779175,1.0078125,1.5,1.01474130153656,1.5,0.001545641920529306,-0.699999988079071,-0.699999988079071
498,1783686186.117624,367286.754105,0.022011,0,,,2,-0.1504514366388321,0.18518085777759552,-0.12190014123916626,-0.2322104126214981,-0.05281199887394905,0.11876838654279709,0.46582990884780884,-0.0016411973629146814,-0.00020296174625400454,-0.001641092007048428,-0.00020295473223086447,-0.0018714278703555465,-0.006858100648969412,-5.4468746384372935e-06,-0.37436380982398987,-0.28153276443481445,0.11278987675905228,0.03634173423051834,-1.0890613794326782,-1.1357532739639282,0.7327191233634949,0.1114385575056076,0.0999332070350647,0.08649855107069016,0.10072221606969833,0.0417560450732708,-0.09533487260341644,-0.09400493651628494,-0.1800665408372879,0.19388574361801147,-0.10865391790866852,-0.31976261734962463,-0.025786040350794792,0.06606891751289368,0.4653811752796173,0.0,0.0,0.0,0.0,0.0,0.0,0.0,-0.3560074269771576,-0.30438879132270813,0.10169783979654312,-0.01955128088593483,-1.0314698219299316,-1.092315673828125,0.6974529027938843,1.00341796875,1.5,0.9965745806694031,1.5,0.00113554741255939,-0.6986327767372131,-0.6986327767372131
499,1783686186.167645,367286.804105,0.050000,0,,,3,-0.1492583006620407,0.18468552827835083,-0.12470883131027222,-0.23323386907577515,-0.05241253972053528,0.11887206882238388,0.46551045775413513,-0.0016470461850985885,-0.00020389641576912254,-0.0016471492126584053,-0.00020391865109559149,-0.0018714660545811057,-0.0068615456111729145,-5.367100129660685e-06,-0.3667760193347931,-0.2831384539604187,0.11361551284790039,0.03509015962481499,-1.086641550064087,-1.1281189918518066,0.7263911962509155,0.1275024563074112,0.12635919451713562,0.09459700435400009,0.1271672248840332,0.04145319387316704,-0.10420019179582596,-0.10257508605718613,-0.1829809844493866,0.19388574361801147,-0.1102401614189148,-0.3229813575744629,-0.027404461055994034,0.06606891751289368,0.4720310568809509,0.0,0.0,0.0,0.0,0.0,0.0,0.0,-0.35021719336509705,-0.30820173025131226,0.09783957153558731,-0.020188383758068085,-1.025943398475647,-1.0968153476715088,0.7108669877052307,0.9990234375,1.5,1.006955623626709,1.5,-0.002145209116861224,-0.699999988079071,-0.699999988079071
500,1783686186.217515,367286.854015,0.049910,0,,,4,-0.14366425573825836,0.18423843383789062,-0.12646304070949554,-0.2355208843946457,-0.051529038697481155,0.11897345632314682,0.4651987850666046,-0.0016568094724789262,-0.00020541055710054934,-0.001655742060393095,-0.00020525004947558045,-0.0018712517339736223,-0.006876942235976458,-5.881586275791051e-06,-0.34478500485420227,-0.28446871042251587,0.11394572257995605,0.02543509751558304,-1.0678397417068481,-1.1078311204910278,0.7137082815170288,0.230106920003891,0.3039242923259735,0.19650234282016754,0.304874062538147,0.0409676618874073,-0.1764145940542221,-0.1739652007818222,-0.1858954131603241,0.19291454553604126,-0.11341264843940735,-0.3229813575744629,-0.0241676177829504,0.06465747207403183,0.4672156274318695,0.0,0.0,0.0,0.0,0.0,0.0,0.0,-0.35021719336509705,-0.3091549575328827,0.10362698137760162,-0.029872355982661247,-1.0204170942306519,-1.0698174238204956,0.713549792766571,1.0107421875,1.5,1.0121461153030396,1.5,-0.002555303508415818,-0.699999988079071,-0.699999988079071
501,1783686186.267638,367286.904101,0.050085,0,,,5,-0.14250469207763672,0.18424785137176514,-0.12650184333324432,-0.23582111299037933,-0.05103074386715889,0.11915327608585358,0.46536529064178467,-0.001653673010878265,-0.00020486499124672264,-0.0016528995474800467,-0.00020475275232456625,-0.0018716045888140798,-0.0068855322897434235,-5.972818598820595e-06,-0.3371279239654541,-0.28650397062301636,0.11394405364990234,0.019320640712976456,-1.0594249963760376,-1.101325273513794,0.7085171937942505,0.29197439551353455,0.4432861804962158,0.2769434452056885,0.4446554183959961,0.03893224522471428,-0.2202025204896927,-0.22908349335193634,-0.1888098567724228,0.19291454553604126,-0.11817137897014618,-0.3229813575744629,-0.030641306191682816,0.06465747207403183,0.4708845317363739,0.0,0.0,0.0,0.0,0.0,0.0,0.0,-0.33670663833618164,-0.31344449520111084,0.07854821532964706,-0.040066007524728775,-0.9983115196228027,-1.0563185214996338,0.7001357078552246,0.99609375,1.5,1.01474130153656,1.5,0.004006209317594767,-0.699999988079071,-0.699999988079071
502,1783686186.317651,367286.954133,0.050033,0,,,6,-0.142745703458786,0.18423089385032654,-0.12696805596351624,-0.23682311177253723,-0.05012254789471626,0.11934889107942581,0.4655340015888214,-0.0016472323331981897,-0.00020377387409098446,-0.001647238153964281,-0.00020378503540996462,-0.001872120425105095,-0.0068967873230576515,-5.850433353771223e-06,-0.3293704390525818,-0.2910069525241852,0.11392456293106079,0.0109340138733387,-1.047104835510254,-1.087920904159546,0.7065948247909546,0.3665328919887543,0.6629431843757629,0.35508066415786743,0.6694022417068481,0.028169747442007065,-0.21626931428909302,-0.31682124733924866,-0.18735264241695404,0.1900009959936142,-0.12134386599063873,-0.3229813575744629,-0.025786040350794792,0.06465747207403183,0.4699673056602478,0.0,0.0,0.0,0.0,0.0,0.0,0.0,-0.32898634672164917,-0.312014639377594,0.06697340309619904,-0.035988546907901764,-0.9872587323188782,-1.0473191738128662,0.7162325978279114,0.99755859375,1.5,0.9991698265075684,1.4970703125,-0.002965398132801056,-0.699999988079071,-0.699999988079071
503,1783686186.367632,367287.004093,0.049960,0,,,7,-0.14387068152427673,0.18419446051120758,-0.12823373079299927,-0.23769426345825195,-0.04979507625102997,0.11939538270235062,0.4656669497489929,-0.0016443980857729912,-0.00020329045946709812,-0.0016446765512228012,-0.00020334339933469892,-0.0018722416134551167,-0.006902779918164015,-5.781451363873202e-06,-0.3221057057380676,-0.29318031668663025,0.11073505878448486,0.0062414431013166904,-1.0390251874923706,-1.0796271562576294,0.7056604027748108,0.4012225866317749,0.7696877121925354,0.3826442360877991,0.781019389629364,0.02281133271753788,-0.203878253698349,-0.3573070168495178,-0.18443819880485535,0.1900009959936142,-0.12134386599063873,-0.32620009779930115,-0.025786040350794792,0.06748037040233612,0.47042590379714966,0.0,0.0,0.0,0.0,0.0,0.0,0.0,-0.3174058794975281,-0.306295245885849,0.05539859086275101,-0.07166633754968643,-0.9319948554039001,-0.9843240976333618,0.7323294878005981,1.00634765625,1.5,1.006955623626709,1.5,-0.002965398132801056,-0.699999988079071,-0.699999988079071
504,1783686186.417674,367287.054146,0.050052,0,,,8,-0.14466841518878937,0.1837194412946701,-0.13081364333629608,-0.2390293926000595,-0.04907400161027908,0.11940304189920425,0.46591752767562866,-0.0016385152703151107,-0.00020231034432072192,-0.0016385680064558983,-0.00020232288807164878,-0.0018720761872828007,-0.0069107720628380775,-5.580062406806974e-06,-0.3092181384563446,-0.294005811214447,0.10153958946466446,0.0016952649457380176,-1.0222054719924927,-1.0656300783157349,0.7075702548027039,0.44920021295547485,0.9172985553741455,0.4186971187591553,0.9369281530380249,0.015907099470496178,-0.17959418892860413,-0.4002125859260559,-0.1829809844493866,0.19291454553604126,-0.12134386599063873,-0.3229813575744629,-0.029022883623838425,0.06606891751289368,0.46859145164489746,0.0,0.0,0.0,0.0,0.0,0.0,0.0,-0.31161564588546753,-0.29580971598625183,0.0515403188765049,-0.09307301044464111,-0.8794941902160645,-0.9618258476257324,0.7537920475006104,1.013671875,1.5,1.0095508098602295,1.5,-0.002965398132801056,-0.699999988079071,-0.699999988079071
505,1783686186.467528,367287.104017,0.049872,0,,,9,-0.14464019238948822,0.18334557116031647,-0.13247080147266388,-0.2401571422815323,-0.04863731935620308,0.11951426416635513,0.46601778268814087,-0.001637867884710431,-0.00020218211284372956,-0.0016377343563362956,-0.00020216513075865805,-0.0018720581429079175,-0.0069170547649264336,-5.647598300129175e-06,-0.298861026763916,-0.29397156834602356,0.09662149101495743,-0.006897388957440853,-1.0082529783248901,-1.0459259748458862,0.7169087529182434,0.4673830270767212,0.9774988293647766,0.4371022582054138,1.0096296072006226,0.01168808899819851,-0.16465754806995392,-0.4139748513698578,-0.18443819880485535,0.19194336235523224,-0.11975762248039246,-0.3229813575744629,-0.029022883623838425,0.06606891751289368,0.46859145164489746,0.0,0.0,0.0,0.0,0.0,0.0,0.0,-0.3077555000782013,-0.28723061084747314,0.020674152299761772,-0.1200861930847168,-0.8269935250282288,-0.934827983379364,0.7940343022346497,1.0078125,1.5,1.0095508098602295,1.5,-0.0013250198680907488,-0.699999988079071,-0.699999988079071
506,1783686186.517761,367287.154151,0.050134,0,,,10,-0.14446032047271729,0.18335485458374023,-0.13307064771652222,-0.24095699191093445,-0.04810568317770958,0.11959221214056015,0.4661315679550171,-0.0016341458540409803,-0.00020155483798589557,-0.001633287756703794,-0.00020142027642577887,-0.0018717346247285604,-0.00692772027105093,-5.672324277838925e-06,-0.2816990613937378,-0.291076123714447,0.08655466139316559,-0.02042020484805107,-0.9771484136581421,-1.0104715824127197,0.7447171211242676,0.4914068281650543,1.0531933307647705,0.44507306814193726,1.0692222118377686,0.004337203223258257,-0.14210759103298187,-0.4278714954853058,-0.1858954131603241,0.19097217917442322,-0.11896450072526932,-0.3245907127857208,-0.027404461055994034,0.06324602663516998,0.4644639492034912,0.0,0.0,0.0,0.0,0.0,0.0,0.0,-0.30003517866134644,-0.2805579900741577,-0.010192015208303928,-0.15933175384998322,-0.7523873448371887,-0.8943310976028442,0.8262280821800232,1.01220703125,1.5,1.0017651319503784,1.5,-0.0037855871487408876,-0.699999988079071,-0.699999988079071
507,1783686186.567673,367287.204063,0.049912,0,,,11,-0.14443156123161316,0.18338769674301147,-0.1331683248281479,-0.24111425876617432,-0.04786665365099907,0.11962661147117615,0.4661710858345032,-0.0016309827333316207,-0.00020103793940506876,-0.001629861886613071,-0.00020085982396267354,-0.0018715910846367478,-0.006931856274604797,-5.552973107114667e-06,-0.27137482166290283,-0.2867780327796936,0.07690253853797913,-0.029205724596977234,-0.9537340998649597,-0.9911532998085022,0.7694262862205505,0.5060938000679016,1.0906625986099243,0.4473293721675873,1.0795403718948364,0.0005233762785792351,-0.13651642203330994,-0.43217983841896057,-0.1858954131603241,0.19291454553604126,-0.11817137897014618,-0.3229813575744629,-0.029022883623838425,0.06465747207403183,0.4635467231273651,0.0,0.0,0.0,0.0,0.0,0.0,0.0,-0.31161564588546753,-0.2681660056114197,-0.02176682837307453,-0.18583525717258453,-0.7164658308029175,-0.862833559513092,0.8530562520027161,1.00634765625,1.5,1.004360318183899,1.5,-0.0013250198680907488,-0.699999988079071,-0.699999988079071
508,1783686186.617683,367287.254115,0.050052,0,,,12,-0.14446650445461273,0.18338215351104736,-0.1332077831029892,-0.24134089052677155,-0.047443877905607224,0.1196104884147644,0.46604859828948975,-0.0016235256334766746,-0.00019982219964731485,-0.0016222691629081964,-0.00019962075748480856,-0.0018716007471084595,-0.006937455385923386,-5.380893071560422e-06,-0.2564484775066376,-0.27961108088493347,0.05324935540556908,-0.052899185568094254,-0.9059001803398132,-0.9557697176933289,0.8139868974685669,0.534041702747345,1.1420466899871826,0.4536192715167999,1.0855143070220947,-0.004668664652854204,-0.13379192352294922,-0.4339628219604492,-0.1888098567724228,0.19291454553604126,-0.10944703966379166,-0.3229813575744629,-0.025786040350794792,0.06324602663516998,0.45941922068595886,0.0,0.0,0.0,0.0,0.0,0.0,0.0,-0.30196526646614075,-0.259586900472641,-0.03719991073012352,-0.2439390867948532,-0.6418595910072327,-0.7975886464118958,0.8879328370094299,1.013671875,1.5,1.004360318183899,1.5,-0.0037855871487408876,-0.699999988079071,-0.699999988079071
509,1783686186.667846,367287.304235,0.050120,0,,,13,-0.1444820612668991,0.18345840275287628,-0.13318070769309998,-0.24128718674182892,-0.04723772034049034,0.1197391003370285,0.4658377170562744,-0.001616898225620389,-0.0001987424911931157,-0.0016158227808773518,-0.00019857246661558747,-0.001872141263447702,-0.006941094994544983,-5.2935110943508334e-06,-0.2546769678592682,-0.27373912930488586,0.03543471172451973,-0.07281892001628876,-0.8717593550682068,-0.9274508357048035,0.8441483974456787,0.5536063313484192,1.1700910329818726,0.4598678946495056,1.088072657585144,-0.008453109301626682,-0.13019102811813354,-0.43415093421936035,-0.1858954131603241,0.19194336235523224,-0.10786079615354538,-0.3229813575744629,-0.027404461055994034,0.06042312830686569,0.4571261703968048,0.0,0.0,0.0,0.0,0.0,0.0,0.0,-0.31354570388793945,-0.2519610524177551,-0.05263299494981766,-0.27044257521629333,-0.5506742000579834,-0.712095320224762,0.898664116859436,1.01220703125,1.5,0.9965745806694031,1.4970703125,-0.0070663439109921455,-0.699999988079071,-0.6986327767372131
510,1783686186.717824,367287.354250,0.050014,0,,,14,-0.14499476552009583,0.1835089474916458,-0.13237230479717255,-0.24114705622196198,-0.04684114456176758,0.11988800764083862,0.4641086757183075,-0.0016198641387745738,-0.00019920739578083158,-0.0016189354937523603,-0.00019906816305592656,-0.001873041968792677,-0.006948316935449839,-5.350055744202109e-06,-0.25265783071517944,-0.263782799243927,0.010549850761890411,-0.12221968919038773,-0.8069316744804382,-0.8681141138076782,0.8880029320716858,0.573264479637146,1.190567135810852,0.47063523530960083,1.0954675674438477,-0.009915865957736969,-0.11674772948026657,-0.43395915627479553,-0.1858954131603241,0.19388574361801147,-0.10865391790866852,-0.316543847322464,-0.027404461055994034,0.06324602663516998,0.4681328535079956,0.0,0.0,0.0,0.0,0.0,0.0,0.0,-0.3193359375,-0.24624165892601013,-0.0719243511557579,-0.32956579327583313,-0.5299502611160278,-0.6783479452133179,0.9415891766548157,1.0048828125,1.5,1.006955623626709,1.5,0.001955736428499222,-0.699999988079071,-0.699999988079071
511,1783686186.767787,367287.404159,0.049910,0,,,15,-0.1451054811477661,0.18350960314273834,-0.13116177916526794,-0.2410813570022583,-0.04662486910820007,0.11985515058040619,0.46310722827911377,-0.0016206263098865747,-0.0001993374462472275,-0.0016198366647586226,-0.00019922296633012593,-0.0018734501209110022,-0.006950094364583492,-5.190352567296941e-06,-0.2550542652606964,-0.25748947262763977,-0.002275769831612706,-0.1515067219734192,-0.7580735683441162,-0.8253874182701111,0.9074966311454773,0.5854151248931885,1.1992019414901733,0.4762175679206848,1.1001042127609253,-0.010578018613159657,-0.11124413460493088,-0.43389180302619934,-0.1829809844493866,0.19388574361801147,-0.10706767439842224,-0.3117157518863678,-0.0241676177829504,0.06183457747101784,0.4644639492034912,0.0,0.0,0.0,0.0,0.0,0.0,0.0,-0.33670663833618164,-0.24910135567188263,-0.1105070635676384,-0.3866502344608307,-0.44014647603034973,-0.5816054940223694,0.9415891766548157,1.0048828125,1.4970703125,1.0017651319503784,1.5,-0.0005048307939432561,-0.699999988079071,-0.6986327767372131
512,1783686186.894294,367287.530694,0.126534,1,16,0.076534,0,-0.14527611434459686,0.1835702508687973,-0.13068987429141998,-0.24074773490428925,-0.04628954827785492,0.11977824568748474,0.4629712998867035,-0.00162467360496521,-0.00019999122014269233,-0.0016236569499596953,-0.0001998424413613975,-0.0018736622296273708,-0.006952246651053429,-5.019537638872862e-06,-0.2636916935443878,-0.24868158996105194,-0.024132568389177322,-0.2076553851366043,-0.6905066967010498,-0.7607775330543518,0.9391682147979736,0.6007533073425293,1.2093756198883057,0.47961243987083435,1.105310320854187,-0.011379637755453587,-0.10297958552837372,-0.4337940514087677,-0.1800665408372879,0.1900009959936142,-0.12451634556055069,-0.3068876266479492,-0.029022883623838425,0.06324602663516998,0.46744492650032043,0.0,0.0,0.0,0.0,0.0,0.0,0.0,-0.24406293034553528,-0.2567272186279297,-0.14523150026798248,-0.37849530577659607,-0.528568685054779,-0.7143451571464539,0.9737829566001892,1.00634765625,1.5,1.004360318183899,1.5,0.003186020301654935,-0.699999988079071,-0.699999988079071
513,1783686186.894709,367287.531163,0.000470,0,,,1,-0.14527516067028046,0.18364356458187103,-0.1303183138370514,-0.23933008313179016,-0.045903753489255905,0.11964981257915497,0.4629446566104889,-0.0016275076195597649,-0.00020043131371494383,-0.0016262286808341742,-0.00020023895194754004,-0.0018735380144789815,-0.006954200100153685,-4.970315785612911e-06,-0.27322787046432495,-0.24608035385608673,-0.04417702183127403,-0.2530747056007385,-0.6372427344322205,-0.7082359194755554,0.9578069448471069,0.6094905138015747,1.2151095867156982,0.48302000761032104,1.1090495586395264,-0.011707252822816372,-0.09844181686639786,-0.43368297815322876,-0.1800665408372879,0.1900009959936142,-0.12134386599063873,-0.30205950140953064,-0.032259728759527206,0.059011682868003845,0.4662984013557434,0.0,0.0,0.0,0.0,0.0,0.0,0.0,-0.26336368918418884,-0.2633998394012451,-0.16066458821296692,-0.37849530577659607,-0.4898839592933655,-0.6940966844558716,0.9952455163002014,1.0048828125,1.5,1.004360318183899,1.5,0.001955736428499222,-0.6986327767372131,-0.699999988079071
514,1783686186.917745,367287.554133,0.022970,0,,,2,-0.14460907876491547,0.18374627828598022,-0.1297994703054428,-0.23505401611328125,-0.045406706631183624,0.11966297030448914,0.46286070346832275,-0.0016293488442897797,-0.00020070657774340361,-0.00162860460113734,-0.00020060026145074517,-0.0018742191605269909,-0.006957487668842077,-4.966153937857598e-06,-0.28828921914100647,-0.24549289047718048,-0.07221437245607376,-0.2975412607192993,-0.5764051675796509,-0.6536020636558533,0.9659908413887024,0.6206924915313721,1.223752737045288,0.4870189130306244,1.1153290271759033,-0.012086338363587856,-0.09504295885562897,-0.43354305624961853,-0.1829809844493866,0.1900009959936142,-0.12293010950088501,-0.3004501461982727,-0.032259728759527206,0.05195444077253342,0.46767422556877136,0.0,0.0,0.0,0.0,0.0,0.0,0.0,-0.2826644778251648,-0.2738853693008423,-0.17609766125679016,-0.4029600918292999,-0.42080414295196533,-0.6333514451980591,0.9898799061775208,1.001953125,1.5,1.0121461153030396,1.5,-0.002145209116861224,-0.699999988079071,-0.699999988079071
515,1783686186.967730,367287.604126,0.049993,0,,,3,-0.1444464921951294,0.18299433588981628,-0.13236451148986816,-0.23168405890464783,-0.0453164204955101,0.1196151003241539,0.4627074599266052,-0.001640624483115971,-0.00020251944079063833,-0.0016410454409196973,-0.00020259471784811467,-0.0018747822614386678,-0.006958842743188143,-4.9217132982448675e-06,-0.28097233176231384,-0.24547557532787323,-0.09487344324588776,-0.3176841735839844,-0.5515291690826416,-0.6466631889343262,0.9709873795509338,0.6271498799324036,1.2303619384765625,0.4874010682106018,1.1187148094177246,-0.012327352538704872,-0.09420011192560196,-0.4335249662399292,-0.1858954131603241,0.1900009959936142,-0.12768884003162384,-0.2988407611846924,-0.0338781513273716,0.056188784539699554,0.46859145164489746,0.0,0.0,0.0,0.0,0.0,0.0,0.0,-0.2923148572444916,-0.28246447443962097,-0.1953890174627304,-0.4172312021255493,-0.40146178007125854,-0.5928546190261841,0.9952455163002014,1.00341796875,1.5,1.0095508098602295,1.5,0.003186020301654935,-0.6986327767372131,-0.699999988079071
516,1783686187.017761,367287.654169,0.050044,0,,,4,-0.14336496591567993,0.18278543651103973,-0.13323348760604858,-0.22985926270484924,-0.04541613906621933,0.1167864054441452,0.46319445967674255,-0.0016307404730468988,-0.00020087727170903236,-0.0016310281353071332,-0.0002009334712056443,-0.0018741254461929202,-0.006961836479604244,-4.864891252509551e-06,-0.25349724292755127,-0.2556237280368805,-0.12272685766220093,-0.32858502864837646,-0.5246055722236633,-0.6470310688018799,0.9956881999969482,0.6384438276290894,1.2412362098693848,0.48855942487716675,1.1233667135238647,-0.012538459151983261,-0.09262461960315704,-0.43343913555145264,-0.18443819880485535,0.1900009959936142,-0.12610259652137756,-0.3004501461982727,-0.032259728759527206,0.05336588993668556,0.4672156274318695,0.0,0.0,0.0,0.0,0.0,0.0,0.0,-0.2942449450492859,-0.29104354977607727,-0.20696383714675903,-0.435579776763916,-0.35310590267181396,-0.5411086082458496,0.9898799061775208,1.0048828125,1.5,1.0017651319503784,1.5,-0.0009149253601208329,-0.699999988079071,-0.699999988079071
517,1783686187.067832,367287.704172,0.050003,0,,,5,-0.1438719779253006,0.18277977406978607,-0.13383758068084717,-0.22877785563468933,-0.045501139014959335,0.115420401096344,0.46351391077041626,-0.0016202036058530211,-0.00019915543089155108,-0.0016195198986679316,-0.0001990502350963652,-0.0018735729390755296,-0.006961071398109198,-4.68283042209805e-06,-0.246174156665802,-0.2641545534133911,-0.13853608071804047,-0.3313520848751068,-0.5076181292533875,-0.6327620148658752,1.012488842010498,0.6466814875602722,1.24592924118042,0.49080514907836914,1.1253036260604858,-0.012656585313379765,-0.0910719484090805,-0.43335840106010437,-0.18152375519275665,0.1900009959936142,-0.12451634556055069,-0.29240328073501587,-0.032259728759527206,0.05195444077253342,0.46400535106658936,0.0,0.0,0.0,0.0,0.0,0.0,0.0,-0.3231961131095886,-0.30438879132270813,-0.22239691019058228,-0.45188963413238525,-0.32132917642593384,-0.5006117820739746,0.9845142364501953,1.0107421875,1.5,1.0017651319503784,1.4970703125,0.0007254528463818133,-0.699999988079071,-0.699999988079071
518,1783686187.117789,367287.754207,0.050035,0,,,6,-0.14400607347488403,0.18266968429088593,-0.13637350499629974,-0.2250741422176361,-0.045708347111940384,0.11481519788503647,0.4636802077293396,-0.0016168201109394431,-0.00019859947497025132,-0.0016154390759766102,-0.00019838075968436897,-0.001873574685305357,-0.006964842323213816,-4.887710929324385e-06,-0.2441115379333496,-0.2770145535469055,-0.1633346974849701,-0.3409889340400696,-0.4737783372402191,-0.5914823412895203,1.0304478406906128,0.6627281904220581,1.2540043592453003,0.4955214560031891,1.1282752752304077,-0.01282284315675497,-0.08630825579166412,-0.4330751597881317,-0.18443819880485535,0.1900009959936142,-0.1348269283771515,-0.30205950140953064,-0.030641306191682816,0.059011682868003845,0.4644639492034912,0.0,0.0,0.0,0.0,0.0,0.0,0.0,-0.3309164047241211,-0.3158275783061981,-0.24554654955863953,-0.4498508870601654,-0.30613160133361816,-0.4623647630214691,0.9737829566001892,1.013671875,1.5,1.0173366069793701,1.5,0.00031535830930806696,-0.699999988079071,-0.699999988079071
519,1783686187.167714,367287.804125,0.049918,0,,,7,-0.1438799351453781,0.18259303271770477,-0.136973574757576,-0.22157730162143707,-0.045804549008607864,0.11425714194774628,0.4636229872703552,-0.0016171794850379229,-0.0001986493734875694,-0.0016153138130903244,-0.00019835474085994065,-0.0018736966885626316,-0.006967087741941214,-4.902551154373214e-06,-0.2521764039993286,-0.2850603461265564,-0.17460142076015472,-0.3501143157482147,-0.4512871503829956,-0.5636276602745056,1.0358928442001343,0.6736128330230713,1.2595099210739136,0.4988701045513153,1.1301523447036743,-0.01293271966278553,-0.08282089233398438,-0.432859867811203,-0.1858954131603241,0.1900009959936142,-0.13165444135665894,-0.30205950140953064,-0.032259728759527206,0.0576002337038517,0.4653811752796173,0.0,0.0,0.0,0.0,0.0,0.0,0.0,-0.3579375147819519,-0.33155590295791626,-0.25712135434150696,-0.4641219973564148,-0.26813769340515137,-0.393745094537735,0.9308578968048096,1.0107421875,1.5,1.01474130153656,1.5,0.0023658310528844595,-0.699999988079071,-0.699999988079071
520,1783686187.217758,367287.854173,0.050048,0,,,8,-0.14357808232307434,0.18246574699878693,-0.14220623672008514,-0.2188643515110016,-0.04597761109471321,0.11461030691862106,0.46351751685142517,-0.0016152032185345888,-0.00019831112877000123,-0.001614889595657587,-0.00019826798234134912,-0.0018750259187072515,-0.006966978777199984,-4.756394446303602e-06,-0.27237072587013245,-0.29834800958633423,-0.19678859412670135,-0.3663807511329651,-0.41298145055770874,-0.5149127244949341,1.0345231294631958,0.6874101161956787,1.26692795753479,0.5015386939048767,1.1317100524902344,-0.013085185550153255,-0.0782390683889389,-0.4325982928276062,-0.1888098567724228,0.1900009959936142,-0.1348269283771515,-0.2956220209598541,-0.032259728759527206,0.05477733910083771,0.4617123007774353,0.0,0.0,0.0,0.0,0.0,0.0,0.0,-0.37723827362060547,-0.34823745489120483,-0.2648378908634186,-0.47023820877075195,-0.2512131333351135,-0.3374994695186615,0.9201266765594482,1.00341796875,1.5,1.0121461153030396,1.5,-9.47362495935522e-05,-0.699999988079071,-0.699999988079071
521,1783686187.267678,367287.904065,0.049891,0,,,9,-0.14366570115089417,0.1823558807373047,-0.14483651518821716,-0.2188928872346878,-0.046081334352493286,0.1146375983953476,0.46341031789779663,-0.0016202767146751285,-0.00019911341951228678,-0.0016200836980715394,-0.00019909211550839245,-0.0018753522308543324,-0.006971061695367098,-4.985035502613755e-06,-0.28735652565956116,-0.30801934003829956,-0.20785576105117798,-0.3749181926250458,-0.38990911841392517,-0.47910740971565247,1.0253362655639648,0.6948083639144897,1.270582914352417,0.5032534599304199,1.1325839757919312,-0.013170108199119568,-0.07695656269788742,-0.43248721957206726,-0.18735264241695404,0.1900009959936142,-0.13244757056236267,-0.2988407611846924,-0.032259728759527206,0.056188784539699554,0.46675699949264526,0.0,0.0,0.0,0.0,0.0,0.0,0.0,-0.4042593538761139,-0.3615826964378357,-0.25712135434150696,-0.45596709847450256,-0.2190910279750824,-0.30712684988975525,0.8825672268867493,1.0107421875,1.5,1.0095508098602295,1.5,-0.002965398132801056,-0.699999988079071,-0.699999988079071
522,1783686187.317627,367287.954061,0.049996,0,,,10,-0.14466850459575653,0.18221023678779602,-0.14701274037361145,-0.21866212785243988,-0.046261582523584366,0.11450091004371643,0.46312442421913147,-0.001626686891540885,-0.0002001142274821177,-0.0016266090096905828,-0.00020011389278806746,-0.001875806599855423,-0.006977643817663193,-5.161149601917714e-06,-0.3154989182949066,-0.32582223415374756,-0.2229768931865692,-0.38926687836647034,-0.35236820578575134,-0.41547179222106934,1.003623604774475,0.7055825591087341,1.278538465499878,0.506084144115448,1.1344480514526367,-0.013304275460541248,-0.07578234374523163,-0.4321489930152893,-0.18735264241695404,0.1900009959936142,-0.12848195433616638,-0.29240328073501587,-0.029022883623838425,0.05336588993668556,0.458960622549057,0.0,0.0,0.0,0.0,0.0,0.0,0.0,-0.4390007555484772,-0.3846985697746277,-0.2725544273853302,-0.4763543903827667,-0.2101106494665146,-0.24694402515888214,0.834276556968689,1.00048828125,1.5,1.0121461153030396,1.4970703125,0.0007254528463818133,-0.697265625,-0.699999988079071
523,1783686187.367651,367288.004026,0.049965,0,,,11,-0.14514653384685516,0.18214082717895508,-0.14723223447799683,-0.21857617795467377,-0.04633612558245659,0.11436667293310165,0.4630686938762665,-0.001629900885745883,-0.0002006176218856126,-0.0016297115944325924,-0.00020059972302988172,-0.0018758921651169658,-0.006980018690228462,-5.089469141239533e-06,-0.33656221628189087,-0.33838319778442383,-0.22543884813785553,-0.3904683291912079,-0.32684093713760376,-0.37637412548065186,0.9832396507263184,0.7132914662361145,1.2845402956008911,0.5067422986030579,1.1355760097503662,-0.013396239839494228,-0.07494809478521347,-0.4319297671318054,-0.1888098567724228,0.1900009959936142,-0.13562005758285522,-0.2891845107078552,-0.029022883623838425,0.05336588993668556,0.4644639492034912,0.0,0.0,0.0,0.0,0.0,0.0,0.0,-0.466021865606308,-0.4030482769012451,-0.26097962260246277,-0.4274248480796814,-0.19145908951759338,-0.20813454687595367,0.7752545475959778,1.001953125,1.5,1.0121461153030396,1.5,0.003186020301654935,-0.699999988079071,-0.699999988079071
524,1783686187.417613,367288.054031,0.050005,0,,,12,-0.14575308561325073,0.18204139173030853,-0.14730359613895416,-0.21811500191688538,-0.046210095286369324,0.1138383150100708,0.462615430355072,-0.0016341122100129724,-0.0002012597833527252,-0.0016335288528352976,-0.00020117683743592352,-0.0018756442004814744,-0.006982935126870871,-5.010974291508319e-06,-0.36818817257881165,-0.3581562638282776,-0.22659093141555786,-0.39453431963920593,-0.29876378178596497,-0.31970444321632385,0.9471824169158936,0.7236977219581604,1.2923568487167358,0.5080423951148987,1.1367008686065674,-0.013499980792403221,-0.07368381321430206,-0.43161740899086,-0.19026707112789154,0.1900009959936142,-0.1372063010931015,-0.2875751554965973,-0.025786040350794792,0.05336588993668556,0.46400535106658936,0.0,0.0,0.0,0.0,0.0,0.0,0.0,-0.48725271224975586,-0.4178233742713928,-0.25326308608055115,-0.413153737783432,-0.17764312028884888,-0.1580759435892105,0.7189154028892517,0.9990234375,1.5,1.006955623626709,1.5,0.0023658310528844595,-0.699999988079071,-0.699999988079071
525,1783686187.467688,367288.104047,0.050017,0,,,13,-0.1460171490907669,0.18198685348033905,-0.14751942455768585,-0.21628808975219727,-0.04608941823244095,0.11360858380794525,0.46249324083328247,-0.0016360008157789707,-0.00020153918012510985,-0.0016353128012269735,-0.0002014370111282915,-0.0018756522331386805,-0.006985984742641449,-5.033406523580197e-06,-0.38982146978378296,-0.371216744184494,-0.22642600536346436,-0.3895450234413147,-0.28068041801452637,-0.2866266369819641,0.9164006114006042,0.7310047149658203,1.2979543209075928,0.509064793586731,1.1374469995498657,-0.013546745292842388,-0.07267959415912628,-0.43140244483947754,-0.18735264241695404,0.1900009959936142,-0.13562005758285522,-0.28435641527175903,-0.025786040350794792,0.05477733910083771,0.46767422556877136,0.0,0.0,0.0,0.0,0.0,0.0,0.0,-0.5152388215065002,-0.42485344409942627,-0.2648378908634186,-0.41111502051353455,-0.1852419078350067,-0.1518889218568802,0.6840388178825378,1.00927734375,1.5,1.0121461153030396,1.5,0.005236492957919836,-0.699999988079071,-0.699999988079071
526,1783686187.517662,367288.154068,0.050020,0,,,14,-0.14686860144138336,0.18190541863441467,-0.14917534589767456,-0.21310606598854065,-0.045718759298324585,0.11331677436828613,0.46242019534111023,-0.0016391542740166187,-0.00020201326697133482,-0.00163863820489496,-0.00020193724776618183,-0.0018757906509563327,-0.006989050190895796,-5.005445473216241e-06,-0.42271819710731506,-0.3905715346336365,-0.22400160133838654,-0.36998581886291504,-0.2550055682659149,-0.22847849130630493,0.8554826378822327,0.740206241607666,1.3050286769866943,0.5097443461418152,1.1386128664016724,-0.013593830168247223,-0.0718550980091095,-0.43113604187965393,-0.19026707112789154,0.1900009959936142,-0.13562005758285522,-0.29079389572143555,-0.02254919521510601,0.05477733910083771,0.4660691022872925,0.0,0.0,0.0,0.0,0.0,0.0,0.0,-0.53067946434021,-0.43069198727607727,-0.25326308608055115,-0.3846115171909332,-0.15830077230930328,-0.12376611679792404,0.6464793682098389,1.001953125,1.5,1.01474130153656,1.5,0.004416303709149361,-0.699999988079071,-0.699999988079071
527,1783686187.567642,367288.204034,0.049966,0,,,15,-0.14690715074539185,0.18185721337795258,-0.1495852768421173,-0.21169385313987732,-0.04540546238422394,0.11314156651496887,0.46249333024024963,-0.0016421615146100521,-0.0002024733112193644,-0.001641336246393621,-0.00020234739349689335,-0.0018757293000817299,-0.006992737762629986,-5.088865691504907e-06,-0.442620187997818,-0.3991621434688568,-0.22400504350662231,-0.35829582810401917,-0.24581784009933472,-0.19698049128055573,0.8177744746208191,0.7473059892654419,1.3097095489501953,0.5099648237228394,1.1389740705490112,-0.01360576692968607,-0.06902351975440979,-0.4308997690677643,-0.1888098567724228,0.1900009959936142,-0.14037877321243286,-0.29240328073501587,-0.02254919521510601,0.059011682868003845,0.46767422556877136,0.0,0.0,0.0,0.0,0.0,0.0,0.0,-0.5721760988235474,-0.44224992394447327,-0.2378299981355667,-0.3540305495262146,-0.1569191813468933,-0.08776891976594925,0.6089199781417847,1.00048828125,1.5,1.0121461153030396,1.5,-0.004605776164680719,-0.699999988079071,-0.699999988079071
528,1783686187.695061,367288.331455,0.127422,1,16,0.077448,0,-0.14695444703102112,0.18183587491512299,-0.14979694783687592,-0.211152583360672,-0.04484942555427551,0.1130790263414383,0.4626653492450714,-0.001641219132579863,-0.00020228051289450377,-0.0016406798968091607,-0.00020220174337737262,-0.0018761579412966967,-0.006997198332101107,-5.095546839584131e-06,-0.46646153926849365,-0.4076887369155884,-0.2215641587972641,-0.33898207545280457,-0.22804908454418182,-0.1596192717552185,0.7690460681915283,0.7563078999519348,1.3158138990402222,0.5104809999465942,1.1396026611328125,-0.013623503036797047,-0.067625030875206,-0.4306483566761017,-0.1917242854833603,0.1900009959936142,-0.14355126023292542,-0.30205950140953064,-0.03873341903090477,0.06465747207403183,0.4516228437423706,0.0,0.0,0.0,0.0,0.0,0.0,0.0,-0.49497300386428833,-0.40066519379615784,-0.24554654955863953,-0.48450931906700134,-0.26330211758613586,-0.08101944625377655,0.6759903430938721,1.013671875,1.5,1.01474130153656,1.5,-0.0013250198680907488,-0.699999988079071,-0.699999988079071
529,1783686187.695468,367288.331912,0.000456,0,,,1,-0.14703874289989471,0.18184776604175568,-0.15050500631332397,-0.21114851534366608,-0.044402047991752625,0.1131279468536377,0.4628613293170929,-0.0016381667228415608,-0.00020176036923658103,-0.0016375724226236343,-0.00020167209731880575,-0.0018762670224532485,-0.006997510325163603,-4.896826794720255e-06,-0.48855552077293396,-0.41451963782310486,-0.2134118378162384,-0.31804358959198,-0.21792100369930267,-0.1318926066160202,0.7366960644721985,0.7626789212226868,1.3201813697814941,0.5111361145973206,1.140501856803894,-0.013681287877261639,-0.06697877496480942,-0.43047958612442017,-0.19318151473999023,0.1900009959936142,-0.14830999076366425,-0.3004501461982727,-0.03549657389521599,0.06606891751289368,0.4470367133617401,0.0,0.0,0.0,0.0,0.0,0.0,0.0,-0.510413646697998,-0.4078144431114197,-0.2378299981355667,-0.4416959583759308,-0.27849969267845154,-0.061895936727523804,0.6437965631484985,1.0166015625,1.5,1.0121461153030396,1.5,-0.0013250198680907488,-0.699999988079071,-0.699999988079071
530,1783686187.717720,367288.354133,0.022221,0,,,2,-0.14712363481521606,0.18177151679992676,-0.1537390500307083,-0.21121135354042053,-0.0438603013753891,0.11324693262577057,0.4629327356815338,-0.001646311255171895,-0.00020304517238400877,-0.0016457842430099845,-0.0002029658353421837,-0.0018763798289000988,-0.007003063801676035,-5.140445864526555e-06,-0.5070682764053345,-0.4193253815174103,-0.2082246094942093,-0.3002901077270508,-0.21027256548404694,-0.1021852195262909,0.7033522129058838,0.7701776623725891,1.3258870840072632,0.5117483735084534,1.1414432525634766,-0.013739103451371193,-0.06470826268196106,-0.43022865056991577,-0.19609594345092773,0.1900009959936142,-0.1514824777841568,-0.30366888642311096,-0.0338781513273716,0.06748037040233612,0.4516228437423706,0.0,0.0,0.0,0.0,0.0,0.0,0.0,-0.5297144055366516,-0.41281890869140625,-0.22625519335269928,-0.39684388041496277,-0.3047500252723694,-0.04839698597788811,0.6008715033531189,1.013671875,1.5,1.0121461153030396,1.5,0.0068768709897994995,-0.699999988079071,-0.699999988079071
531,1783686187.767758,367288.404165,0.050032,0,,,3,-0.14759781956672668,0.18176455795764923,-0.15573640167713165,-0.2115841507911682,-0.043859999626874924,0.11395932734012604,0.46150559186935425,-0.00164724828209728,-0.00020314159337431192,-0.0016471962444484234,-0.0002031338808592409,-0.0018766638822853565,-0.007007693871855736,-5.270001565804705e-06,-0.4994841516017914,-0.4141850769519806,-0.21002709865570068,-0.31467461585998535,-0.2216150164604187,-0.08398742228746414,0.6915316581726074,0.7746605277061462,1.3293877840042114,0.5120149254798889,1.1423084735870361,-0.013734851032495499,-0.06458883732557297,-0.4301963150501251,-0.1917242854833603,0.1900009959936142,-0.15624120831489563,-0.31332510709762573,-0.029022883623838425,0.07524333149194717,0.4488711655139923,0.0,0.0,0.0,0.0,0.0,0.0,0.0,-0.5596306324005127,-0.41258057951927185,-0.20696383714675903,-0.3499530851840973,-0.32961875200271606,-0.04502224922180176,0.5552636384963989,1.01953125,1.5,1.006955623626709,1.5,-0.004605776164680719,-0.699999988079071,-0.699999988079071
532,1783686187.817730,367288.454164,0.049998,0,,,4,-0.14871424436569214,0.18212580680847168,-0.15683333575725555,-0.21385160088539124,-0.04428819939494133,0.11655261367559433,0.4589783847332001,-0.0016278332332149148,-0.00019994987815152854,-0.0016277094837278128,-0.00019993445312138647,-0.0018773067276924849,-0.007010267581790686,-4.937979610986076e-06,-0.48031145334243774,-0.40032732486724854,-0.19967064261436462,-0.3403652608394623,-0.2561333179473877,-0.06557654589414597,0.6811116337776184,0.7832196354866028,1.3348041772842407,0.5132125020027161,1.1439236402511597,-0.01370871439576149,-0.06310535967350006,-0.4299720525741577,-0.1888098567724228,0.1900009959936142,-0.14989623427391052,-0.30366888642311096,-0.032259728759527206,0.0759490579366684,0.44932976365089417,0.0,0.0,0.0,0.0,0.0,0.0,0.0,-0.5770013332366943,-0.41591688990592957,-0.1953890174627304,-0.30102354288101196,-0.32616475224494934,-0.057396285235881805,0.5257526636123657,1.0048828125,1.5,1.006955623626709,1.5,-0.0013250198680907488,-0.699999988079071,-0.699999988079071
533,1783686187.867792,367288.504175,0.050011,0,,,5,-0.15019547939300537,0.18218564987182617,-0.1605953425168991,-0.21830709278583527,-0.04440242797136307,0.12025997787714005,0.4571637809276581,-0.0016208101296797395,-0.00019878146122209728,-0.001621335162781179,-0.0001988710864679888,-0.001877823960967362,-0.007002157624810934,-4.233239451423287e-06,-0.4863763153553009,-0.39676517248153687,-0.18007880449295044,-0.3209223747253418,-0.28181448578834534,-0.05569278076291084,0.6627786755561829,0.7904143929481506,1.3380460739135742,0.5147172212600708,1.145249843597412,-0.013723321259021759,-0.06100751459598541,-0.42976319789886475,-0.19463872909545898,0.1900009959936142,-0.15941369533538818,-0.3101063668727875,-0.027404461055994034,0.08088912069797516,0.4507056176662445,0.0,0.0,0.0,0.0,0.0,0.0,0.0,-0.6141552925109863,-0.4135338068008423,-0.19924728572368622,-0.24190035462379456,-0.3572506904602051,-0.04502224922180176,0.49624165892601013,1.0078125,1.5,1.0017651319503784,1.5,-0.002965398132801056,-0.699999988079071,-0.699999988079071
534,1783686187.917744,367288.554175,0.050000,0,,,6,-0.15077097713947296,0.1820659190416336,-0.16680702567100525,-0.22212514281272888,-0.044543277472257614,0.12247136980295181,0.45336437225341797,-0.0016410327516496181,-0.00020205596229061484,-0.0016406896756961942,-0.00020200322614982724,-0.0018772108014672995,-0.007004610262811184,-4.665146661864128e-06,-0.5077469348907471,-0.395524799823761,-0.1580236703157425,-0.2597369849681854,-0.31083935499191284,-0.04564281180500984,0.6291751861572266,0.7985867261886597,1.342185139656067,0.5153699517250061,1.1459195613861084,-0.013723338022828102,-0.06021047756075859,-0.429508775472641,-0.1888098567724228,0.1900009959936142,-0.16099993884563446,-0.316543847322464,-0.030641306191682816,0.07877194881439209,0.44932976365089417,0.0,0.0,0.0,0.0,0.0,0.0,0.0,-0.6377987861633301,-0.410912424325943,-0.17223939299583435,-0.17462223768234253,-0.36277708411216736,-0.04952189698815346,0.47209632396698,1.0048828125,1.5,1.0121461153030396,1.5,-0.0009149253601208329,-0.699999988079071,-0.699999988079071
535,1783686187.967636,367288.604031,0.049856,0,,,7,-0.15143442153930664,0.18206816911697388,-0.16905854642391205,-0.22302906215190887,-0.04450107365846634,0.12509167194366455,0.4527951180934906,-0.0016466511879116297,-0.00020297001174185425,-0.0016459632897749543,-0.00020286151266191155,-0.0018772110342979431,-0.007005759980529547,-4.726151473732898e-06,-0.5259488224983215,-0.3943459391593933,-0.15222860872745514,-0.21658632159233093,-0.32807111740112305,-0.03902105242013931,0.6092689633369446,0.8032374978065491,1.344828486442566,0.5156524181365967,1.1462390422821045,-0.013716037385165691,-0.05988485366106033,-0.42934945225715637,-0.19318151473999023,0.1900009959936142,-0.16099993884563446,-0.31493449211120605,-0.03549657389521599,0.08300629258155823,0.44932976365089417,0.0,0.0,0.0,0.0,0.0,0.0,0.0,-0.6455190777778625,-0.40972089767456055,-0.15680630505084991,-0.12161523848772049,-0.3848826289176941,-0.055146459490060806,0.4452681541442871,1.0166015625,1.5,1.006955623626709,1.5,-0.002555303508415818,-0.699999988079071,-0.699999988079071
536,1783686188.017655,367288.654057,0.050026,0,,,8,-0.150706484913826,0.18210870027542114,-0.17214225232601166,-0.22617532312870026,-0.04458543285727501,0.12820768356323242,0.45222750306129456,-0.0016508962726220489,-0.0002036367222899571,-0.0016506350366398692,-0.00020359797053970397,-0.0018776756478473544,-0.007007144391536713,-4.7784005801077e-06,-0.5557314157485962,-0.393581360578537,-0.14384843409061432,-0.14342479407787323,-0.35108235478401184,-0.030254170298576355,0.5738570094108582,0.8097419738769531,1.3493396043777466,0.5164074897766113,1.1469579935073853,-0.013685415498912334,-0.05946445092558861,-0.4291505217552185,-0.19318151473999023,0.1900009959936142,-0.16099993884563446,-0.31976261734962463,-0.03549657389521599,0.08088912069797516,0.4479539394378662,0.0,0.0,0.0,0.0,0.0,0.0,0.0,-0.6624072790145874,-0.40948259830474854,-0.15680630505084991,-0.04618220031261444,-0.39593538641929626,-0.059646110981702805,0.41039153933525085,0.99462890625,1.5,1.006955623626709,1.5,0.001545641920529306,-0.699999988079071,-0.6986327767372131
537,1783686188.067739,367288.704110,0.050053,0,,,9,-0.1506902575492859,0.18212944269180298,-0.17367854714393616,-0.2279158979654312,-0.04490115866065025,0.13009804487228394,0.45168349146842957,-0.0016557056223973632,-0.00020439535728655756,-0.001655444735661149,-0.00020435800252016634,-0.0018779118545353413,-0.00701056607067585,-4.946633907820797e-06,-0.5709385871887207,-0.39284011721611023,-0.13461332023143768,-0.09248750656843185,-0.3670037090778351,-0.026793498545885086,0.5472946166992188,0.8137758374214172,1.352313756942749,0.5165985822677612,1.147335171699524,-0.013648630119860172,-0.05924336239695549,-0.42902934551239014,-0.1917242854833603,0.1900009959936142,-0.16417242586612701,-0.3245907127857208,-0.03549657389521599,0.08724063634872437,0.4488711655139923,0.0,0.0,0.0,0.0,0.0,0.0,0.0,-0.6947360634803772,-0.4025716483592987,-0.14137323200702667,0.033073458820581436,-0.39593538641929626,-0.0776447057723999,0.38088056445121765,1.0048828125,1.5,1.0017651319503784,1.5,0.005236492957919836,-0.699999988079071,-0.699999988079071
538,1783686188.117624,367288.754024,0.049914,0,,,10,-0.15101146697998047,0.18225738406181335,-0.17450274527072906,-0.2311626374721527,-0.045456450432538986,0.13232269883155823,0.45091480016708374,-0.0016579569783061743,-0.00020473294716794044,-0.0016579391667619348,-0.00020473769109230489,-0.0018783851992338896,-0.007010587025433779,-4.7377770897583105e-06,-0.5910037755966187,-0.3893159329891205,-0.12048474699258804,-0.0061149317771196365,-0.38587507605552673,-0.027243666350841522,0.5085302591323853,0.8204854130744934,1.3570457696914673,0.5164642333984375,1.1476097106933594,-0.013555914163589478,-0.05716557800769806,-0.4287206828594208,-0.1888098567724228,0.1900009959936142,-0.1657586693763733,-0.31976261734962463,-0.0338781513273716,0.08724063634872437,0.4488711655139923,0.0,0.0,0.0,0.0,0.0,0.0,0.0,-0.7053514719009399,-0.40161842107772827,-0.12208187580108643,0.08021910488605499,-0.418040931224823,-0.0911436602473259,0.36210083961486816,0.99755859375,1.5,1.0017651319503784,1.5,0.0007254528463818133,-0.699999988079071,-0.699999988079071
539,1783686188.167733,367288.804125,0.050100,0,,,11,-0.15100999176502228,0.18238529562950134,-0.17521227896213531,-0.23440857231616974,-0.04573247581720352,0.13394851982593536,0.45067423582077026,-0.0016576624475419521,-0.0002046764420811087,-0.0016575398622080684,-0.00020466525165829808,-0.0018785217544063926,-0.007009807042777538,-4.636237008526223e-06,-0.6056699752807617,-0.38622501492500305,-0.11259903013706207,0.05244758725166321,-0.3948741555213928,-0.028569504618644714,0.48617395758628845,0.8248353004455566,1.3600382804870605,0.5170387029647827,1.148300290107727,-0.01347107719630003,-0.05700141564011574,-0.42871201038360596,-0.19463872909545898,0.1900009959936142,-0.16417242586612701,-0.3294188380241394,-0.032259728759527206,0.08935780823230743,0.45024698972702026,0.0,0.0,0.0,0.0,0.0,0.0,0.0,-0.7323725819587708,-0.399235337972641,-0.10664878785610199,0.16788452863693237,-0.42909371852874756,-0.0843941867351532,0.3419797122478485,1.0048828125,1.5,1.0017651319503784,1.5,-0.0005048307939432561,-0.699999988079071,-0.699999988079071
540,1783686188.217739,367288.854138,0.050014,0,,,12,-0.15080872178077698,0.18249955773353577,-0.1767667680978775,-0.23694008588790894,-0.04599370062351227,0.13526588678359985,0.45036783814430237,-0.0016593324253335595,-0.0002049268368864432,-0.0016581480158492923,-0.000204744836082682,-0.001878168317489326,-0.007011388894170523,-4.719331172964303e-06,-0.624078631401062,-0.38297975063323975,-0.09704048931598663,0.13324841856956482,-0.41206520795822144,-0.03107130154967308,0.45405951142311096,0.8301427960395813,1.3644405603408813,0.5178563594818115,1.1492282152175903,-0.0133470194414258,-0.05719783157110214,-0.42875388264656067,-0.1917242854833603,0.1900009959936142,-0.17051739990711212,-0.3278094530105591,-0.029022883623838425,0.09006353467702866,0.4470367133617401,0.0,0.0,0.0,0.0,0.0,0.0,0.0,-0.7420229315757751,-0.3970905840396881,-0.09893224388360977,0.20254294574260712,-0.45396244525909424,-0.0888938307762146,0.3352726995944977,0.9990234375,1.5,0.9991698265075684,1.5,-0.002965398132801056,-0.697265625,-0.6986327767372131
541,1783686188.267733,367288.904136,0.049998,0,,,13,-0.1510937660932541,0.18256337940692902,-0.17749960720539093,-0.23830093443393707,-0.04612037539482117,0.1376275271177292,0.4501921534538269,-0.0016603250987827778,-0.00020507758017629385,-0.00165943568572402,-0.00020494328055065125,-0.001878566574305296,-0.007011212408542633,-4.664313109969953e-06,-0.6401523351669312,-0.3802911639213562,-0.08272728323936462,0.19479992985725403,-0.4238113760948181,-0.03278809413313866,0.4338507056236267,0.8328861594200134,1.3667844533920288,0.5183992981910706,1.149925708770752,-0.01328452117741108,-0.057238250970840454,-0.4287470877170563,-0.19609594345092773,0.1900009959936142,-0.1721036434173584,-0.32620009779930115,-0.029022883623838425,0.09076926112174988,0.45208144187927246,0.0,0.0,0.0,0.0,0.0,0.0,0.0,-0.7651838660240173,-0.393039345741272,-0.060349538922309875,0.27797600626945496,-0.4594888389110565,-0.11251699179410934,0.33258986473083496,1.00634765625,1.5,1.006955623626709,1.5,0.001545641920529306,-0.699999988079071,-0.699999988079071
542,1783686188.317672,367288.954054,0.049918,0,,,14,-0.15152941644191742,0.182614266872406,-0.18037739396095276,-0.24128283560276031,-0.04599612206220627,0.13922178745269775,0.44984009861946106,-0.0016619060188531876,-0.00020531062909867615,-0.0016610275488346815,-0.00020517954544629902,-0.0018786570290103555,-0.007010080385953188,-4.586313480103854e-06,-0.6589058041572571,-0.3765818774700165,-0.0638444572687149,0.27512189745903015,-0.44591933488845825,-0.03445218503475189,0.41064950823783875,0.8376480340957642,1.370745301246643,0.5181881189346313,1.1501193046569824,-0.013189123943448067,-0.056966230273246765,-0.4285796582698822,-0.19755317270755768,0.1900009959936142,-0.16893115639686584,-0.33263757824897766,-0.030641306191682816,0.09288643300533295,0.4497883915901184,0.0,0.0,0.0,0.0,0.0,0.0,0.0,-0.7675964832305908,-0.3882731795310974,-0.0680660828948021,0.31467315554618835,-0.46363362669944763,-0.129390686750412,0.32185861468315125,1.013671875,1.5,1.0095508098602295,1.5,-0.0013250198680907488,-0.699999988079071,-0.699999988079071
543,1783686188.367716,367289.004133,0.050079,0,,,15,-0.1522686779499054,0.18266580998897552,-0.1818130761384964,-0.2415635585784912,-0.04589075222611427,0.14029532670974731,0.44979244470596313,-0.001660509267821908,-0.00020506803411990404,-0.0016595479100942612,-0.00020492305338848382,-0.0018788173329085112,-0.007010991685092449,-4.643101419787854e-06,-0.6710778474807739,-0.3751767575740814,-0.048512183129787445,0.3219227194786072,-0.45628124475479126,-0.0391334593296051,0.400489866733551,0.840008556842804,1.3729439973831177,0.5180969834327698,1.1502419710159302,-0.013116122223436832,-0.05686075612902641,-0.4285045564174652,-0.19755317270755768,0.1900009959936142,-0.17686237394809723,-0.33263757824897766,-0.030641306191682816,0.09288643300533295,0.45575034618377686,0.0,0.0,0.0,0.0,0.0,0.0,0.0,-0.7729042172431946,-0.38684332370758057,-0.04491645470261574,0.35952523350715637,-0.4650152325630188,-0.13276541233062744,0.29234760999679565,1.001953125,1.5,1.006955623626709,1.5,0.002775925677269697,-0.699999988079071,-0.699999988079071
544,1783686188.495834,367289.132229,0.128095,1,16,0.078018,0,-0.15451692044734955,0.18264438211917877,-0.1841554194688797,-0.2436886578798294,-0.04588797688484192,0.14251862466335297,0.44957491755485535,-0.001670412952080369,-0.00020664403564296663,-0.0016699748812243342,-0.00020658444555010647,-0.001879305113106966,-0.007011163979768753,-4.637763140635798e-06,-0.6825870275497437,-0.3688270151615143,-0.029977070167660713,0.38765618205070496,-0.4693232476711273,-0.05201844498515129,0.3860345184803009,0.8433348536491394,1.3760076761245728,0.518354058265686,1.1505801677703857,-0.013021644204854965,-0.05697063356637955,-0.4284835159778595,-0.2135825753211975,0.1900009959936142,-0.19748352468013763,-0.33907508850097656,-0.02254919521510601,0.10276656597852707,0.47684645652770996,0.0,0.0,0.0,0.0,0.0,0.0,0.0,-0.7815895676612854,-0.3854134976863861,-0.07578261941671371,0.27389854192733765,-0.534095048904419,-0.14288963377475739,0.3319191634654999,1.0048828125,1.5,1.0017651319503784,1.5,0.001955736428499222,-0.699999988079071,-0.699999988079071
545,1783686188.496272,367289.132723,0.000494,0,,,1,-0.15540896356105804,0.18267036974430084,-0.18574248254299164,-0.24528755247592926,-0.04587779566645622,0.14306624233722687,0.44967928528785706,-0.0016712392680346966,-0.00020675835548900068,-0.0016707826871424913,-0.00020669661171268672,-0.0018793657654896379,-0.007008948363363743,-4.459466254047584e-06,-0.6864368915557861,-0.36634257435798645,-0.018443014472723007,0.4203536808490753,-0.47425898909568787,-0.05866605043411255,0.3741148114204407,0.8447787165641785,1.3774274587631226,0.5184155106544495,1.1507476568222046,-0.012958680279552937,-0.05700680986046791,-0.42845940589904785,-0.21795423328876495,0.1900009959936142,-0.1990697681903839,-0.334246963262558,-0.02093077264726162,0.1070009097456932,0.4763878583908081,0.0,0.0,0.0,0.0,0.0,0.0,0.0,-0.7951000928878784,-0.38112393021583557,-0.056491266936063766,0.3207893371582031,-0.5258054733276367,-0.16988752782344818,0.3272242248058319,1.0048828125,1.5,0.9952769875526428,1.5,-0.002145209116861224,-0.699999988079071,-0.699999988079071
546,1783686188.517702,367289.154127,0.021404,0,,,2,-0.1562962532043457,0.18267856538295746,-0.18889570236206055,-0.24744340777397156,-0.045850858092308044,0.14342090487480164,0.4498688578605652,-0.001677141641266644,-0.00020767904061358422,-0.0016762755112722516,-0.0002075505763059482,-0.0018791486509144306,-0.00700767058879137,-4.464377070689807e-06,-0.6871715784072876,-0.3634667992591858,-0.0056486171670258045,0.45164236426353455,-0.48068767786026,-0.06332281231880188,0.36187148094177246,0.847229540348053,1.3798198699951172,0.5183745622634888,1.150916337966919,-0.012803256511688232,-0.05701484531164169,-0.4283890426158905,-0.21503978967666626,0.1900009959936142,-0.20382849872112274,-0.3406844437122345,-0.01931235007941723,0.1098238006234169,0.4800567626953125,0.0,0.0,0.0,0.0,0.0,0.0,0.0,-0.8230862021446228,-0.3825537860393524,-0.05263299494981766,0.37787380814552307,-0.5368582606315613,-0.16145068407058716,0.3017374873161316,1.0048828125,1.5,1.004360318183899,1.5,-0.0013250198680907488,-0.699999988079071,-0.699999988079071
547,1783686188.567788,367289.204192,0.050066,0,,,3,-0.1602935642004013,0.18298469483852386,-0.19280706346035004,-0.24788106977939606,-0.04558693245053291,0.14635367691516876,0.45366284251213074,-0.001672356971539557,-0.00020693613623734564,-0.0016706478781998158,-0.00020667552598752081,-0.001879347488284111,-0.007010606583207846,-4.695476036431501e-06,-0.688042163848877,-0.3619551956653595,-0.003566589206457138,0.4568588137626648,-0.49447351694107056,-0.06848923116922379,0.3607100546360016,0.8497981429100037,1.3814723491668701,0.5182809829711914,1.1510053873062134,-0.012684227898716927,-0.05693916603922844,-0.4283026158809662,-0.2164970189332962,0.1900009959936142,-0.20382849872112274,-0.3406844437122345,-0.02254919521510601,0.11194097250699997,0.4802860617637634,0.0,0.0,0.0,0.0,0.0,0.0,0.0,-0.8240512609481812,-0.38326871395111084,-0.04491645470261574,0.40641602873802185,-0.5479110479354858,-0.17101244628429413,0.29234760999679565,1.001953125,1.5,1.006955623626709,1.5,0.00113554741255939,-0.699999988079071,-0.699999988079071
548,1783686188.617763,367289.254185,0.049992,0,,,4,-0.16925443708896637,0.18344716727733612,-0.20402750372886658,-0.24922604858875275,-0.044784776866436005,0.15335597097873688,0.46196019649505615,-0.0016550997970625758,-0.00020407934789545834,-0.0016543659148737788,-0.0002039748360402882,-0.0018802742706611753,-0.0069992817007005215,-3.836541054624831e-06,-0.7086634039878845,-0.35875871777534485,-0.002694144146516919,0.471321702003479,-0.5209577083587646,-0.08389898389577866,0.3622261881828308,0.8536423444747925,1.3835700750350952,0.5182886123657227,1.1511844396591187,-0.012558593414723873,-0.05668286234140396,-0.4281228184700012,-0.21503978967666626,0.1900009959936142,-0.20858722925186157,-0.34390318393707275,-0.016075506806373596,0.11546959728002548,0.4846428632736206,0.0,0.0,0.0,0.0,0.0,0.0,0.0,-0.8250163197517395,-0.38017070293426514,-0.02176682837307453,0.4410744607448578,-0.5534374117851257,-0.15638858079910278,0.28832340240478516,1.0107421875,1.5,1.006955623626709,1.5,0.002775925677269697,-0.699999988079071,-0.699999988079071
549,1783686188.667779,367289.304142,0.049957,0,,,5,-0.1728467047214508,0.18336495757102966,-0.2145301252603531,-0.2516149580478668,-0.04436442255973816,0.15724296867847443,0.4643929600715637,-0.0016674356302246451,-0.0002060386468656361,-0.0016677353996783495,-0.00020609742205124348,-0.0018806497100740671,-0.006996012758463621,-3.921731149603147e-06,-0.7269114255905151,-0.35860300064086914,-0.0022443875204771757,0.48928430676460266,-0.5365053415298462,-0.09374196827411652,0.35617703199386597,0.8554142117500305,1.3845195770263672,0.5182095766067505,1.1512706279754639,-0.012474562041461468,-0.05662580579519272,-0.428056001663208,-0.2194114476442337,0.1900009959936142,-0.21017347276210785,-0.34390318393707275,-0.01931235007941723,0.1189982146024704,0.4809739589691162,0.0,0.0,0.0,0.0,0.0,0.0,0.0,-0.8346666693687439,-0.38040903210639954,-0.02562509849667549,0.4635004997253418,-0.5562006235122681,-0.19013595581054688,0.2789335548877716,1.0048828125,1.5,1.0017651319503784,1.5,0.0007254528463818133,-0.699999988079071,-0.699999988079071
550,1783686188.717743,367289.354175,0.050034,0,,,6,-0.17392045259475708,0.1832537204027176,-0.22321335971355438,-0.2555046081542969,-0.04354844242334366,0.16152001917362213,0.4675461947917938,-0.001692391000688076,-0.00021003962319809943,-0.0016929253470152617,-0.00021013844525441527,-0.0018809294560924172,-0.006999682169407606,-4.5244455577631015e-06,-0.7434760332107544,-0.3586484491825104,0.003597018076106906,0.51337069272995,-0.5509156584739685,-0.10248609632253647,0.34505000710487366,0.8580822944641113,1.3860543966293335,0.5179173350334167,1.1513530015945435,-0.01232979167252779,-0.05655958130955696,-0.4279724657535553,-0.2194114476442337,0.1900009959936142,-0.21810469031333923,-0.347121924161911,-0.0241676177829504,0.12111538648605347,0.48395493626594543,0.0,0.0,0.0,0.0,0.0,0.0,0.0,-0.8356317281723022,-0.38279208540916443,-0.02562509849667549,0.4940814673900604,-0.5727797746658325,-0.19069840013980865,0.2494225651025772,1.0078125,1.5,1.006955623626709,1.5,0.004416303709149361,-0.699999988079071,-0.699999988079071
551,1783686188.767686,367289.404080,0.049904,0,,,7,-0.1757352501153946,0.183218851685524,-0.22565338015556335,-0.2577241063117981,-0.04301747307181358,0.16408762335777283,0.46887895464897156,-0.0017049098387360573,-0.0002120064600603655,-0.001705374801531434,-0.00021209601254668087,-0.0018809210741892457,-0.007002537604421377,-4.738687948702136e-06,-0.750780463218689,-0.35860100388526917,0.00705875176936388,0.5328690409660339,-0.5588168501853943,-0.11363960057497025,0.3380613923072815,0.8599869012832642,1.3870731592178345,0.5177463889122009,1.1514339447021484,-0.01222970150411129,-0.056547243148088455,-0.42792728543281555,-0.2135825753211975,0.1900009959936142,-0.21493220329284668,-0.35516878962516785,-0.025786040350794792,0.12252683192491531,0.4855600893497467,0.0,0.0,0.0,0.0,0.0,0.0,0.0,-0.8530024290084839,-0.38684332370758057,-0.0294833704829216,0.5226236581802368,-0.589358925819397,-0.19013595581054688,0.2494225651025772,0.9931640625,1.5,1.0017651319503784,1.4970703125,-0.0037855871487408876,-0.699999988079071,-0.699999988079071
552,1783686188.817923,367289.454277,0.050198,0,,,8,-0.1776031255722046,0.1832648664712906,-0.22892561554908752,-0.2620641589164734,-0.0426362045109272,0.16729994118213654,0.4715867042541504,-0.001713620382361114,-0.00021335917699616402,-0.001714077196083963,-0.00021344359265640378,-0.001880704890936613,-0.006999010220170021,-4.4245412027521525e-06,-0.7577175498008728,-0.3585245609283447,0.010204551741480827,0.5659820437431335,-0.5723700523376465,-0.12931528687477112,0.32179203629493713,0.8618775010108948,1.387821078300476,0.5151098966598511,1.1513134241104126,-0.01208513230085373,-0.05560636520385742,-0.42767471075057983,-0.21795423328876495,0.1900009959936142,-0.2196909338235855,-0.35034069418907166,-0.0241676177829504,0.12252683192491531,0.4846428632736206,0.0,0.0,0.0,0.0,0.0,0.0,0.0,-0.8501073122024536,-0.3880348801612854,-0.014050286263227463,0.5511659383773804,-0.5948852896690369,-0.21375910937786102,0.24741044640541077,0.9990234375,1.4970703125,1.006955623626709,1.5,0.004416303709149361,-0.699999988079071,-0.699999988079071
553,1783686188.867843,367289.504248,0.049971,0,,,9,-0.17726950347423553,0.18328262865543365,-0.23015046119689941,-0.26595285534858704,-0.04256819188594818,0.1688290387392044,0.4728534519672394,-0.001720320782624185,-0.00021440049749799073,-0.0017207235796377063,-0.00021447504695970565,-0.0018805988365784287,-0.00699987867847085,-4.551613073999761e-06,-0.7633962035179138,-0.3589177131652832,0.010663304477930069,0.5897913575172424,-0.5823178291320801,-0.1347370147705078,0.31472137570381165,0.8630381226539612,1.3882912397384644,0.5147722363471985,1.15134859085083,-0.012021178379654884,-0.055544037371873856,-0.42762455344200134,-0.2194114476442337,0.1900009959936142,-0.22444966435432434,-0.3599969148635864,-0.025786040350794792,0.1253497302532196,0.48636266589164734,0.0,0.0,0.0,0.0,0.0,0.0,0.0,-0.8665129542350769,-0.3901796340942383,-0.010192015208303928,0.5756306648254395,-0.6225172281265259,-0.20138508081436157,0.2386913001537323,1.001953125,1.5,0.9991698265075684,1.5,-0.0017351144924759865,-0.6986327767372131,-0.699999988079071
554,1783686188.917865,367289.554266,0.050017,0,,,10,-0.17720790207386017,0.183373361825943,-0.23179306089878082,-0.26831021904945374,-0.04236642271280289,0.17013326287269592,0.4746690094470978,-0.0017241701716557145,-0.00021495205874089152,-0.001723778317682445,-0.00021489728533197194,-0.0018801740370690823,-0.007004460319876671,-4.837542292079888e-06,-0.7697260975837708,-0.3618677258491516,0.012053387239575386,0.6236907243728638,-0.5946299433708191,-0.14358943700790405,0.3009747564792633,0.8649471998214722,1.3889803886413574,0.5140150785446167,1.1515711545944214,-0.011926624923944473,-0.05839748680591583,-0.42782166600227356,-0.22378310561180115,0.1900009959936142,-0.22603590786457062,-0.3519500494003296,-0.02254919521510601,0.1317012459039688,0.49519091844558716,0.0,0.0,0.0,0.0,0.0,0.0,0.0,-0.8616877794265747,-0.3916094899177551,0.0013827976072207093,0.5960180163383484,-0.6363332271575928,-0.22275841236114502,0.22661861777305603,1.0048828125,1.5,0.9939793348312378,1.494140625,-0.0037855871487408876,-0.699999988079071,-0.697265625
555,1783686188.967674,367289.604064,0.049799,0,,,11,-0.17724883556365967,0.18347783386707306,-0.23392905294895172,-0.2701495289802551,-0.0422997809946537,0.17242106795310974,0.47622838616371155,-0.0017227501375600696,-0.00021467912301886827,-0.0017226176569238305,-0.0002146644692402333,-0.0018804174615070224,-0.007005536463111639,-4.8008205340011045e-06,-0.7769891619682312,-0.3646075129508972,0.013917520642280579,0.6448705196380615,-0.6074734926223755,-0.14680209755897522,0.2924404442310333,0.8696229457855225,1.389721393585205,0.5127907395362854,1.1516661643981934,-0.011773765087127686,-0.060731060802936554,-0.4279532730579376,-0.22086867690086365,0.1900009959936142,-0.2212771773338318,-0.3535594344139099,-0.0241676177829504,0.12464400380849838,0.4956495463848114,0.0,0.0,0.0,0.0,0.0,0.0,0.0,-0.8742333054542542,-0.3906562626361847,0.0013827976072207093,0.6000954508781433,-0.6225172281265259,-0.21994613111019135,0.22661861777305603,1.001953125,1.5,1.006955623626709,1.5,-0.00624615466222167,-0.699999988079071,-0.699999988079071
556,1783686189.017556,367289.654046,0.049982,0,,,12,-0.17861565947532654,0.18357649445533752,-0.23767277598381042,-0.27086493372917175,-0.0420822910964489,0.17596761882305145,0.4801084101200104,-0.0017268744995817542,-0.00021529127843677998,-0.001726447488181293,-0.00021523129544220865,-0.0018805161816999316,-0.007012311834841967,-5.100767793919658e-06,-0.7834336757659912,-0.3669908344745636,0.01908258907496929,0.6648261547088623,-0.6205258369445801,-0.15901397168636322,0.28118839859962463,0.8783013820648193,1.3911094665527344,0.512427806854248,1.1523058414459229,-0.011682376265525818,-0.06098688021302223,-0.42803195118904114,-0.2252403199672699,0.1900009959936142,-0.22603590786457062,-0.34873130917549133,-0.025786040350794792,0.13240696489810944,0.4956495463848114,0.0,0.0,0.0,0.0,0.0,0.0,0.0,-0.882918655872345,-0.393277645111084,0.016815882176160812,0.6123278141021729,-0.6556755304336548,-0.19688542187213898,0.21689341962337494,1.00634765625,1.5,1.006955623626709,1.5,0.00031535830930806696,-0.699999988079071,-0.699999988079071
557,1783686189.067543,367289.704022,0.049976,0,,,13,-0.17920467257499695,0.18359725177288055,-0.23832744359970093,-0.27097490429878235,-0.041988104581832886,0.1767157018184662,0.4820690155029297,-0.0017347095999866724,-0.00021650393318850547,-0.001734525547362864,-0.00021648402616847306,-0.0018805748550221324,-0.007014782167971134,-5.0666735660342965e-06,-0.7890703678131104,-0.36721065640449524,0.024361025542020798,0.6741501688957214,-0.625996470451355,-0.16509543359279633,0.2763444483280182,0.8843113780021667,1.3920834064483643,0.5119888782501221,1.1525200605392456,-0.011648784391582012,-0.06112377345561981,-0.42810550332069397,-0.22961197793483734,0.1900009959936142,-0.22444966435432434,-0.35677817463874817,-0.02254919521510601,0.13240696489810944,0.4956495463848114,0.0,0.0,0.0,0.0,0.0,0.0,0.0,-0.8694080710411072,-0.387319952249527,0.020674152299761772,0.6164053082466125,-0.6612019538879395,-0.20250998437404633,0.21722877025604248,0.99462890625,1.5,1.004360318183899,1.48828125,0.003596114693209529,-0.699999988079071,-0.699999988079071
558,1783686189.117513,367289.754013,0.049991,0,,,14,-0.18098662793636322,0.18365930020809174,-0.2390570491552353,-0.2709406316280365,-0.04196188226342201,0.17904482781887054,0.48427295684814453,-0.0017401003278791904,-0.00021729269064962864,-0.0017397351330146194,-0.00021724318503402174,-0.001880792435258627,-0.007018957752734423,-5.0732464842440095e-06,-0.7982129454612732,-0.3678781986236572,0.03475572541356087,0.684023916721344,-0.639096736907959,-0.16601285338401794,0.2689424753189087,0.8914799094200134,1.3932217359542847,0.5117597579956055,1.1528310775756836,-0.011597669683396816,-0.06125176325440407,-0.42820149660110474,-0.22961197793483734,0.1900009959936142,-0.23238088190555573,-0.35034069418907166,-0.0241676177829504,0.12958407402038574,0.49977704882621765,0.0,0.0,0.0,0.0,0.0,0.0,0.0,-0.8703731298446655,-0.3901796340942383,0.012957610189914703,0.6123278141021729,-0.672254741191864,-0.19013595581054688,0.22594791650772095,0.99609375,1.4970703125,1.0095508098602295,1.4970703125,0.00113554741255939,-0.699999988079071,-0.699999988079071
559,1783686189.167542,367289.804018,0.050005,0,,,15,-0.18322551250457764,0.183681920170784,-0.24007120728492737,-0.27106916904449463,-0.04187588766217232,0.18073336780071259,0.4851495027542114,-0.0017455673078075051,-0.00021811274928040802,-0.0017457164358347654,-0.00021814729552716017,-0.0018810923211276531,-0.00702359713613987,-5.196740858082194e-06,-0.7996235489845276,-0.3677328824996948,0.03910057246685028,0.6861090064048767,-0.6484414935112,-0.16606095433235168,0.262626588344574,0.8952257633209229,1.3938825130462646,0.5114308595657349,1.1529666185379028,-0.011493331752717495,-0.061516303569078445,-0.4283294081687927,-0.2252403199672699,0.1900009959936142,-0.22286342084407806,-0.34873130917549133,-0.029022883623838425,0.1281726211309433,0.4984011948108673,0.0,0.0,0.0,0.0,0.0,0.0,0.0,-0.8858137726783752,-0.3882731795310974,0.024532422423362732,0.6164053082466125,-0.6777811050415039,-0.20222875475883484,0.24808114767074585,0.99609375,1.5,0.9965745806694031,1.494140625,-0.0037855871487408876,-0.699999988079071,-0.699999988079071
560,1783686189.297198,367289.933590,0.129572,1,16,0.079524,0,-0.18553856015205383,0.18375104665756226,-0.24248148500919342,-0.27126163244247437,-0.04173922538757324,0.18106316030025482,0.48754948377609253,-0.0017484978307038546,-0.0002185102057410404,-0.0017484525451436639,-0.00021851139899808913,-0.0018808195600286126,-0.007026708219200373,-5.06795277033234e-06,-0.8000031113624573,-0.36744439601898193,0.040267422795295715,0.6868772506713867,-0.6600145101547241,-0.16585813462734222,0.25954633951187134,0.8984841704368591,1.394494891166687,0.5110045671463013,1.1532204151153564,-0.011298558674752712,-0.06417825073003769,-0.42859500646591187,-0.23544086515903473,0.1900009959936142,-0.23872585594654083,-0.3632156550884247,-0.006364972796291113,0.13381841778755188,0.4956495463848114,0.0,0.0,0.0,0.0,0.0,0.0,0.0,-0.8993242979049683,-0.3880348801612854,0.0013827976072207093,0.6327151656150818,-0.6860706806182861,-0.17438717186450958,0.24238017201423645,1.00341796875,1.5,1.0017651319503784,1.5,0.002775925677269697,-0.6986327767372131,-0.699999988079071
561,1783686189.297628,367289.934084,0.000494,0,,,1,-0.18556509912014008,0.18377989530563354,-0.24283935129642487,-0.27126824855804443,-0.04188841953873634,0.1811448335647583,0.48828625679016113,-0.0017540187109261751,-0.00021934173128101975,-0.0017537890234962106,-0.00021931022638455033,-0.0018806124571710825,-0.007031294517219067,-5.1903657549701165e-06,-0.8037395477294922,-0.3673872947692871,0.04325854033231735,0.6895248889923096,-0.667782187461853,-0.16597245633602142,0.26176488399505615,0.900223433971405,1.3949118852615356,0.5088638067245483,1.1533198356628418,-0.01113133504986763,-0.06497403234243393,-0.42872947454452515,-0.23981250822544098,0.1900009959936142,-0.2418983429670334,-0.35516878962516785,-0.006364972796291113,0.1373470425605774,0.5059682726860046,0.0,0.0,0.0,0.0,0.0,0.0,0.0,-0.9089746475219727,-0.387558251619339,-0.0024754733312875032,0.6245602369308472,-0.6943602561950684,-0.16538788378238678,0.26283663511276245,1.0078125,1.5,1.004360318183899,1.5,0.003596114693209529,-0.699999988079071,-0.699999988079071
562,1783686189.317559,367289.954052,0.019967,0,,,2,-0.18541280925273895,0.1838291734457016,-0.24283047020435333,-0.2711614668369293,-0.04220902547240257,0.18129613995552063,0.4889432489871979,-0.0017598603153601289,-0.000220205940422602,-0.0017596331890672445,-0.00022017330047674477,-0.0018806189764291048,-0.007038074545562267,-5.310142114467453e-06,-0.8082640767097473,-0.36739495396614075,0.04652543365955353,0.6916840672492981,-0.6760126948356628,-0.16612300276756287,0.26640626788139343,0.9020335078239441,1.39548659324646,0.5075563192367554,1.1535542011260986,-0.010964940302073956,-0.06709212809801102,-0.42902541160583496,-0.23544086515903473,0.1900009959936142,-0.233967125415802,-0.3583875596523285,-0.006364972796291113,0.13522987067699432,0.5013821721076965,0.0,0.0,0.0,0.0,0.0,0.0,0.0,-0.8954641222953796,-0.38303041458129883,0.005241068545728922,0.6408700942993164,-0.6888338923454285,-0.1850738376379013,0.2534467875957489,0.9990234375,1.5,0.9952769875526428,1.5,-9.47362495935522e-05,-0.699999988079071,-0.699999988079071
563,1783686189.367682,367290.004132,0.050080,0,,,3,-0.1870017647743225,0.18398964405059814,-0.24408914148807526,-0.2711229622364044,-0.041584860533475876,0.18277646601200104,0.49125364422798157,-0.001757678808644414,-0.00021982371981721371,-0.0017567628528922796,-0.00021968763030599803,-0.0018808641470968723,-0.007043369114398956,-5.3608882808475755e-06,-0.8138889074325562,-0.3665440082550049,0.04605761170387268,0.6952431797981262,-0.6815564036369324,-0.16417959332466125,0.2727774977684021,0.9033626914024353,1.3959025144577026,0.5074037909507751,1.1537712812423706,-0.010835680179297924,-0.06778613477945328,-0.42919567227363586,-0.23252642154693604,0.1900009959936142,-0.233967125415802,-0.35516878962516785,-0.0015097063733264804,0.13875848054885864,0.49702537059783936,0.0,0.0,0.0,0.0,0.0,0.0,0.0,-0.9041494727134705,-0.3854134976863861,0.016815882176160812,0.6490249633789062,-0.6998866200447083,-0.16988752782344818,0.2601538300514221,1.0048828125,1.5,1.0017651319503784,1.5,-0.0009149253601208329,-0.697265625,-0.699999988079071
564,1783686189.417615,367290.054018,0.049886,0,,,4,-0.19083987176418304,0.18404129147529602,-0.2493029683828354,-0.2721823751926422,-0.03813803195953369,0.1849132478237152,0.4932643175125122,-0.0017598149133846164,-0.00022004531638231128,-0.0017594468081369996,-0.00022000112221576273,-0.0018812811467796564,-0.007046484854072332,-5.180217613087734e-06,-0.8222511410713196,-0.36374789476394653,0.043049100786447525,0.7038221955299377,-0.6877622008323669,-0.1608283370733261,0.2801942527294159,0.9056243300437927,1.396471381187439,0.5073814988136292,1.154150128364563,-0.010679613798856735,-0.06790518760681152,-0.4293307363986969,-0.23544086515903473,0.1900009959936142,-0.233967125415802,-0.3583875596523285,-0.009601817466318607,0.13381841778755188,0.4986305236816406,0.0,0.0,0.0,0.0,0.0,0.0,0.0,-0.909939706325531,-0.37826424837112427,0.020674152299761772,0.6571798920631409,-0.6777811050415039,-0.1918233186006546,0.2420448213815689,1.00048828125,1.5,1.004360318183899,1.494140625,0.00031535830930806696,-0.6958984136581421,-0.6986327767372131
565,1783686189.467591,367290.104087,0.050069,0,,,5,-0.19107738137245178,0.18402127921581268,-0.2503444254398346,-0.27301204204559326,-0.03538871929049492,0.1854201704263687,0.49325788021087646,-0.0017708338564261794,-0.00022176488710101694,-0.0017699036980047822,-0.00022163006360642612,-0.0018810132751241326,-0.007052234373986721,-5.342767963156803e-06,-0.8263569474220276,-0.3627229630947113,0.04304985702037811,0.7105753421783447,-0.6905840039253235,-0.16034214198589325,0.28210365772247314,0.9069351553916931,1.3968826532363892,0.5072658658027649,1.154457449913025,-0.010595050640404224,-0.06799933314323425,-0.42943939566612244,-0.23544086515903473,0.1900009959936142,-0.23713961243629456,-0.36643439531326294,-0.007983394898474216,0.1373470425605774,0.4993184208869934,0.0,0.0,0.0,0.0,0.0,0.0,0.0,-0.9051145315170288,-0.3765960931777954,0.024532422423362732,0.6653348207473755,-0.7026498317718506,-0.18113665282726288,0.242715522646904,1.00048828125,1.5,0.9913840889930725,1.494140625,-0.0037855871487408876,-0.697265625,-0.699999988079071
566,1783686189.517549,367290.154034,0.049947,0,,,6,-0.1912747174501419,0.18409256637096405,-0.2505417466163635,-0.2737869620323181,-0.034240350127220154,0.1859428733587265,0.4933677911758423,-0.0017761972267180681,-0.00022253890347201377,-0.0017761839553713799,-0.0002225432835984975,-0.0018812408670783043,-0.007058816496282816,-5.339474228094332e-06,-0.832149088382721,-0.360909640789032,0.04332132637500763,0.7210184931755066,-0.6913801431655884,-0.1606653332710266,0.2818790376186371,0.9084484577178955,1.3974965810775757,0.507146418094635,1.1548739671707153,-0.010461405850946903,-0.06800416857004166,-0.42959117889404297,-0.23252642154693604,0.1900009959936142,-0.233967125415802,-0.36160629987716675,-0.009601817466318607,0.1373470425605774,0.5011242032051086,0.0,0.0,0.0,0.0,0.0,0.0,0.0,-0.896429181098938,-0.3739747107028961,0.04382377862930298,0.6694123148918152,-0.7054130434989929,-0.18788611888885498,0.2386913001537323,1.0078125,1.5,0.9991698265075684,1.5,-0.0009149253601208329,-0.699999988079071,-0.699999988079071
567,1783686189.567498,367290.203986,0.049952,0,,,7,-0.19136004149913788,0.1841389238834381,-0.25082865357398987,-0.27628418803215027,-0.03372041881084442,0.18693412840366364,0.4934852123260498,-0.0017795941093936563,-0.00022302962315734476,-0.0017799513880163431,-0.00022309469932224602,-0.0018816186347976327,-0.007063010241836309,-5.369119662645971e-06,-0.833648681640625,-0.35953137278556824,0.04382823780179024,0.7251684665679932,-0.6936984062194824,-0.16072426736354828,0.2796635925769806,0.9089670777320862,1.3978526592254639,0.506972074508667,1.1551151275634766,-0.0103994719684124,-0.0680626854300499,-0.42970845103263855,-0.23398363590240479,0.1900009959936142,-0.24348458647727966,-0.3632156550884247,-0.007983394898474216,0.13805276155471802,0.4993184208869934,0.0,0.0,0.0,0.0,0.0,0.0,0.0,-0.9080096483230591,-0.36920854449272156,0.03224896639585495,0.6857221722602844,-0.7137026190757751,-0.18226155638694763,0.24975791573524475,1.0048828125,1.5,0.9965745806694031,1.5,-0.004605776164680719,-0.699999988079071,-0.699999988079071
568,1783686189.617766,367290.254200,0.050214,0,,,8,-0.19136258959770203,0.1842077225446701,-0.2510790228843689,-0.2782193720340729,-0.03304613009095192,0.18737250566482544,0.49375540018081665,-0.0017837055493146181,-0.00022359997092280537,-0.001783713698387146,-0.00022361039009410888,-0.0018815606599673629,-0.007071268744766712,-5.480647814692929e-06,-0.8338568806648254,-0.35848701000213623,0.04965153709053993,0.7292180061340332,-0.6982443928718567,-0.16080911457538605,0.2734222710132599,0.9100622534751892,1.3984097242355347,0.5065072774887085,1.1555057764053345,-0.010286588221788406,-0.06828922778367996,-0.42994678020477295,-0.22961197793483734,0.1900009959936142,-0.233967125415802,-0.3632156550884247,-0.012838661670684814,0.12958407402038574,0.4947323203086853,0.0,0.0,0.0,0.0,0.0,0.0,0.0,-0.9022194147109985,-0.3653956353664398,0.03224896639585495,0.6857221722602844,-0.7137026190757751,-0.17888683080673218,0.2239358127117157,1.00927734375,1.5,1.0095508098602295,1.5,0.00031535830930806696,-0.699999988079071,-0.699999988079071
569,1783686189.667546,367290.304036,0.049836,0,,,9,-0.19139398634433746,0.18428614735603333,-0.2522769272327423,-0.27866610884666443,-0.03254779055714607,0.18763236701488495,0.4939354956150055,-0.0017828171839937568,-0.00022338905546348542,-0.0017827833071351051,-0.00022339167480822653,-0.0018815243383869529,-0.007074141409248114,-5.312061148288194e-06,-0.836335301399231,-0.3560122549533844,0.05019555985927582,0.7359902262687683,-0.7019756436347961,-0.16088281571865082,0.2721232771873474,0.9110555648803711,1.398813009262085,0.5061476826667786,1.1558012962341309,-0.01019023172557354,-0.0684729516506195,-0.430128812789917,-0.22961197793483734,0.1900009959936142,-0.22603590786457062,-0.35677817463874817,-0.016075506806373596,0.12676118314266205,0.4956495463848114,0.0,0.0,0.0,0.0,0.0,0.0,0.0,-0.9157299399375916,-0.37206825613975525,0.012957610189914703,0.7224193215370178,-0.7219921946525574,-0.205322265625,0.17698651552200317,0.357421875,0.83056640625,0.7986870408058167,0.82763671875,0.25129321217536926,-0.3853759765625,-0.3916992247104645
570,1783686189.717570,367290.354051,0.050015,0,,,10,-0.19093844294548035,0.1843121498823166,-0.25316354632377625,-0.27950775623321533,-0.03222694993019104,0.18752887845039368,0.493774950504303,-0.0017916278447955847,-0.00022472349519375712,-0.001791754737496376,-0.00022474853903986514,-0.0018814154900610447,-0.007082815747708082,-5.498979135154514e-06,-0.83769291639328,-0.3520148694515228,0.05020230636000633,0.7443907856941223,-0.7063133120536804,-0.1621786206960678,0.26427000761032104,0.9113773703575134,1.3985166549682617,0.5058714151382446,1.1557941436767578,-0.009114780463278294,-0.06825320422649384,-0.43022650480270386,-0.2252403199672699,0.1900009959936142,-0.22603590786457062,-0.3696531653404236,-0.014457084238529205,0.14299282431602478,0.4993184208869934,0.0,0.0,0.0,0.0,0.0,0.0,0.0,-0.9331006407737732,-0.36015284061431885,0.005241068545728922,0.7305742502212524,-0.7109394073486328,-0.19013595581054688,0.18503497540950775,0.0,0.0,0.0,0.0,-0.0009149253601208329,0.0,0.0
571,1783686189.767537,367290.404027,0.049976,0,,,11,-0.190568745136261,0.1843239665031433,-0.2525795102119446,-0.27955684065818787,-0.032220155000686646,0.1872890740633011,0.49364444613456726,-0.0017983258003368974,-0.000225742332986556,-0.001798272947780788,-0.00022573854948859662,-0.0018813551869243383,-0.007087655831128359,-5.47051649846253e-06,-0.8415753245353699,-0.34982216358184814,0.04847631976008415,0.7601266503334045,-0.7078863382339478,-0.17087535560131073,0.25299280881881714,0.8919584155082703,1.3760621547698975,0.5065988898277283,1.1431093215942383,0.0033579745795577765,-0.06608931720256805,-0.4272475838661194,-0.22961197793483734,0.1900009959936142,-0.22286342084407806,-0.3583875596523285,-0.007983394898474216,0.1345241367816925,0.4928978681564331,0.0,0.0,0.0,0.0,0.0,0.0,0.0,-0.9331006407737732,-0.36062946915626526,0.016815882176160812,0.7387291193008423,-0.7385713458061218,-0.20419736206531525,0.19710764288902283,0.0,0.0,0.0,0.0,-0.0017351144924759865,0.0,0.0
572,1783686189.817527,367290.454020,0.049993,0,,,12,-0.18838636577129364,0.1843530535697937,-0.2508854866027832,-0.2822875678539276,-0.03210073709487915,0.18847492337226868,0.4936530292034149,-0.0018065912881866097,-0.00022698691464029253,-0.0018062441376969218,-0.000226934120291844,-0.001881181844510138,-0.007094235625118017,-5.453093308460666e-06,-0.8512783646583557,-0.3447933793067932,0.04216447472572327,0.7885347008705139,-0.7129979133605957,-0.17274339497089386,0.24163460731506348,0.7838326096534729,1.223745346069336,0.4817129969596863,1.0261775255203247,0.01059000100940466,-0.060604292899370193,-0.3918352425098419,-0.23252642154693604,0.1900009959936142,-0.2196909338235855,-0.3583875596523285,-0.006364972796291113,0.1317012459039688,0.49335649609565735,0.0,0.0,0.0,0.0,0.0,0.0,0.0,-0.923450231552124,-0.3596762418746948,-0.0024754733312875032,0.7224193215370178,-0.7385713458061218,-0.20250998437404633,0.20951567590236664,0.0,0.0,0.0,0.0029296875,-0.0005048307939432561,0.0,0.0
573,1783686189.867661,367290.504097,0.050077,0,,,13,-0.1881525069475174,0.18436068296432495,-0.24980206787586212,-0.2823795974254608,-0.03177197650074959,0.1885814517736435,0.49350184202194214,-0.0018111098324880004,-0.00022764453024137765,-0.0018104873597621918,-0.0002275484730489552,-0.001881071482785046,-0.0071030245162546635,-5.763493390986696e-06,-0.8540030121803284,-0.34400346875190735,0.0415879562497139,0.7994855642318726,-0.7214439511299133,-0.17265509068965912,0.23936745524406433,0.6986843943595886,1.0872679948806763,0.4424780309200287,0.9147197604179382,0.010489762760698795,-0.05651910603046417,-0.35541507601737976,-0.22961197793483734,0.19194336235523224,-0.21017347276210785,-0.364825040102005,-0.007983394898474216,0.1345241367816925,0.4892289936542511,0.0,0.0,0.0,0.0,0.0,0.0,0.0,-0.9311705827713013,-0.3596762418746948,0.005241068545728922,0.7264967560768127,-0.746860921382904,-0.21150928735733032,0.21018637716770172,0.0,0.0,0.0,0.0,-0.0005048307939432561,0.0,0.0
574,1783686189.917558,367290.554040,0.049943,0,,,14,-0.18822991847991943,0.1843825727701187,-0.24615514278411865,-0.2822665870189667,-0.03109065070748329,0.18849484622478485,0.4931233823299408,-0.0018185549415647984,-0.00022874183196108788,-0.0018177119782194495,-0.00022861066099721938,-0.0018809920875355601,-0.007115836720913649,-5.985048574075336e-06,-0.8513469099998474,-0.3422277867794037,0.03507208451628685,0.8028177618980408,-0.7325305938720703,-0.17267251014709473,0.23987224698066711,0.5726386904716492,0.8770070672035217,0.3771296739578247,0.7422693371772766,0.010336057282984257,-0.053161635994911194,-0.2999913692474365,-0.22961197793483734,0.19194336235523224,-0.2133459597826004,-0.3519500494003296,-0.011220240034162998,0.12958407402038574,0.4959934949874878,0.0,0.0,0.0,0.0,0.0,0.0,0.0,-0.9292404651641846,-0.358722984790802,0.005241068545728922,0.7346516847610474,-0.7496241331100464,-0.20138508081436157,0.19308342039585114,0.0029296875,0.0029296875,0.0,0.0,0.001955736428499222,-0.0027343749534338713,0.0
575,1783686189.967752,367290.604158,0.050118,0,,,15,-0.18820714950561523,0.18447865545749664,-0.24127870798110962,-0.2823321223258972,-0.030693605542182922,0.18851248919963837,0.4925006628036499,-0.0018243405502289534,-0.00022960201022215188,-0.0018233912996947765,-0.00022945457021705806,-0.001881064847111702,-0.007124864496290684,-6.051182481314754e-06,-0.8507561087608337,-0.3419486880302429,0.03401456028223038,0.8044803738594055,-0.739384651184082,-0.17305247485637665,0.24058999121189117,0.4946308434009552,0.7444126605987549,0.3346222937107086,0.6332895755767822,0.010195152834057808,-0.05055740103125572,-0.26512113213539124,-0.23544086515903473,0.19679929316043854,-0.21175971627235413,-0.36160629987716675,-0.007983394898474216,0.12958407402038574,0.4993184208869934,0.0,0.0,0.0,0.0,0.0,0.0,0.0,-0.9128348231315613,-0.3620592951774597,-0.006333744153380394,0.6938770413398743,-0.7385713458061218,-0.1895734965801239,0.20649750530719757,0.0,0.0,0.0,0.0,0.001955736428499222,-0.0013671874767169356,0.0
576,1783686190.102600,367290.738957,0.134799,1,16,0.084778,0,-0.18822933733463287,0.1851627081632614,-0.23683981597423553,-0.28117331862449646,-0.0303165465593338,0.18831336498260498,0.49245792627334595,-0.0018235377501696348,-0.00022935622837394476,-0.0018223065417259932,-0.00022916545276530087,-0.0018810873152688146,-0.0071311877109110355,-5.636346941173542e-06,-0.8495684266090393,-0.3413844108581543,0.03329890966415405,0.8075395226478577,-0.7466222047805786,-0.17275314033031464,0.23989202082157135,0.40074217319488525,0.5829629302024841,0.28238654136657715,0.5000435709953308,0.009995580650866032,-0.04610435664653778,-0.22244389355182648,-0.2529274821281433,0.1900009959936142,-0.23872585594654083,-0.3777000308036804,0.02762189321219921,0.149344339966774,0.48510146141052246,0.0,0.0,0.0,0.0,0.0,0.0,0.0,-0.9504713416099548,-0.36873194575309753,0.024532422423362732,0.6734897494316101,-0.7579137086868286,-0.16763770580291748,0.2494225651025772,0.0,0.0,0.0,0.0,0.00031535830930806696,0.0,0.0
577,1783686190.103004,367290.739472,0.000515,0,,,1,-0.18893977999687195,0.18665750324726105,-0.23645851016044617,-0.2810439467430115,-0.030077574774622917,0.18821509182453156,0.49258071184158325,-0.0018259622156620026,-0.00022966053802520037,-0.001824566861614585,-0.00022944893862586468,-0.0018812824273481965,-0.00713746901601553,-5.7107927204924636e-06,-0.8436504006385803,-0.34125038981437683,0.030675483867526054,0.7991353869438171,-0.7476181983947754,-0.17053155601024628,0.24005910754203796,0.3572466969490051,0.507465660572052,0.25800997018814087,0.4376133978366852,0.009915251284837723,-0.04533810168504715,-0.20236141979694366,-0.2529274821281433,0.1900009959936142,-0.2403120994567871,-0.3777000308036804,0.029240315780043602,0.1528729647397995,0.48693591356277466,0.0,0.0,0.0,0.0,0.0,0.0,0.0,-0.941785991191864,-0.36873194575309753,0.024532422423362732,0.6653348207473755,-0.7689664959907532,-0.19013595581054688,0.23231960833072662,0.0,0.0,0.0,0.0,0.004006209317594767,0.0,0.0
578,1783686190.117746,367290.754144,0.014673,0,,,2,-0.1904519647359848,0.18844573199748993,-0.23551125824451447,-0.2811141014099121,-0.029629237949848175,0.18801675736904144,0.4928423762321472,-0.0018279991345480084,-0.00022989879653323442,-0.0018272368470206857,-0.00022978414199315012,-0.0018815431976690888,-0.007146062329411507,-5.686371878255159e-06,-0.8375122547149658,-0.34111690521240234,0.02760656550526619,0.7891151905059814,-0.7483574151992798,-0.1683850884437561,0.24039340019226074,0.30224695801734924,0.41160956025123596,0.22709184885025024,0.3584069609642029,0.009776837192475796,-0.04473477974534035,-0.1766553819179535,-0.2558419108390808,0.1900009959936142,-0.2403120994567871,-0.3712625205516815,0.022766627371311188,0.15357868373394012,0.4907194674015045,0.0,0.0,0.0,0.0,0.0,0.0,0.0,-0.9379258155822754,-0.3711149990558624,0.016815882176160812,0.6327151656150818,-0.7385713458061218,-0.16876260936260223,0.25478819012641907,0.0,0.0,0.0,0.0,-0.0009149253601208329,0.0,0.0
579,1783686190.167868,367290.804231,0.050087,0,,,3,-0.19384685158729553,0.1886442005634308,-0.23610863089561462,-0.2816835343837738,-0.025533486157655716,0.1903446465730667,0.49288517236709595,-0.0018231793073937297,-0.00022903834178578109,-0.001820625038817525,-0.00022865580103825778,-0.001881877426058054,-0.007152896374464035,-5.709593096980825e-06,-0.8382095098495483,-0.34244996309280396,0.0296068973839283,0.783639669418335,-0.7527538537979126,-0.1655922383069992,0.2447516769170761,0.27076178789138794,0.35639265179634094,0.2092665731906891,0.31277790665626526,0.009664741344749928,-0.043743520975112915,-0.16161644458770752,-0.2529274821281433,0.1900009959936142,-0.24348458647727966,-0.3744812607765198,0.029240315780043602,0.15781302750110626,0.4956495463848114,0.0,0.0,0.0,0.0,0.0,0.0,0.0,-0.9273104071617126,-0.3682553172111511,0.03224896639585495,0.6123278141021729,-0.7330449819564819,-0.16088822484016418,0.2601538300514221,0.0,0.0,0.0,0.0,0.003186020301654935,0.0,0.0
580,1783686190.217728,367290.854144,0.049913,0,,,4,-0.20397475361824036,0.18796731531620026,-0.24514032900333405,-0.2857046127319336,-0.01540265791118145,0.19663192331790924,0.49264630675315857,-0.0018072525272145867,-0.00022633690969087183,-0.0018063378520309925,-0.00022621391690336168,-0.0018827298190444708,-0.007156631909310818,-5.388794306782074e-06,-0.8440083861351013,-0.34588998556137085,0.03945653885602951,0.7585356831550598,-0.7589051127433777,-0.1554541438817978,0.26130473613739014,0.23720520734786987,0.2963224947452545,0.19050663709640503,0.26314616203308105,0.009531457908451557,-0.04301757365465164,-0.147823303937912,-0.25438469648361206,0.1900009959936142,-0.2403120994567871,-0.3825281262397766,0.016292937099933624,0.1585187464952469,0.4947323203086853,0.0,0.0,0.0,0.0,0.0,0.0,0.0,-0.9118697643280029,-0.3706384003162384,0.012957610189914703,0.559320867061615,-0.7551504969596863,-0.15413875877857208,0.25478819012641907,0.0,0.0,0.0,0.01171875,-0.0013250198680907488,-0.0027343749534338713,0.0
581,1783686190.267797,367290.904068,0.049924,0,,,5,-0.2080790102481842,0.18679477274417877,-0.25303712487220764,-0.2889450788497925,-0.010324482806026936,0.1997782438993454,0.4924563765525818,-0.0018165601650252938,-0.0002277625899296254,-0.0018164260545745492,-0.00022775364050175995,-0.0018826856976374984,-0.007160851266235113,-5.39910843144753e-06,-0.8451664447784424,-0.3462577164173126,0.04635631665587425,0.7292965650558472,-0.7586185336112976,-0.14846080541610718,0.2716968357563019,0.21818730235099792,0.26186713576316833,0.1800159513950348,0.23470710217952728,0.009465651586651802,-0.04275958612561226,-0.13877816498279572,-0.2529274821281433,0.1900009959936142,-0.23713961243629456,-0.3777000308036804,0.019529782235622406,0.15357868373394012,0.48968759179115295,0.0,0.0,0.0,0.0,0.0,0.0,0.0,-0.882918655872345,-0.370161771774292,0.016815882176160812,0.5430110096931458,-0.7440977692604065,-0.1490766406059265,0.2762507200241089,0.0,0.0,0.0,0.0,0.003596114693209529,0.0,0.0
582,1783686190.317626,367290.954046,0.049978,0,,,6,-0.21019957959651947,0.18539448082447052,-0.2593008577823639,-0.29504862427711487,-0.008584213443100452,0.2028323858976364,0.49173083901405334,-0.00184589100535959,-0.00023234999389387667,-0.0018467380432412028,-0.0002324890810996294,-0.0018825753359124064,-0.0071751829236745834,-5.97314419792383e-06,-0.8391287326812744,-0.3463771343231201,0.0482165552675724,0.6777053475379944,-0.7593652606010437,-0.1420377641916275,0.2801419496536255,0.1975463628768921,0.22437867522239685,0.16864348948001862,0.20460927486419678,0.00936042983084917,-0.04242779687047005,-0.12833788990974426,-0.25729915499687195,0.1900009959936142,-0.24665707349777222,-0.3777000308036804,0.019529782235622406,0.15499013662338257,0.4965094327926636,0.0,0.0,0.0,0.0,0.0,0.0,0.0,-0.8732682466506958,-0.37206825613975525,0.009099339134991169,0.4777716100215912,-0.7413345575332642,-0.13051559031009674,0.2950304448604584,0.0,0.0029296875,0.0,0.0,0.001955736428499222,0.0,0.0
583,1783686190.367732,367291.004129,0.050083,0,,,7,-0.21054238080978394,0.18511445820331573,-0.25976863503456116,-0.29621273279190063,-0.007980583235621452,0.20326939225196838,0.49081775546073914,-0.00186482525896281,-0.00023529762984253466,-0.001864864258095622,-0.00023531053739134222,-0.0018822464626282454,-0.007186817470937967,-6.226358891581185e-06,-0.8295971751213074,-0.34686487913131714,0.047965142875909805,0.6429541110992432,-0.7593883872032166,-0.13934895396232605,0.2862788736820221,0.18502172827720642,0.20276305079460144,0.1614382266998291,0.18744060397148132,0.009299113415181637,-0.042209334671497345,-0.12227299809455872,-0.2529274821281433,0.1900009959936142,-0.2545882761478424,-0.39057499170303345,0.019529782235622406,0.15781302750110626,0.4956495463848114,0.0,0.0,0.0,0.0,0.0,0.0,0.0,-0.846247136592865,-0.37492793798446655,0.0013827976072207093,0.4635004997253418,-0.7330449819564819,-0.1361401528120041,0.2950304448604584,0.0,0.0,0.0,0.0,-0.0005048307939432561,0.0,-0.0013671874767169356
584,1783686190.417857,367291.054253,0.050124,0,,,8,-0.21215476095676422,0.18511156737804413,-0.26070907711982727,-0.2969704866409302,-0.0070533533580601215,0.20407803356647491,0.49080216884613037,-0.0018710849108174443,-0.00023616508406121284,-0.0018710962031036615,-0.00023617064289283007,-0.0018819496035575867,-0.007195528130978346,-5.932956355536589e-06,-0.8104081749916077,-0.34800300002098083,0.04635074734687805,0.5912875533103943,-0.7590839266777039,-0.1297198385000229,0.3015543222427368,0.1711658090353012,0.17943492531776428,0.1533612459897995,0.1680353730916977,0.009216179139912128,-0.041862741112709045,-0.11540354788303375,-0.2587563693523407,0.1900009959936142,-0.2545882761478424,-0.38413751125335693,0.019529782235622406,0.15781302750110626,0.5029873251914978,0.0,0.0,0.0,0.0,0.0,0.0,0.0,-0.8158484101295471,-0.38088563084602356,-0.02176682837307453,0.3819512724876404,-0.7385713458061218,-0.1023927852511406,0.3084445297718048,0.0,0.0,0.0,0.0,0.0023658310528844595,0.0,0.0
585,1783686190.467776,367291.104164,0.049911,0,,,9,-0.21238186955451965,0.18512806296348572,-0.2638266086578369,-0.30004629492759705,-0.006460035219788551,0.20558027923107147,0.49089789390563965,-0.0018734564073383808,-0.0002364379179198295,-0.001874110079370439,-0.00023654350661672652,-0.0018821748672053218,-0.007198242470622063,-5.6045078054012265e-06,-0.7948368787765503,-0.34924057126045227,0.042292602360248566,0.5604919195175171,-0.7581734657287598,-0.12637314200401306,0.3093521296977997,0.1633022278547287,0.16611160337924957,0.1488162726163864,0.15668880939483643,0.00913921371102333,-0.04160137474536896,-0.11126391589641571,-0.2587563693523407,0.1900009959936142,-0.2609332501888275,-0.3809187710285187,0.016292937099933624,0.1592244803905487,0.5066562294960022,0.0,0.0,0.0,0.0,0.0,0.0,0.0,-0.8018553853034973,-0.38350701332092285,-0.03719991073012352,0.33302173018455505,-0.7358081340789795,-0.0911436602473259,0.32588282227516174,0.0,0.0,0.0,0.0,0.0007254528463818133,0.0,0.0
586,1783686190.517737,367291.154153,0.049989,0,,,10,-0.21404346823692322,0.18510614335536957,-0.26927468180656433,-0.30335456132888794,-0.0056382217444479465,0.20618382096290588,0.49187153577804565,-0.0018867895705625415,-0.00023843825329095125,-0.001886774436570704,-0.00023843676899559796,-0.0018816287629306316,-0.007214655634015799,-6.120922535046702e-06,-0.7598244547843933,-0.35213303565979004,0.027859151363372803,0.4977802634239197,-0.7574743628501892,-0.10977763682603836,0.32495740056037903,0.1546814888715744,0.15037652850151062,0.14408788084983826,0.14334888756275177,0.009036416187882423,-0.041136328130960464,-0.10610294342041016,-0.2587563693523407,0.1900009959936142,-0.25934702157974243,-0.3937937319278717,0.00981924869120121,0.1585187464952469,0.507114827632904,0.0,0.0,0.0,0.0,0.0,0.0,0.0,-0.7536033987998962,-0.3913711905479431,-0.060349538922309875,0.265743613243103,-0.7551504969596863,-0.0888938307762146,0.3205171823501587,0.0,0.0,0.0,0.005859375,0.001955736428499222,0.0,0.0
587,1783686190.567728,367291.204119,0.049966,0,,,11,-0.2148938626050949,0.18514735996723175,-0.27123117446899414,-0.3034668564796448,-0.005316421389579773,0.20678652822971344,0.49351373314857483,-0.001890019979327917,-0.00023887325369287282,-0.0018896945985034108,-0.0002388191787758842,-0.0018813979113474488,-0.007220675703138113,-6.001641395414481e-06,-0.7418741583824158,-0.3546479642391205,0.017064109444618225,0.4609403908252716,-0.7571870684623718,-0.09900446236133575,0.33551979064941406,0.1511528342962265,0.14315874874591827,0.14230480790138245,0.13725826144218445,0.00897378008812666,-0.040336333215236664,-0.10306756943464279,-0.2587563693523407,0.1900009959936142,-0.26569199562072754,-0.39057499170303345,0.008200827054679394,0.16063591837882996,0.5158284306526184,0.0,0.0,0.0,0.0,0.0,0.0,0.0,-0.6908758878707886,-0.39256271719932556,-0.07578261941671371,0.17094261944293976,-0.7385713458061218,-0.0843941867351532,0.34466254711151123,0.0,0.0,0.0,0.0,-0.002555303508415818,0.0,0.0
588,1783686190.617687,367291.254096,0.049977,0,,,12,-0.21593934297561646,0.1851596236228943,-0.2751120924949646,-0.30546095967292786,-0.005426966585218906,0.208359494805336,0.4952585995197296,-0.001903233933262527,-0.000240866414969787,-0.0019036303274333477,-0.00024092775129247457,-0.0018818243406713009,-0.007232969161123037,-6.1358614402706735e-06,-0.7023031115531921,-0.36144688725471497,-0.006763807497918606,0.3864811658859253,-0.7580081224441528,-0.0858103558421135,0.34587907791137695,0.14705190062522888,0.134099081158638,0.1403077393770218,0.13001538813114166,0.008887466043233871,-0.038821566849946976,-0.09840621054172516,-0.2587563693523407,0.1900009959936142,-0.2688644826412201,-0.39057499170303345,0.008200827054679394,0.1616945117712021,0.5194973349571228,0.0,0.0,0.0,0.0,0.0,0.0,0.0,-0.6696450710296631,-0.39494580030441284,-0.09893224388360977,0.07104481756687164,-0.7081762552261353,-0.055146459490060806,0.3567352294921875,0.0087890625,0.005859375,0.005190492607653141,0.005859375,-0.0013250198680907488,-0.0068359375,-0.004101562313735485
589,1783686190.667659,367291.304058,0.049962,0,,,13,-0.21644897758960724,0.18522852659225464,-0.27712127566337585,-0.3073138892650604,-0.00561975222080946,0.20883895456790924,0.49867749214172363,-0.0019086383981630206,-0.00024166870571207255,-0.001909072045236826,-0.00024173667770810425,-0.001881810138002038,-0.0072437166236341,-6.277137799770571e-06,-0.6642818450927734,-0.3658770024776459,-0.025082411244511604,0.3196808099746704,-0.7576505541801453,-0.07743288576602936,0.3548276722431183,0.1443241387605667,0.12883895635604858,0.13877345621585846,0.12591151893138885,0.008807817474007607,-0.03735702484846115,-0.09520892053842545,-0.2587563693523407,0.1900009959936142,-0.2767956852912903,-0.3937937319278717,0.00981924869120121,0.1588716208934784,0.5149112343788147,0.0,0.0,0.0,0.0,0.0,0.0,0.0,-0.626218318939209,-0.39208611845970154,-0.12594014406204224,-0.006426951382309198,-0.7247554063796997,-0.057396285235881805,0.35807663202285767,0.0,0.0,0.0,0.0,0.00113554741255939,0.0,0.0
590,1783686190.717630,367291.354023,0.049965,0,,,14,-0.21698947250843048,0.18540754914283752,-0.2797938585281372,-0.3085240125656128,-0.0058540040627121925,0.20947083830833435,0.5042281150817871,-0.0019057798199355602,-0.0002410452434560284,-0.0019056410528719425,-0.00024102060706354678,-0.001881508040241897,-0.007252329960465431,-5.879457603441551e-06,-0.6129821538925171,-0.3680232763290405,-0.05158786475658417,0.20861408114433289,-0.7486599683761597,-0.05815275385975838,0.37118226289749146,0.1425371766090393,0.12328645586967468,0.13784992694854736,0.12135937064886093,0.008682050742208958,-0.03710110858082771,-0.09397874772548676,-0.2587563693523407,0.1900009959936142,-0.2752094566822052,-0.3937937319278717,0.00658240495249629,0.15357868373394012,0.5149112343788147,0.0,0.0,0.0,0.0,0.0,0.0,0.0,-0.5876167416572571,-0.387319952249527,-0.12594014406204224,-0.0706469714641571,-0.719228982925415,-0.04052259773015976,0.35807663202285767,0.0,0.0,0.0,0.0029296875,0.00113554741255939,0.0,0.0
591,1783686190.767637,367291.404047,0.050024,0,,,15,-0.21717560291290283,0.18548446893692017,-0.2836349308490753,-0.30883556604385376,-0.005971697624772787,0.20982177555561066,0.5053489208221436,-0.0019041085615754128,-0.00024066356127150357,-0.0019042100757360458,-0.0002406772691756487,-0.0018816639203578234,-0.007254648953676224,-5.603460522252135e-06,-0.5880767703056335,-0.3681410253047943,-0.06901458650827408,0.14544722437858582,-0.7465968132019043,-0.05099165812134743,0.37673503160476685,0.14203155040740967,0.12083270400762558,0.13746051490306854,0.11926143616437912,0.008622678928077221,-0.0369645394384861,-0.09364186227321625,-0.2587563693523407,0.1900009959936142,-0.2815544009208679,-0.395403116941452,0.00981924869120121,0.16345882415771484,0.5185801386833191,0.0,0.0,0.0,0.0,0.0,0.0,0.0,-0.5644558072090149,-0.38112393021583557,-0.1529480367898941,-0.15219619870185852,-0.6998866200447083,-0.01464961376041174,0.3755149245262146,0.005859375,0.0,0.0,0.0,0.00031535830930806696,0.0,0.0
592,1783686190.903774,367291.540200,0.136153,1,16,0.086184,0,-0.21707017719745636,0.18554259836673737,-0.2893196642398834,-0.3092209994792938,-0.006347585469484329,0.2099946141242981,0.5057668685913086,-0.0019136862829327583,-0.0002420757373329252,-0.0019142302917316556,-0.00024216290330514312,-0.0018821452977135777,-0.007266143336892128,-5.874755061086034e-06,-0.5515469312667847,-0.36778464913368225,-0.08901487290859222,0.05360929295420647,-0.7427960634231567,-0.03835242614150047,0.38105881214141846,0.14008022844791412,0.1172688826918602,0.1361631155014038,0.11630399525165558,0.00853587593883276,-0.03674386814236641,-0.09311104565858841,-0.2587563693523407,0.1900009959936142,-0.2815544009208679,-0.3777000308036804,0.05513507127761841,0.11335242539644241,0.5039045214653015,0.0,0.0,0.0,0.0,0.0,0.0,0.0,-0.5470851063728333,-0.4025716483592987,-0.13751496374607086,-0.12059587240219116,-0.6694915294647217,-0.004525402095168829,0.3969774544239044,0.0,0.0,0.0,0.0,-9.47362495935522e-05,0.0,0.0
593,1783686190.904062,367291.540590,0.000390,0,,,1,-0.21709798276424408,0.18558844923973083,-0.29201680421829224,-0.3102596700191498,-0.006489013787358999,0.210511714220047,0.5065529346466064,-0.0019199184607714415,-0.00024301539815496653,-0.0019203200936317444,-0.00024308123101945966,-0.0018822201527655125,-0.007272913120687008,-5.927517577219987e-06,-0.5302532315254211,-0.3650725483894348,-0.10104063898324966,-0.0028628851287066936,-0.7368261218070984,-0.027758022770285606,0.3869805932044983,0.13896705210208893,0.11531904339790344,0.13536518812179565,0.11471997201442719,0.00847769994288683,-0.036594144999980927,-0.09277315437793732,-0.2587563693523407,0.1900009959936142,-0.27838194370269775,-0.3712625205516815,0.05837191641330719,0.11617531627416611,0.5057389736175537,0.0,0.0,0.0,0.0,0.0,0.0,0.0,-0.5162038803100586,-0.3942308723926544,-0.17223939299583435,-0.19093208014965057,-0.6667283177375793,0.01459810882806778,0.3902704119682312,0.0,0.0,0.0,0.0029296875,0.0007254528463818133,0.0,-0.0013671874767169356
594,1783686190.917648,367291.554132,0.013543,0,,,2,-0.21712948381900787,0.1856658011674881,-0.2949644923210144,-0.31118467450141907,-0.006625276990234852,0.21198411285877228,0.5077653527259827,-0.0019281399436295033,-0.0002441910037305206,-0.0019284888403490186,-0.00024424956063739955,-0.0018823530990630388,-0.0072824666276574135,-5.834427611262072e-06,-0.5152371525764465,-0.36271390318870544,-0.11490088701248169,-0.061097562313079834,-0.7273122668266296,-0.01624595932662487,0.3931880593299866,0.13772271573543549,0.1125684306025505,0.1339343786239624,0.11226421594619751,0.008375891484320164,-0.0363156683743,-0.0921935960650444,-0.2587563693523407,0.1900009959936142,-0.2815544009208679,-0.3777000308036804,0.05513507127761841,0.12182111293077469,0.507114827632904,0.0,0.0,0.0,0.0,0.0,0.0,0.0,-0.47567224502563477,-0.38970303535461426,-0.18381421267986298,-0.25617146492004395,-0.6390963792800903,0.021347584202885628,0.38892900943756104,0.0,0.0029296875,0.0,0.0,0.00031535830930806696,0.0,0.0
595,1783686190.967710,367291.604169,0.050037,0,,,3,-0.2174908071756363,0.18557427823543549,-0.297874391078949,-0.3093143105506897,-0.0029657785780727863,0.20849460363388062,0.5075749158859253,-0.0019477270543575287,-0.00024725814000703394,-0.00194687454495579,-0.0002471527550369501,-0.0018820512341335416,-0.007292378228157759,-6.111473794589983e-06,-0.5045349597930908,-0.36395263671875,-0.122186079621315,-0.0846567302942276,-0.7188786268234253,-0.007975893095135689,0.39678213000297546,0.13657082617282867,0.11103687435388565,0.13270297646522522,0.11089921742677689,0.008310162462294102,-0.036153558641672134,-0.0918147936463356,-0.2587563693523407,0.1900009959936142,-0.287899374961853,-0.3777000308036804,0.0567534938454628,0.11970394104719162,0.5064269304275513,0.0,0.0,0.0,0.0,0.0,0.0,0.0,-0.4390007555484772,-0.37778761982917786,-0.19924728572368622,-0.3214108645915985,-0.6225172281265259,0.041596006602048874,0.383563369512558,0.0,0.0,0.0,0.0,0.0007254528463818133,0.0,0.0
596,1783686191.017503,367291.653999,0.049829,0,,,4,-0.21781474351882935,0.18548467755317688,-0.30053839087486267,-0.30492714047431946,0.01047234982252121,0.1954840123653412,0.5062637329101562,-0.0019681777339428663,-0.00025041154003702104,-0.001967063872143626,-0.0002502668939996511,-0.00188164331484586,-0.007309378124773502,-6.494166882475838e-06,-0.456378698348999,-0.36638343334198,-0.140885591506958,-0.14764733612537384,-0.6942960619926453,0.01329832337796688,0.4046945869922638,0.13472552597522736,0.10945693403482437,0.13140042126178741,0.10957962274551392,0.008221572265028954,-0.03594581037759781,-0.09129908680915833,-0.2587563693523407,0.1900009959936142,-0.2894856333732605,-0.36804378032684326,0.0567534938454628,0.11758676916360855,0.5066562294960022,0.0,0.0,0.0,0.0,0.0,0.0,0.0,-0.4081195294857025,-0.3620592951774597,-0.21853864192962646,-0.3846115171909332,-0.6087012887001038,0.05284513160586357,0.38892900943756104,0.0,0.005859375,0.0,0.0,0.002775925677269697,0.0,-0.0068359375
597,1783686191.067644,367291.704088,0.050090,0,,,5,-0.21710948646068573,0.18602444231510162,-0.3007228672504425,-0.3046213984489441,0.016446931287646294,0.19003501534461975,0.5062299370765686,-0.0019605241250246763,-0.000249041011556983,-0.0019593238830566406,-0.0002488739264663309,-0.0018814373761415482,-0.007319733500480652,-6.541671609738842e-06,-0.4217550456523895,-0.36219966411590576,-0.15283556282520294,-0.19561384618282318,-0.6783364415168762,0.026880787685513496,0.40768808126449585,0.13401839137077332,0.10880754888057709,0.1310228854417801,0.10887148976325989,0.008166288956999779,-0.035791076719760895,-0.090967558324337,-0.2587563693523407,0.1900009959936142,-0.2847268879413605,-0.3696531653404236,0.06160876154899597,0.11264669895172119,0.5064269304275513,0.0,0.0,0.0,0.0,0.0,0.0,0.0,-0.3810984492301941,-0.3444245159626007,-0.24554654955863953,-0.4457734227180481,-0.5562006235122681,0.06859390437602997,0.4050258994102478,0.0029296875,0.0029296875,0.005190492607653141,0.0029296875,0.004416303709149361,-0.0013671874767169356,-0.0027343749534338713
598,1783686191.117594,367291.754032,0.049943,0,,,6,-0.21708360314369202,0.18623077869415283,-0.3017936944961548,-0.3005636930465698,0.0229928158223629,0.1829630583524704,0.5060136914253235,-0.001960041234269738,-0.0002487518358975649,-0.0019585825502872467,-0.00024853149079717696,-0.0018809365574270487,-0.007337428163737059,-6.619965915888315e-06,-0.3743801414966583,-0.3473568558692932,-0.17554233968257904,-0.2720840573310852,-0.6526340246200562,0.04894065484404564,0.41381946206092834,0.13337069749832153,0.1081283688545227,0.13043764233589172,0.10793279856443405,0.008090374059975147,-0.03551227226853371,-0.09042511135339737,-0.2587563693523407,0.1900009959936142,-0.2847268879413605,-0.36160629987716675,0.06322718411684036,0.10841235518455505,0.50482177734375,0.0,0.0,0.0,0.0,0.0,0.0,0.0,-0.33670663833618164,-0.323453426361084,-0.25326308608055115,-0.5089740753173828,-0.5437662601470947,0.10909075289964676,0.38892900943756104,0.0029296875,0.0146484375,0.005190492607653141,0.0087890625,0.00113554741255939,-0.0027343749534338713,-0.00820312462747097
599,1783686191.167689,367291.804166,0.050135,0,,,7,-0.21704870462417603,0.1862572431564331,-0.30228719115257263,-0.29736027121543884,0.02648070640861988,0.17935873568058014,0.5056158900260925,-0.001969544216990471,-0.0002501488197594881,-0.001968108583241701,-0.0002499311522115022,-0.0018809138564392924,-0.007351292762905359,-6.8145864133839495e-06,-0.34788602590560913,-0.33373552560806274,-0.19517093896865845,-0.3252912759780884,-0.627774715423584,0.06475958228111267,0.41994455456733704,0.13297854363918304,0.10772358626127243,0.13006539642810822,0.10751300305128098,0.008052347227931023,-0.03533109650015831,-0.09006369858980179,-0.2587563693523407,0.1900009959936142,-0.2767956852912903,-0.36160629987716675,0.06484560668468475,0.10488373786211014,0.50482177734375,0.0,0.0,0.0,0.0,0.0,0.0,0.0,-0.305825412273407,-0.31106141209602356,-0.2686961591243744,-0.5415937900543213,-0.5092263221740723,0.10684092342853546,0.37283211946487427,0.005859375,0.0,0.0,0.0,-0.0009149253601208329,0.0,0.0
600,1783686191.217526,367291.853986,0.049820,0,,,8,-0.21697336435317993,0.1863052248954773,-0.3025742173194885,-0.2918809950351715,0.030417872592806816,0.17436817288398743,0.5048995018005371,-0.001980178290978074,-0.0002516608510632068,-0.0019788912031799555,-0.00025146425468847156,-0.0018808706663548946,-0.007371038198471069,-6.992095677560428e-06,-0.3111804723739624,-0.31466785073280334,-0.21690456569194794,-0.3998359441757202,-0.5975513458251953,0.09051898866891861,0.4201759099960327,0.13240788877010345,0.10719975084066391,0.12952719628810883,0.1069682240486145,0.00797856692224741,-0.035090550780296326,-0.08958128094673157,-0.2587563693523407,0.1900009959936142,-0.27838194370269775,-0.35516878962516785,0.06484560668468475,0.09853222221136093,0.4974839985370636,0.0,0.0,0.0,0.0,0.0,0.0,0.0,-0.27494415640830994,-0.29104354977607727,-0.2764127254486084,-0.5905233025550842,-0.4650152325630188,0.12258969992399216,0.3386262059211731,0.0,0.0,0.0,0.0,-0.0013250198680907488,0.0,0.0
601,1783686191.267534,367291.903995,0.050009,0,,,9,-0.21692520380020142,0.18632525205612183,-0.3023926317691803,-0.2888873517513275,0.0322607047855854,0.17170065641403198,0.504336416721344,-0.0019876654259860516,-0.0002527305332478136,-0.0019868803210556507,-0.00025261371047236025,-0.0018810497131198645,-0.007382612209767103,-6.989938810875174e-06,-0.2885947823524475,-0.3036718964576721,-0.22823163866996765,-0.43834951519966125,-0.5763517022132874,0.1019802987575531,0.4161551594734192,0.13199745118618011,0.10679206252098083,0.12910515069961548,0.10655536502599716,0.007907714694738388,-0.03490488976240158,-0.08921502530574799,-0.2558419108390808,0.1900009959936142,-0.27362319827079773,-0.34873130917549133,0.05999033898115158,0.09359215199947357,0.49152204394340515,0.0,0.0,0.0,0.0,0.0,0.0,0.0,-0.23055237531661987,-0.27865153551101685,-0.28412926197052,-0.6476078033447266,-0.4000801742076874,0.16083672642707825,0.29637184739112854,0.0,0.0,0.0,0.0,-0.00624615466222167,0.0,-0.0013671874767169356
602,1783686191.317650,367291.954122,0.050128,0,,,10,-0.21687062084674835,0.18636640906333923,-0.3014892339706421,-0.2844816744327545,0.03459061309695244,0.16528762876987457,0.5016068816184998,-0.001997490879148245,-0.00025405234191566706,-0.0019971237052232027,-0.00025400021695531905,-0.001880871830508113,-0.0074018859304487705,-6.9372131292766426e-06,-0.24915185570716858,-0.2831610143184662,-0.24420221149921417,-0.4973065257072449,-0.5327281951904297,0.12350429594516754,0.39691320061683655,0.13132089376449585,0.10621173679828644,0.12848134338855743,0.1059768870472908,0.007797365542501211,-0.034643225371837616,-0.0887017548084259,-0.2558419108390808,0.1900009959936142,-0.26569199562072754,-0.3422938287258148,0.06160876154899597,0.08724063634872437,0.48670661449432373,0.0,0.0,0.0,0.0,0.0,0.0,0.0,-0.21125160157680511,-0.27007246017456055,-0.28412926197052,-0.663917601108551,-0.3558690845966339,0.17208585143089294,0.2601538300514221,0.0,0.0,0.0,0.005859375,-0.002965398132801056,0.0,0.0
603,1783686191.367695,367292.004070,0.049948,0,,,11,-0.21642367541790009,0.1863512396812439,-0.30037182569503784,-0.2812149226665497,0.03513963147997856,0.16094475984573364,0.49851372838020325,-0.0020071028266102076,-0.0002554585807956755,-0.0020065875723958015,-0.00025537933106534183,-0.0018804807914420962,-0.007415310014039278,-7.095624368957942e-06,-0.22191132605075836,-0.2720869779586792,-0.25062716007232666,-0.5350364446640015,-0.4993320405483246,0.1413930505514145,0.37796393036842346,0.13073769211769104,0.10584500432014465,0.12808340787887573,0.10561215877532959,0.007704529911279678,-0.034478746354579926,-0.0883798748254776,-0.2500130534172058,0.1900009959936142,-0.2530020475387573,-0.3358563184738159,0.05999033898115158,0.07877194881439209,0.4818911850452423,0.0,0.0,0.0,0.0,0.0,0.0,0.0,-0.16878989338874817,-0.2605401277542114,-0.2764127254486084,-0.6965373158454895,-0.22738060355186462,0.21483251452445984,0.19308342039585114,0.01171875,0.0029296875,0.0,0.0029296875,0.00031535830930806696,-0.0027343749534338713,-0.004101562313735485
604,1783686191.417733,367292.054147,0.050077,0,,,12,-0.21539346873760223,0.18633520603179932,-0.29424917697906494,-0.27303141355514526,0.035975854843854904,0.15403249859809875,0.49288493394851685,-0.002023404696956277,-0.0002578398853074759,-0.002022321103140712,-0.0002576691622380167,-0.0018800435354933143,-0.007438435219228268,-7.22319873602828e-06,-0.1858154982328415,-0.25863224267959595,-0.25659313797950745,-0.581250011920929,-0.43761545419692993,0.1686810404062271,0.338375985622406,0.1296411156654358,0.10521896183490753,0.12731130421161652,0.10501039028167725,0.007560386322438717,-0.034176234155893326,-0.08782567828893661,-0.24709860980510712,0.1900009959936142,-0.25776076316833496,-0.33263757824897766,0.05999033898115158,0.07453760504722595,0.4745534062385559,0.0,0.0,0.0,0.0,0.0,0.0,0.0,-0.1610695868730545,-0.2605401277542114,-0.2764127254486084,-0.729157030582428,-0.18040631711483002,0.23283112049102783,0.1394270956516266,0.005859375,0.0029296875,0.005190492607653141,0.0087890625,0.00113554741255939,-0.0054687499068677425,-0.0054687499068677425
605,1783686191.467716,367292.104136,0.049989,0,,,13,-0.21276921033859253,0.1862371265888214,-0.2877918481826782,-0.2676965892314911,0.036434050649404526,0.14857453107833862,0.4884074628353119,-0.002042009262368083,-0.0002607089118100703,-0.0020408532582223415,-0.00026052494649775326,-0.0018797634402289987,-0.007453381549566984,-7.283194463525433e-06,-0.15908542275428772,-0.25115135312080383,-0.2571020722389221,-0.6083272099494934,-0.37615445256233215,0.19278740882873535,0.300673246383667,0.12911570072174072,0.10480993241071701,0.1266488879919052,0.10461018979549408,0.007491628173738718,-0.033992111682891846,-0.0874699205160141,-0.24126973748207092,0.1900009959936142,-0.24348458647727966,-0.3294188380241394,0.0567534938454628,0.059011682868003845,0.4644639492034912,0.0,0.0,0.0,0.0,0.0,0.0,0.0,-0.12246803194284439,-0.2624466121196747,-0.26097962260246277,-0.7495443224906921,-0.08093136548995972,0.23958058655261993,0.09381921589374542,0.0,0.0,0.0025952463038265705,0.0,0.005236492957919836,-0.0027343749534338713,-0.0027343749534338713
606,1783686191.517562,367292.154046,0.049910,0,,,14,-0.20857638120651245,0.18629193305969238,-0.2800511419773102,-0.2617269456386566,0.03704605624079704,0.14176885783672333,0.483200341463089,-0.0020441969390958548,-0.0002608297218102962,-0.0020432528108358383,-0.00026067704311572015,-0.0018795612268149853,-0.007466039154678583,-6.759424195479369e-06,-0.1322111040353775,-0.24589352309703827,-0.2570442855358124,-0.6393972039222717,-0.2966627776622772,0.22540631890296936,0.24568262696266174,0.12852129340171814,0.10425484925508499,0.12599007785320282,0.1040775403380394,0.007414070889353752,-0.03373230993747711,-0.08698923885822296,-0.24272695183753967,0.1900009959936142,-0.23872585594654083,-0.31976261734962463,0.0567534938454628,0.05477733910083771,0.4607950747013092,0.0,0.0,0.0,0.0,0.0,0.0,0.0,-0.0993070974946022,-0.2719789147377014,-0.2686961591243744,-0.7576992511749268,-0.009088339284062386,0.2733279764652252,0.03211443871259689,0.0029296875,0.0,0.0025952463038265705,0.0,0.005236492957919836,0.0,0.0
607,1783686191.567556,367292.203996,0.049949,0,,,15,-0.20486846566200256,0.18625150620937347,-0.27607983350753784,-0.25826334953308105,0.03726477921009064,0.13567544519901276,0.47776228189468384,-0.0020533606875687838,-0.00026214829995296896,-0.0020528158638626337,-0.0002620594168547541,-0.001879535149782896,-0.0074781384319067,-6.91576360623003e-06,-0.11379548162221909,-0.24566850066184998,-0.25567638874053955,-0.6588051319122314,-0.24054408073425293,0.24138428270816803,0.20832471549510956,0.12757860124111176,0.1038924977183342,0.12536434829235077,0.103722482919693,0.007384579163044691,-0.033578112721443176,-0.08668202906847,-0.22961197793483734,0.1900009959936142,-0.21651844680309296,-0.32620009779930115,0.048661381006240845,0.05336588993668556,0.4516228437423706,0.0,0.0,0.0,0.0,0.0,0.0,0.0,-0.09158679097890854,-0.276745080947876,-0.2301134616136551,-0.7576992511749268,0.07657065242528915,0.2710781395435333,-0.009469215758144855,0.0,0.0,0.0,0.0029296875,-0.002965398132801056,0.0,0.0
608,1783686191.694440,367292.330902,0.126906,1,16,0.076908,0,-0.20095400512218475,0.1861850768327713,-0.2662358283996582,-0.2507765591144562,0.03751387447118759,0.12632615864276886,0.4695330262184143,-0.0020699836313724518,-0.0002645986096467823,-0.002069388749077916,-0.00026450096629559994,-0.0018795514479279518,-0.007503670174628496,-7.290092071343679e-06,-0.08338259160518646,-0.2495463490486145,-0.25028330087661743,-0.6829098463058472,-0.1424417495727539,0.2686030864715576,0.14198067784309387,0.12557238340377808,0.10326983034610748,0.1240074634552002,0.10310199856758118,0.0073425439186394215,-0.03327971696853638,-0.08613887429237366,-0.24418416619300842,0.1900009959936142,-0.23713961243629456,-0.3052782416343689,0.07293771207332611,0.025136932730674744,0.4718017280101776,0.0,0.0,0.0,0.0,0.0,0.0,0.0,-0.09544694423675537,-0.2834177017211914,-0.24554654955863953,-0.7617766857147217,0.08762342482805252,0.3025756776332855,0.0026034575421363115,0.0029296875,0.0,0.0,0.0,-0.002555303508415818,0.0,0.0
609,1783686191.694695,367292.331229,0.000327,0,,,1,-0.1953883320093155,0.18610237538814545,-0.25466224551200867,-0.2499108463525772,0.03731027618050575,0.12207566946744919,0.4634729027748108,-0.0020856063347309828,-0.0002669950481504202,-0.002084979321807623,-0.00026689094374887645,-0.0018795968499034643,-0.007517707068473101,-7.277071745193098e-06,-0.07042000442743301,-0.25400310754776,-0.23906399309635162,-0.6871248483657837,-0.07819288223981857,0.2834600508213043,0.09846391528844833,0.1236366331577301,0.10285159200429916,0.12236838042736053,0.10269352048635483,0.007269070018082857,-0.033081281930208206,-0.08577587455511093,-0.24126973748207092,0.1900009959936142,-0.2212771773338318,-0.3004501461982727,0.06808245182037354,0.02231403812766075,0.462629497051239,0.0,0.0,0.0,0.0,0.0,0.0,0.0,-0.07614617049694061,-0.28818386793136597,-0.22625519335269928,-0.7862414717674255,0.1497952789068222,0.3025756776332855,-0.040321603417396545,0.0087890625,0.0,0.0,0.0,-0.0070663439109921455,0.0,0.0
610,1783686191.717535,367292.354032,0.022803,0,,,2,-0.1906341165304184,0.18608398735523224,-0.24272921681404114,-0.24957838654518127,0.03694751113653183,0.11872883141040802,0.45904868841171265,-0.002090957947075367,-0.00026769316173158586,-0.002090366091579199,-0.0002675965370144695,-0.001879843883216381,-0.007534076925367117,-7.040793661872158e-06,-0.06174524873495102,-0.25589099526405334,-0.2236839085817337,-0.6875091791152954,-0.01652616821229458,0.2988986074924469,0.05971812456846237,0.12084349244832993,0.10228163003921509,0.11964081227779388,0.10213968902826309,0.007147487718611956,-0.03280610963702202,-0.08527841418981552,-0.23252642154693604,0.1900009959936142,-0.20858722925186157,-0.3004501461982727,0.06322718411684036,0.020902590826153755,0.462629497051239,0.0,0.0,0.0,0.0,0.0,0.0,0.0,-0.06842585653066635,-0.2891370952129364,-0.19924728572368622,-0.774009108543396,0.20091435313224792,0.3115749955177307,-0.06983258575201035,0.0087890625,0.0,0.0,0.0,-0.0037855871487408876,0.0,0.0
611,1783686191.767560,367292.404008,0.049977,0,,,3,-0.19116605818271637,0.18606023490428925,-0.24075552821159363,-0.24423342943191528,0.037319011986255646,0.11159525066614151,0.45848044753074646,-0.002089821035042405,-0.00026737802545540035,-0.0020891439635306597,-0.0002672774135135114,-0.0018794224597513676,-0.007546339649707079,-7.084646767907543e-06,-0.056339770555496216,-0.2593735158443451,-0.2173929214477539,-0.6922959089279175,0.020406149327754974,0.31107887625694275,0.0387997068464756,0.11954328417778015,0.10192026197910309,0.11821459233760834,0.10178492963314056,0.007057860027998686,-0.03263980150222778,-0.08496446907520294,-0.2281547635793686,0.1900009959936142,-0.20858722925186157,-0.2988407611846924,0.05513507127761841,0.013845350593328476,0.4507056176662445,0.0,0.0,0.0,0.0,0.0,0.0,0.0,-0.029824303463101387,-0.29390326142311096,-0.15680630505084991,-0.7862414717674255,0.2534150183200836,0.3025756776332855,-0.13153736293315887,0.0087890625,0.0,0.0,0.0029296875,-0.0005048307939432561,0.0,0.0
612,1783686191.817488,367292.453982,0.049973,0,,,4,-0.1914963573217392,0.18596506118774414,-0.23770378530025482,-0.23173633217811584,0.03887677192687988,0.09728199988603592,0.45808491110801697,-0.0020979924593120813,-0.0002684704668354243,-0.0020977165549993515,-0.00026842509396374226,-0.0018792017363011837,-0.007568987552076578,-7.275609277712647e-06,-0.04304930567741394,-0.2682366371154785,-0.19867897033691406,-0.7044733762741089,0.09206020832061768,0.32942694425582886,-0.0049708448350429535,0.11821866780519485,0.1012999638915062,0.11586905270814896,0.1011686846613884,0.00690428027883172,-0.03236653655767441,-0.08443056792020798,-0.21503978967666626,0.1900009959936142,-0.1863798350095749,-0.30205950140953064,0.051898226141929626,0.011022455058991909,0.44474366307258606,0.0,0.0,0.0,0.0,0.0,0.0,0.0,-0.029824303463101387,-0.29676294326782227,-0.13751496374607086,-0.7943964004516602,0.3059156835079193,0.3385728895664215,-0.1449514478445053,0.0,0.0,0.0,0.0029296875,0.003596114693209529,0.0,0.0
613,1783686191.867492,367292.503953,0.049971,0,,,5,-0.18923380970954895,0.18589308857917786,-0.23399989306926727,-0.2278878539800644,0.03902388736605644,0.09057261049747467,0.4562090039253235,-0.0021049813367426395,-0.0002694508293643594,-0.00210521649569273,-0.0002694836584851146,-0.0018792697228491306,-0.00757998414337635,-7.177245606726501e-06,-0.025930101051926613,-0.27259254455566406,-0.17505010962486267,-0.7116395235061646,0.13572973012924194,0.3351995050907135,-0.0378531850874424,0.11721846461296082,0.10093715041875839,0.11411812156438828,0.10081452131271362,0.006841857451945543,-0.03221620246767998,-0.08412208408117294,-0.20192483067512512,0.19194336235523224,-0.1863798350095749,-0.316543847322464,0.050279803574085236,0.009611007757484913,0.4369472563266754,0.0,0.0,0.0,0.0,0.0,0.0,0.0,-0.0375446155667305,-0.29866939783096313,-0.13751496374607086,-0.7862414717674255,0.32249483466148376,0.3160746395587921,-0.16909678280353546,0.005859375,0.0029296875,0.0,0.0087890625,-0.002555303508415818,-0.004101562313735485,-0.0013671874767169356
614,1783686191.917525,367292.554011,0.050059,0,,,6,-0.17994943261146545,0.18552479147911072,-0.2207401841878891,-0.22712330520153046,0.03892047330737114,0.08080440759658813,0.4501430094242096,-0.0021270562428981066,-0.0002728008257690817,-0.002126341685652733,-0.00027267890982329845,-0.0018786981236189604,-0.007599025499075651,-7.0978339863359e-06,-0.006995081435889006,-0.27650976181030273,-0.13469204306602478,-0.7182797789573669,0.20715880393981934,0.35555922985076904,-0.08119229227304459,0.1154511421918869,0.1003250926733017,0.11179988086223602,0.10022251307964325,0.006770261097699404,-0.031934190541505814,-0.08359197527170181,-0.20046760141849518,0.19194336235523224,-0.1721036434173584,-0.316543847322464,0.035714004188776016,0.01243390329182148,0.4286922514438629,0.0,0.0,0.0,0.0,0.0,0.0,0.0,-0.022103993222117424,-0.3005758821964264,-0.10664878785610199,-0.7780865430831909,0.33631080389022827,0.3115749955177307,-0.17982804775238037,0.005859375,0.0,0.0,0.0,-0.002965398132801056,0.0,0.0
615,1783686191.967511,367292.603989,0.049977,0,,,7,-0.17237502336502075,0.18554244935512543,-0.21353042125701904,-0.22880585491657257,0.03873659670352936,0.07732138782739639,0.44658589363098145,-0.0021320984233170748,-0.0002734923327807337,-0.0021311254240572453,-0.00027332495665177703,-0.0018785047577694058,-0.007605301681905985,-6.7435685195960104e-06,-0.00431222515180707,-0.2780490815639496,-0.12030564993619919,-0.7172967791557312,0.23992684483528137,0.3627831041812897,-0.10205090790987015,0.11497200280427933,0.09997895359992981,0.11115452647209167,0.09989337623119354,0.006708536297082901,-0.03177477419376373,-0.08328626304864883,-0.19463872909545898,0.19194336235523224,-0.1578274518251419,-0.32620009779930115,0.034095581620931625,0.011022455058991909,0.42548197507858276,0.0,0.0,0.0,0.0,0.0,0.0,0.0,-0.029824303463101387,-0.3034355640411377,-0.09121570736169815,-0.7699316143989563,0.36117956042289734,0.3385728895664215,-0.17982804775238037,0.0,0.0,0.0,0.0029296875,0.00113554741255939,-0.0027343749534338713,-0.004101562313735485
616,1783686192.017556,367292.653997,0.050008,0,,,8,-0.1619429588317871,0.18557927012443542,-0.2014240026473999,-0.23104986548423767,0.03620382025837898,0.0749850645661354,0.4388532340526581,-0.002143495250493288,-0.00027510052314028144,-0.002143056131899357,-0.0002750122221186757,-0.0018788177985697985,-0.007632197346538305,-7.43080045140232e-06,-4.441626515472308e-05,-0.28218695521354675,-0.10001424700021744,-0.7146515250205994,0.28083375096321106,0.3657563030719757,-0.13321733474731445,0.11388646811246872,0.09937327355146408,0.10961751639842987,0.0993003249168396,0.006587631069123745,-0.03152662143111229,-0.08276926726102829,-0.19026707112789154,0.19582810997962952,-0.1451375037431717,-0.32137197256088257,0.02600347064435482,0.018079694360494614,0.4213544726371765,0.0,0.0,0.0,0.0,0.0,0.0,0.0,-0.025964148342609406,-0.3072485029697418,-0.09121570736169815,-0.7617766857147217,0.38052189350128174,0.3295735716819763,-0.18519368767738342,0.005859375,0.0,0.0,0.0,0.0007254528463818133,0.0,0.0
617,1783686192.067566,367292.704035,0.050038,0,,,9,-0.15755397081375122,0.18559803068637848,-0.1916888952255249,-0.23335756361484528,0.03393730893731117,0.07475244998931885,0.43486788868904114,-0.0021508189383894205,-0.0002761756186373532,-0.0021508573554456234,-0.0002761681389529258,-0.0018793372437357903,-0.007646988146007061,-7.5572688729153015e-06,0.00045208525261841714,-0.2844664454460144,-0.08697426319122314,-0.7110891342163086,0.3020487427711487,0.37122631072998047,-0.14525723457336426,0.11267633736133575,0.09901735931634903,0.10843992233276367,0.09895198047161102,0.00653541786596179,-0.03138459846377373,-0.08247688412666321,-0.1771520972251892,0.19679929316043854,-0.12530946731567383,-0.3294188380241394,0.014674515463411808,0.018079694360494614,0.4103477895259857,0.0,0.0,0.0,0.0,0.0,0.0,0.0,-0.025964148342609406,-0.3101081848144531,-0.0680660828948021,-0.7699316143989563,0.38881149888038635,0.3295735716819763,-0.171779602766037,0.0,0.0,0.0,0.0,-0.0013250198680907488,0.0,0.0
618,1783686192.117494,367292.753983,0.049948,0,,,10,-0.15263782441616058,0.18612320721149445,-0.17583832144737244,-0.23685503005981445,0.02895410917699337,0.07451005280017853,0.428790807723999,-0.002161483047530055,-0.0002777027548290789,-0.002161545678973198,-0.00027769856387749314,-0.0018793890485540032,-0.007665019948035479,-7.321578777919058e-06,0.0011909810127690434,-0.2883185148239136,-0.07203241437673569,-0.7021097540855408,0.3320440649986267,0.3774447739124298,-0.1577683985233307,0.11116977781057358,0.09846266359090805,0.10704312473535538,0.09840226173400879,0.006460487376898527,-0.031159359961748123,-0.08201049268245697,-0.1742376685142517,0.19874165952205658,-0.12530946731567383,-0.3310282230377197,0.013056093826889992,0.023725485429167747,0.41355806589126587,0.0,0.0,0.0,0.0,0.0,0.0,0.0,-0.025964148342609406,-0.31296786665916443,-0.08349916338920593,-0.7495443224906921,0.39433786273002625,0.3475721776485443,-0.19860777258872986,0.0,0.0,0.0,0.0,-0.0013250198680907488,0.0,0.0
619,1783686192.167525,367292.803998,0.050015,0,,,11,-0.14622734487056732,0.18700245022773743,-0.16197387874126434,-0.24095027148723602,0.023722385987639427,0.07440376281738281,0.4235256016254425,-0.002169497311115265,-0.0002789015416055918,-0.002169346669688821,-0.00027886099996976554,-0.0018791407346725464,-0.0076750945299863815,-7.06630044078338e-06,0.0024970800150185823,-0.2913037836551666,-0.06171511113643646,-0.698840320110321,0.3482280671596527,0.3810073137283325,-0.16250912845134735,0.10996805876493454,0.09805864840745926,0.10594510287046432,0.09799821674823761,0.006394925061613321,-0.031001515686511993,-0.08166932314634323,-0.15966548025608063,0.20165522396564484,-0.10230894386768341,-0.3455125689506531,-0.0015097063733264804,0.02937127649784088,0.4112650156021118,0.0,0.0,0.0,0.0,0.0,0.0,0.0,-0.022103993222117424,-0.3148743510246277,-0.060349538922309875,-0.7536217570304871,0.3777587115764618,0.3655707836151123,-0.16909678280353546,0.01171875,0.005859375,0.0,0.0,-0.004195681773126125,0.0,-0.0013671874767169356
620,1783686192.217478,367292.853979,0.049981,0,,,12,-0.13727883994579315,0.18912993371486664,-0.14683565497398376,-0.24556690454483032,0.016359170898795128,0.07501441240310669,0.41950708627700806,-0.002168159233406186,-0.00027856763335876167,-0.00216830731369555,-0.00027857080567628145,-0.0018792242044582963,-0.007685996126383543,-6.568803200934781e-06,0.002941288985311985,-0.29483193159103394,-0.054261013865470886,-0.692812979221344,0.3656991124153137,0.38945990800857544,-0.17051143944263458,0.1086774617433548,0.09746484458446503,0.10499663650989532,0.09740062803030014,0.006287555675953627,-0.030751220881938934,-0.08115816116333008,-0.15529382228851318,0.20262640714645386,-0.10072270035743713,-0.35516878962516785,-0.0015097063733264804,0.03642851486802101,0.4112650156021118,0.0,0.0,0.0,0.0,0.0,0.0,0.0,-0.03368445858359337,-0.3158275783061981,-0.05263299494981766,-0.7413893938064575,0.3777587115764618,0.3520718216896057,-0.1825108677148819,0.0029296875,0.0,0.0,0.0,0.001545641920529306,-0.0013671874767169356,-0.0027343749534338713
621,1783686192.267525,367292.903989,0.050011,0,,,13,-0.1297178417444229,0.19025561213493347,-0.13726748526096344,-0.2518666386604309,0.010571579448878765,0.07663432508707047,0.4172581434249878,-0.0021735457703471184,-0.00027937631239183247,-0.0021740570664405823,-0.0002794349566102028,-0.0018794439965859056,-0.0076948427595198154,-6.636837952100905e-06,0.0035280240699648857,-0.29712656140327454,-0.050184402614831924,-0.6885889172554016,0.36788442730903625,0.39698779582977295,-0.1715012937784195,0.10827400535345078,0.09712887555360794,0.10425353795289993,0.09704972058534622,0.006214134395122528,-0.030620532110333443,-0.0808674693107605,-0.1436360627412796,0.21136707067489624,-0.09041212499141693,-0.37287190556526184,-0.017693929374217987,0.042074307799339294,0.40805473923683167,0.0,0.0,0.0,0.0,0.0,0.0,0.0,-0.029824303463101387,-0.3182106614112854,-0.060349538922309875,-0.729157030582428,0.3639427423477173,0.3565714955329895,-0.1637311577796936,0.0,0.0,0.0,0.0,0.002775925677269697,0.0,0.0
622,1783686192.317474,367292.953951,0.049961,0,,,14,-0.11933121085166931,0.19310292601585388,-0.12341772764921188,-0.26359716057777405,0.002243882045149803,0.08217322826385498,0.41577062010765076,-0.002167179249227047,-0.0002782228111755103,-0.0021673899609595537,-0.00027824152493849397,-0.0018800500547513366,-0.007706242613494396,-6.362284239003202e-06,0.002232371596619487,-0.2992987036705017,-0.038248371332883835,-0.6781396269798279,0.3691926896572113,0.4032208323478699,-0.17283080518245697,0.10754169523715973,0.09654279798269272,0.10300665348768234,0.09645306318998337,0.006126604042947292,-0.030393043532967567,-0.08037590235471725,-0.1378071904182434,0.21330945193767548,-0.08010154217481613,-0.37287190556526184,-0.01931235007941723,0.04772009700536728,0.41539251804351807,0.0,0.0,0.0,0.0,0.0,0.0,0.0,-0.03368445858359337,-0.3153509497642517,-0.04877472296357155,-0.7210021018981934,0.3528899848461151,0.3565714955329895,-0.15031707286834717,0.005859375,0.0,0.0,0.0,0.00113554741255939,0.0,0.0
623,1783686192.367547,367293.003995,0.050045,0,,,15,-0.11295099556446075,0.19636203348636627,-0.11797463893890381,-0.2734355032444,-0.0041601527482271194,0.08582381904125214,0.4142930805683136,-0.0021662984509021044,-0.0002779915521387011,-0.0021668756380677223,-0.00027807254809886217,-0.0018804550636559725,-0.007711115758866072,-6.2229291870607994e-06,0.0015141153708100319,-0.30018389225006104,-0.03506302088499069,-0.6707946062088013,0.36935389041900635,0.4054461717605591,-0.17119614779949188,0.10705744475126266,0.09619806706905365,0.10262414813041687,0.09610845893621445,0.006093360483646393,-0.030262138694524765,-0.08008592575788498,-0.13197831809520721,0.2142806351184845,-0.079308420419693,-0.3809187710285187,-0.03549657389521599,0.05336588993668556,0.4158511459827423,0.0,0.0,0.0,0.0,0.0,0.0,0.0,-0.006663371343165636,-0.312014639377594,-0.04491645470261574,-0.729157030582428,0.3528899848461151,0.3520718216896057,-0.13690298795700073,0.0,0.0,0.0,0.0,0.0007254528463818133,0.0,0.0
624,1783686192.494641,367293.131127,0.127131,1,16,0.076959,0,-0.10426031798124313,0.20076420903205872,-0.10716810077428818,-0.28561532497406006,-0.013433100655674934,0.09091028571128845,0.41378334164619446,-0.00216912804171443,-0.0002784074458759278,-0.0021693382877856493,-0.0002784267417155206,-0.0018802921986207366,-0.007728345692157745,-6.597901574423304e-06,0.001848979969508946,-0.30057796835899353,-0.031508781015872955,-0.6584537625312805,0.3679710626602173,0.4080955982208252,-0.16482219099998474,0.10617946088314056,0.09560617804527283,0.10186860710382462,0.0955171287059784,0.006026843097060919,-0.030048618093132973,-0.07958921790122986,-0.1888098567724228,0.19388574361801147,-0.10072270035743713,-0.31332510709762573,-0.0015097063733264804,0.011022455058991909,0.42639920115470886,0.0,0.0,0.0,0.0,0.0,0.0,0.0,-0.010523526929318905,-0.29866939783096313,-0.0719243511557579,-0.6883823871612549,0.3777587115764618,0.3115749955177307,-0.13153736293315887,0.0,0.0029296875,0.0,0.0087890625,-0.0017351144924759865,-0.004101562313735485,-0.0013671874767169356
625,1783686192.494883,367293.131423,0.000296,0,,,1,-0.10010353475809097,0.20232592523097992,-0.10226406157016754,-0.2906714975833893,-0.020094789564609528,0.09434656798839569,0.41381213068962097,-0.002162946155294776,-0.0002773806336335838,-0.002163830678910017,-0.00027749896980822086,-0.0018803093116730452,-0.007733273319900036,-6.373803898895858e-06,0.008920876309275627,-0.3004969656467438,-0.02851184830069542,-0.6573582291603088,0.3671634793281555,0.4084579348564148,-0.15906140208244324,0.10545923560857773,0.09526202082633972,0.10134678333997726,0.09517331421375275,0.00598345510661602,-0.029932856559753418,-0.07930213212966919,-0.1888098567724228,0.19291454553604126,-0.0959639698266983,-0.31332510709762573,-0.004746550694108009,0.013845350593328476,0.4351128041744232,0.0,0.0,0.0,0.0,0.0,0.0,0.0,-0.014383682049810886,-0.2977161705493927,-0.07578261941671371,-0.6883823871612549,0.37499552965164185,0.300325870513916,-0.09934356063604355,0.0,0.0,0.0,0.0,0.003596114693209529,0.0,0.0
626,1783686192.517621,367293.154101,0.022678,0,,,2,-0.0964282676577568,0.20349238812923431,-0.09797454625368118,-0.2942424416542053,-0.027877308428287506,0.09845831990242004,0.41397467255592346,-0.0021446552127599716,-0.00027437362587079406,-0.0021452996879816055,-0.0002744552621152252,-0.0018802415579557419,-0.007741575129330158,-6.177495379233733e-06,0.01871105097234249,-0.3002236783504486,-0.023318782448768616,-0.6570533514022827,0.3662799298763275,0.4094040095806122,-0.15146994590759277,0.10440768301486969,0.09472619742155075,0.10077133774757385,0.09463793784379959,0.005914308596402407,-0.029733948409557343,-0.07885011285543442,-0.1888098567724228,0.19194336235523224,-0.09437772631645203,-0.31493449211120605,-0.004746550694108009,0.016668247058987617,0.4341956079006195,0.0,0.0,0.0,0.0,0.0,0.0,0.0,-0.010523526929318905,-0.29580971598625183,-0.08349916338920593,-0.6598401665687561,0.3446004092693329,0.3025756776332855,-0.12885454297065735,0.0,0.0,0.0,0.0,0.00113554741255939,0.0,0.0
627,1783686192.567691,367293.204158,0.050057,0,,,3,-0.10693491250276566,0.19973474740982056,-0.09827785193920135,-0.28060802817344666,-0.029337286949157715,0.09631671756505966,0.41638341546058655,-0.002133439527824521,-0.00027263289666734636,-0.002135238377377391,-0.0002728977124206722,-0.0018803724087774754,-0.007769235875457525,-7.644649485882837e-06,0.020428409799933434,-0.29636093974113464,-0.026100223883986473,-0.6490243077278137,0.36626991629600525,0.40303319692611694,-0.14141613245010376,0.10384294390678406,0.09433894604444504,0.10037354379892349,0.09425141662359238,0.005873201880604029,-0.02958066388964653,-0.07852156460285187,-0.18443819880485535,0.1948569267988205,-0.08961900323629379,-0.31332510709762573,-0.0031281285919249058,0.01243390329182148,0.4396989345550537,0.0,0.0,0.0,0.0,0.0,0.0,0.0,-0.014383682049810886,-0.2948564887046814,-0.08349916338920593,-0.663917601108551,0.34183719754219055,0.3115749955177307,-0.11812327802181244,0.0,0.0,0.0,0.0,0.003186020301654935,0.0,0.0
628,1783686192.617777,367293.254156,0.049998,0,,,4,-0.13499169051647186,0.18957266211509705,-0.10103844106197357,-0.2480834573507309,-0.028439847752451897,0.08916245400905609,0.42237359285354614,-0.002113362541422248,-0.00026930661988444626,-0.002115909941494465,-0.0002696986775845289,-0.0018813629867509007,-0.007770454976707697,-6.097360710555222e-06,0.017128365114331245,-0.2869654893875122,-0.03753967955708504,-0.6177961230278015,0.3646381199359894,0.3855137526988983,-0.1309329867362976,0.10325206071138382,0.0937667116522789,0.09980776160955429,0.09367936104536057,0.005817919969558716,-0.029359539970755577,-0.07803177088499069,-0.18443819880485535,0.19582810997962952,-0.08327402919530869,-0.3181532323360443,-0.006364972796291113,0.023725485429167747,0.4479539394378662,0.0,0.0,0.0,0.0,0.0,0.0,0.0,-0.029824303463101387,-0.29295000433921814,-0.07578261941671371,-0.663917601108551,0.3501267731189728,0.3160746395587921,-0.11275764554738998,0.0,0.0,0.0,0.0,0.006056682206690311,0.0,0.0
629,1783686192.667734,367293.304228,0.050072,0,,,5,-0.14030024409294128,0.18779169023036957,-0.10264816135168076,-0.24267445504665375,-0.027863573282957077,0.08521557599306107,0.4246619939804077,-0.002117583993822336,-0.00026995083317160606,-0.0021188233513385057,-0.00027014792431145906,-0.0018813684582710266,-0.00776762655004859,-5.5805439842515625e-06,0.016867617145180702,-0.2845042645931244,-0.044585369527339935,-0.603181779384613,0.36172959208488464,0.3832370936870575,-0.12936587631702423,0.1028352752327919,0.09343024343252182,0.09945174306631088,0.09334300458431244,0.00578943220898509,-0.029243573546409607,-0.07774978876113892,-0.1829809844493866,0.19874165952205658,-0.07613593339920044,-0.30849698185920715,-0.0031281285919249058,0.020902590826153755,0.446119487285614,0.0,0.0,0.0,0.0,0.0,0.0,0.0,-0.018243838101625443,-0.29295000433921814,-0.0719243511557579,-0.6516852378845215,0.3446004092693329,0.3025756776332855,-0.10336779057979584,0.0,0.0,0.0,0.0,-0.004605776164680719,0.0,0.0
630,1783686192.717681,367293.354155,0.049927,0,,,6,-0.14237825572490692,0.18747630715370178,-0.10273189842700958,-0.24127162992954254,-0.027099378407001495,0.08320755511522293,0.4300530254840851,-0.00212367856875062,-0.00027094417600892484,-0.002123223152011633,-0.0002708731626626104,-0.0018812385387718678,-0.007775327656418085,-5.821582362841582e-06,0.0131020937114954,-0.28259438276290894,-0.04962451010942459,-0.58976811170578,0.3595699369907379,0.38259783387184143,-0.12710438668727875,0.10133971273899078,0.09285041689872742,0.0985148474574089,0.09276381134986877,0.005757094360888004,-0.02904578298330307,-0.07726924121379852,-0.1800665408372879,0.1997128427028656,-0.07375656813383102,-0.30849698185920715,-0.012838661670684814,0.02231403812766075,0.4534572660923004,0.0,0.0,0.0,0.0,0.0,0.0,0.0,-0.04140476882457733,-0.2919967770576477,-0.07578261941671371,-0.6476078033447266,0.3446004092693329,0.3070753514766693,-0.09263652563095093,0.0,0.0,0.0,0.0,0.00113554741255939,0.0,0.0
631,1783686192.767653,367293.404144,0.049989,0,,,7,-0.14279384911060333,0.187518909573555,-0.10186511278152466,-0.23915016651153564,-0.02653193287551403,0.08218864351511002,0.43263810873031616,-0.002128222957253456,-0.0002716630115173757,-0.0021271402947604656,-0.00027149103698320687,-0.0018809165339916945,-0.007781649008393288,-6.027226845617406e-06,0.011929391883313656,-0.2815589904785156,-0.04970753937959671,-0.5849531888961792,0.3585551679134369,0.37901878356933594,-0.12215889990329742,0.10046473145484924,0.0925152450799942,0.09801685065031052,0.09242897480726242,0.005697645712643862,-0.028931599110364914,-0.0769902691245079,-0.1858954131603241,0.20068404078483582,-0.07058408111333847,-0.3052782416343689,-0.011220240034162998,0.025136932730674744,0.46492257714271545,0.0,0.0,0.0,0.0,0.0,0.0,0.0,-0.029824303463101387,-0.29390326142311096,-0.07578261941671371,-0.6435303092002869,0.3335476219654083,0.3205742835998535,-0.09934356063604355,0.0029296875,0.0,0.0,0.0029296875,-0.002145209116861224,0.0,-0.0013671874767169356
632,1783686192.817725,367293.454211,0.050068,0,,,8,-0.14247620105743408,0.18786704540252686,-0.09788733720779419,-0.23483021557331085,-0.026341423392295837,0.08176297694444656,0.4380698800086975,-0.0021308648865669966,-0.00027211185079067945,-0.002129453467205167,-0.0002718845207709819,-0.001880891970358789,-0.007791934534907341,-6.1984001149539836e-06,0.0030867706518620253,-0.2804194390773773,-0.04965924844145775,-0.5771270990371704,0.3569226562976837,0.3775155246257782,-0.11343167722225189,0.0997634157538414,0.09199308604001999,0.09746263176202774,0.09190826863050461,0.005614416673779488,-0.02874015085399151,-0.07655224204063416,-0.1800665408372879,0.20553995668888092,-0.05868725851178169,-0.30366888642311096,-0.009601817466318607,0.025136932730674744,0.46400535106658936,0.0,0.0,0.0,0.0,0.0,0.0,0.0,-0.0375446155667305,-0.29104354977607727,-0.0680660828948021,-0.6353753805160522,0.3059156835079193,0.3340732455253601,-0.10739201307296753,0.005859375,0.0,0.0,0.017578125,-0.0005048307939432561,0.0,-0.0054687499068677425
633,1783686192.867843,367293.504280,0.050069,0,,,9,-0.14259850978851318,0.18822595477104187,-0.0956074520945549,-0.2318241447210312,-0.02632874622941017,0.08171762526035309,0.44342130422592163,-0.0021331163588911295,-0.00027246857644058764,-0.002131761284545064,-0.00027225178200751543,-0.001881117234006524,-0.007800105027854443,-6.334422323561739e-06,0.00041340827010571957,-0.28031569719314575,-0.049616385251283646,-0.5759229063987732,0.3531629741191864,0.37744569778442383,-0.11002001166343689,0.09937138855457306,0.09161630272865295,0.09706979244947433,0.09154259413480759,0.005552246235311031,-0.028610048815608025,-0.076240673661232,-0.1858954131603241,0.20359759032726288,-0.057101018726825714,-0.2940126359462738,-0.014457084238529205,0.02654838189482689,0.475470632314682,0.0,0.0,0.0,0.0,0.0,0.0,0.0,-0.04526492580771446,-0.28818386793136597,-0.0680660828948021,-0.6312979459762573,0.31696847081184387,0.3385728895664215,-0.11544046550989151,0.0,0.0,0.0,0.0,-0.0005048307939432561,0.0,0.0
634,1783686192.917495,367293.553988,0.049708,0,,,10,-0.1423526108264923,0.19057118892669678,-0.0882200077176094,-0.228528693318367,-0.026236847043037415,0.08169855922460556,0.44904613494873047,-0.0021383275743573904,-0.0002732557768467814,-0.002136272145435214,-0.00027293452876619995,-0.001881335163488984,-0.007813279516994953,-6.486581696663052e-06,-0.0029084195848554373,-0.2794538140296936,-0.048604536801576614,-0.5712396502494812,0.3410269618034363,0.38043850660324097,-0.10921154916286469,0.09880510717630386,0.09105481952428818,0.09648977965116501,0.09105386584997177,0.005462230183184147,-0.028403526172041893,-0.07579008489847183,-0.1858954131603241,0.20748233795166016,-0.04996292293071747,-0.29079389572143555,-0.02093077264726162,0.027959829196333885,0.4782223105430603,0.0,0.0,0.0,0.0,0.0,0.0,0.0,-0.04526492580771446,-0.2862773835659027,-0.060349538922309875,-0.6353753805160522,0.32249483466148376,0.3205742835998535,-0.1047092005610466,0.0029296875,0.0,0.0,0.0087890625,-0.0005048307939432561,0.0,0.0
635,1783686192.967478,367293.603944,0.049956,0,,,11,-0.14282310009002686,0.1915808618068695,-0.08188285678625107,-0.22441814839839935,-0.02634184993803501,0.08164656907320023,0.45488590002059937,-0.0021363417617976665,-0.00027296660118736327,-0.0021345200948417187,-0.00027267623227089643,-0.0018812754424288869,-0.007819216698408127,-6.410062724171439e-06,-0.006794374901801348,-0.277873158454895,-0.04830782115459442,-0.5652527213096619,0.33622461557388306,0.3841123580932617,-0.10953932255506516,0.09845609962940216,0.09072720259428024,0.0961453765630722,0.09074358642101288,0.005413059610873461,-0.0282877366989851,-0.07552028447389603,-0.19026707112789154,0.2045687735080719,-0.04361795261502266,-0.28435641527175903,-0.02254919521510601,0.030782725661993027,0.49461767077445984,0.0,0.0,0.0,0.0,0.0,0.0,0.0,-0.03368445858359337,-0.28723061084747314,-0.0680660828948021,-0.6312979459762573,0.32249483466148376,0.3250739276409149,-0.09531933814287186,0.0029296875,0.0,0.0,0.0,-0.0013250198680907488,0.0,0.0
636,1783686193.017500,367293.653981,0.050037,0,,,12,-0.1434197723865509,0.19321896135807037,-0.07444671541452408,-0.2179061770439148,-0.027013298124074936,0.08175250887870789,0.4624696969985962,-0.0021302576642483473,-0.00027196406153962016,-0.002128553343936801,-0.00027168961241841316,-0.0018814087379723787,-0.007826030254364014,-6.214411314431345e-06,-0.009108561091125011,-0.27577632665634155,-0.04534662514925003,-0.5615183711051941,0.3343217968940735,0.3848370313644409,-0.10920993983745575,0.09790796786546707,0.09021379798650742,0.09559891372919083,0.09026313573122025,0.00533584738150239,-0.02811577543616295,-0.07509268075227737,-0.1829809844493866,0.20845352113246918,-0.041238587349653244,-0.29079389572143555,-0.029022883623838425,0.03360562026500702,0.4984011948108673,0.0,0.0,0.0,0.0,0.0,0.0,0.0,-0.04140476882457733,-0.29009032249450684,-0.07578261941671371,-0.6312979459762573,0.31696847081184387,0.3385728895664215,-0.10336779057979584,0.0029296875,0.0,0.0,0.0029296875,0.00031535830930806696,0.0,-0.0013671874767169356
637,1783686193.067519,367293.703986,0.050005,0,,,13,-0.1447460800409317,0.19333294034004211,-0.06952343136072159,-0.21301865577697754,-0.027727989479899406,0.08206845819950104,0.46982449293136597,-0.002127933083102107,-0.00027161574689671397,-0.0021269451826810837,-0.000271451601292938,-0.0018817702075466514,-0.007832178846001625,-6.194051820784807e-06,-0.007977861911058426,-0.27511194348335266,-0.04432363063097,-0.5612754225730896,0.33371371030807495,0.38481736183166504,-0.10653061419725418,0.09752912819385529,0.08984462916851044,0.09521682560443878,0.08990414440631866,0.005276620388031006,-0.02798699587583542,-0.07478253543376923,-0.1888098567724228,0.2094247043132782,-0.03647985681891441,-0.2811376750469208,-0.03873341903090477,0.032194171100854874,0.5066562294960022,0.0,0.0,0.0,0.0,0.0,0.0,0.0,-0.0375446155667305,-0.2891370952129364,-0.0680660828948021,-0.6231430172920227,0.32249483466148376,0.3385728895664215,-0.0939779281616211,0.0,0.0,0.0,0.0029296875,0.00031535830930806696,0.0,0.0
638,1783686193.117619,367293.754097,0.050111,0,,,14,-0.14461004734039307,0.19431130588054657,-0.06383922696113586,-0.21130073070526123,-0.03073623776435852,0.08333253115415573,0.47941288352012634,-0.002117639407515526,-0.00026991177583113313,-0.0021178314927965403,-0.00026993328356184065,-0.0018824945436790586,-0.007835233584046364,-5.8229857131664176e-06,-0.0074367830529809,-0.27510422468185425,-0.04446485638618469,-0.5602862238883972,0.3322293758392334,0.387520968914032,-0.10551244020462036,0.09696073085069656,0.08929362893104553,0.09464596956968307,0.08936594426631927,0.005199234001338482,-0.02778855338692665,-0.07432354241609573,-0.19463872909545898,0.21330945193767548,-0.02854864113032818,-0.28435641527175903,-0.04925316199660301,0.042074307799339294,0.5201852321624756,0.0,0.0,0.0,0.0,0.0,0.0,0.0,-0.03368445858359337,-0.29104354977607727,-0.06420780718326569,-0.6435303092002869,0.3335476219654083,0.3475721776485443,-0.08861229568719864,0.0,0.0,0.0,0.0,-9.47362495935522e-05,0.0,0.0
639,1783686193.167548,367293.804029,0.049932,0,,,15,-0.14514385163784027,0.1952546238899231,-0.060467012226581573,-0.20953994989395142,-0.03487364202737808,0.08363040536642075,0.48604756593704224,-0.0021132640540599823,-0.0002692124980967492,-0.00211391132324934,-0.00026930097374133766,-0.001882628072053194,-0.007840434089303017,-5.946897545072716e-06,-0.007321791723370552,-0.27514657378196716,-0.044517651200294495,-0.5577021837234497,0.3316285014152527,0.3894962966442108,-0.10403509438037872,0.09661778062582016,0.08897272497415543,0.09430897980928421,0.08905483782291412,0.00515751400962472,-0.027677446603775024,-0.07405594736337662,-0.1858954131603241,0.21330945193767548,-0.014669014140963554,-0.28435641527175903,-0.05006237328052521,0.04630865156650543,0.5305039882659912,0.0,0.0,0.0,0.0,0.0,0.0,0.0,-0.0375446155667305,-0.29009032249450684,-0.056491266936063766,-0.6557627320289612,0.3335476219654083,0.3565714955329895,-0.09129511564970016,0.005859375,0.0,0.0,0.0029296875,-0.002145209116861224,0.0,0.0
640,1783686193.295226,367293.931700,0.127671,1,16,0.077589,0,-0.14766192436218262,0.1971503496170044,-0.054591722786426544,-0.20758020877838135,-0.042748063802719116,0.08701884001493454,0.4964572787284851,-0.0021122354082763195,-0.00026907556457445025,-0.002112966263666749,-0.00026917693321593106,-0.001883165561594069,-0.007850498892366886,-6.192315595399123e-06,-0.005406346172094345,-0.2752790153026581,-0.043913040310144424,-0.5587406754493713,0.3315855860710144,0.3956998884677887,-0.1007414385676384,0.09607803821563721,0.08847048133611679,0.09377972781658173,0.08855874836444855,0.005087871104478836,-0.027508093044161797,-0.07363629341125488,-0.20775370299816132,0.20359759032726288,-0.030928006395697594,-0.24412208795547485,-0.04197026044130325,0.020902590826153755,0.5181788206100464,0.0,0.0,0.0,0.0,0.0,0.0,0.0,0.012637404724955559,-0.2834177017211914,-0.07578261941671371,-0.6394528746604919,0.3307844400405884,0.3025756776332855,-0.051052868366241455,0.0,0.0,0.0,0.0,-0.0013250198680907488,0.0,0.0
641,1783686193.295469,367293.932010,0.000310,0,,,1,-0.14788512885570526,0.1978374570608139,-0.04780740290880203,-0.20744745433330536,-0.046732332557439804,0.08939719945192337,0.5034464597702026,-0.0021151478867977858,-0.0002695878210943192,-0.0021153336856514215,-0.0002696051087696105,-0.001883118529804051,-0.007854902185499668,-6.149414275569143e-06,-0.004829551093280315,-0.2753683030605316,-0.04154248535633087,-0.563149631023407,0.3317204415798187,0.401201069355011,-0.09977087378501892,0.09574644267559052,0.08815198391675949,0.09344198554754257,0.08824717998504639,0.005034007132053375,-0.02739901840686798,-0.07337020337581635,-0.20629647374153137,0.20359759032726288,-0.026169275864958763,-0.24251271784305573,-0.04601631686091423,0.027959829196333885,0.521331787109375,0.0,0.0,0.0,0.0,0.0,0.0,0.0,0.0010569391306489706,-0.2853241562843323,-0.0719243511557579,-0.6394528746604919,0.3335476219654083,0.2845771014690399,-0.044345829635858536,0.0,0.0,0.0,0.0,-0.0009149253601208329,-0.0027343749534338713,-0.0054687499068677425
642,1783686193.317797,367293.954261,0.022250,0,,,2,-0.14740240573883057,0.19874830543994904,-0.03749712556600571,-0.20717361569404602,-0.05115414038300514,0.09270644932985306,0.5134617686271667,-0.002100309357047081,-0.0002672007249202579,-0.0021001393906772137,-0.0002671664406079799,-0.001883252989500761,-0.007853807881474495,-5.518476882571122e-06,-0.004791885148733854,-0.275479257106781,-0.03739551827311516,-0.5712881684303284,0.3320158123970032,0.40650618076324463,-0.09812775999307632,0.09520134329795837,0.08761022239923477,0.09287545084953308,0.08772266656160355,0.004935502540320158,-0.027208860963582993,-0.07291553169488907,-0.20483925938606262,0.20651113986968994,-0.011099967174232006,-0.2409033477306366,-0.04601631686091423,0.035017069429159164,0.5300453901290894,0.0,0.0,0.0,0.0,0.0,0.0,0.0,0.0010569391306489706,-0.28437092900276184,-0.0719243511557579,-0.6312979459762573,0.30038928985595703,0.2935763895511627,-0.04166301339864731,0.0,0.0,0.0,0.0029296875,-0.002145209116861224,0.0,0.0
643,1783686193.367498,367294.003985,0.049724,0,,,3,-0.15048375725746155,0.1983059197664261,-0.035828426480293274,-0.20078399777412415,-0.0522056445479393,0.09222323447465897,0.516409158706665,-0.0020817623008042574,-0.00026419616187922657,-0.002081266138702631,-0.0002641048631630838,-0.0018827214371412992,-0.007857674732804298,-5.621812306344509e-06,0.0009161642519757152,-0.27544966340065,-0.03777378797531128,-0.5727570652961731,0.3321567177772522,0.3995707035064697,-0.0916331484913826,0.09482763707637787,0.08725015074014664,0.09249671548604965,0.08736974745988846,0.004874869249761105,-0.02709832228720188,-0.07262424379587173,-0.20338204503059387,0.20845352113246918,-0.0003928263613488525,-0.24251271784305573,-0.04763473942875862,0.042074307799339294,0.5415107011795044,0.0,0.0,0.0,0.0,0.0,0.0,0.0,-0.006663371343165636,-0.2834177017211914,-0.0680660828948021,-0.6557627320289612,0.28933653235435486,0.2935763895511627,-0.02690752223134041,0.0,0.0,0.0,0.0,-9.47362495935522e-05,0.0,0.0
644,1783686193.417511,367294.053989,0.050004,0,,,4,-0.1584700644016266,0.19625720381736755,-0.03370548412203789,-0.1788041740655899,-0.05310847982764244,0.09020094573497772,0.5195918083190918,-0.0020660413429141045,-0.00026173211517743766,-0.0020643447060137987,-0.00026144369621761143,-0.001882037497125566,-0.007859853096306324,-5.531729584618006e-06,0.018948225304484367,-0.27347254753112793,-0.03888135030865669,-0.5706443190574646,0.32641953229904175,0.37944117188453674,-0.07004809379577637,0.09431961923837662,0.08676131814718246,0.09199769049882889,0.08688768744468689,0.004794442560523748,-0.026935024186968803,-0.07222500443458557,-0.20921091735363007,0.21525181829929352,0.010314314626157284,-0.2360752373933792,-0.0516807958483696,0.04630865156650543,0.5511415600776672,0.0,0.0,0.0,0.0,0.0,0.0,0.0,-0.014383682049810886,-0.28437092900276184,-0.060349538922309875,-0.6312979459762573,0.2976261079311371,0.300325870513916,-0.04837005212903023,0.0,0.0,0.0,0.0,-0.002145209116861224,0.0,0.0
645,1783686193.467514,367294.103990,0.050002,0,,,5,-0.15949149429798126,0.19607321918010712,-0.02923949621617794,-0.17130857706069946,-0.05385289713740349,0.09114520996809006,0.5233964920043945,-0.0020675556734204292,-0.0002620452141854912,-0.002065852517262101,-0.00026175822131335735,-0.0018824198050424457,-0.007860844023525715,-5.511024482984794e-06,0.02308543398976326,-0.2726002633571625,-0.038993656635284424,-0.5703290104866028,0.31924015283584595,0.37510624527931213,-0.059787899255752563,0.09398966282606125,0.08645054697990417,0.09167531877756119,0.08657895773649216,0.004748102743178606,-0.026820018887519836,-0.07196268439292908,-0.20338204503059387,0.21622300148010254,0.023400820791721344,-0.23929397761821747,-0.05653605982661247,0.05336588993668556,0.5529759526252747,0.0,0.0,0.0,0.0,0.0,0.0,0.0,-0.018243838101625443,-0.28151124715805054,-0.05263299494981766,-0.6516852378845215,0.2782837450504303,0.2958262264728546,-0.044345829635858536,0.0,0.0,0.0,0.0,0.00113554741255939,0.0,-0.0013671874767169356
646,1783686193.517500,367294.153987,0.049996,0,,,6,-0.162025585770607,0.19697612524032593,-0.019204631447792053,-0.16208170354366302,-0.05661870539188385,0.09493870288133621,0.5313498377799988,-0.0020713480189442635,-0.00026272539980709553,-0.002070236951112747,-0.0002625380002427846,-0.0018836521776393056,-0.007864804938435555,-5.586532552115386e-06,0.021545840427279472,-0.27226731181144714,-0.03855711594223976,-0.5669071674346924,0.3123950958251953,0.3705117702484131,-0.05433255806565285,0.09342829883098602,0.08592070639133453,0.09112846851348877,0.08604849129915237,0.004662203602492809,-0.0266198068857193,-0.07151494175195694,-0.20046760141849518,0.22010774910449982,0.027762988582253456,-0.2409033477306366,-0.061391327530145645,0.06183457747101784,0.5607723593711853,0.0,0.0,0.0,0.0,0.0,0.0,0.0,-0.022103993222117424,-0.28723061084747314,-0.03719991073012352,-0.6679950952529907,0.2672309875488281,0.3250739276409149,-0.03093174658715725,0.005859375,0.0,0.0,0.0,-0.0013250198680907488,0.0,-0.0027343749534338713
647,1783686193.567536,367294.203997,0.050010,0,,,7,-0.16215834021568298,0.19806677103042603,-0.010717305354773998,-0.16102522611618042,-0.059031203389167786,0.09809849411249161,0.5354055166244507,-0.00207428983412683,-0.00026325348881073296,-0.0020736188162118196,-0.0002631395764183253,-0.0018843007273972034,-0.007865305058658123,-5.507352852873737e-06,0.019238781183958054,-0.27172285318374634,-0.03696312755346298,-0.5667743682861328,0.3054960072040558,0.36944904923439026,-0.05330362915992737,0.093046173453331,0.08556734025478363,0.09075270593166351,0.08569438755512238,0.004617887549102306,-0.026497725397348404,-0.07122419029474258,-0.19609594345092773,0.22302129864692688,0.03965981304645538,-0.24251271784305573,-0.06543738394975662,0.059011682868003845,0.5644412636756897,0.0,0.0,0.0,0.0,0.0,0.0,0.0,-0.04526492580771446,-0.28437092900276184,-0.03334164246916771,-0.663917601108551,0.2838101387023926,0.3160746395587921,-0.040321603417396545,0.005859375,0.0,0.0,0.0029296875,0.00031535830930806696,-0.0027343749534338713,0.0
648,1783686193.617488,367294.253981,0.049985,0,,,8,-0.16099493205547333,0.202045738697052,0.0034142732620239258,-0.16094204783439636,-0.06343470513820648,0.1034310832619667,0.5438653826713562,-0.002065383130684495,-0.0002619102306198329,-0.0020642539020627737,-0.0002617278369143605,-0.0018845158629119396,-0.007860957644879818,-5.059863724454772e-06,0.012959043495357037,-0.27218344807624817,-0.027568301185965538,-0.5750277042388916,0.2938624322414398,0.3736472725868225,-0.04851601645350456,0.09253237396478653,0.08508173376321793,0.09022925049066544,0.08520988374948502,0.004548933357000351,-0.026332076638936996,-0.07083187997341156,-0.19609594345092773,0.22496366500854492,0.0523497574031353,-0.23768460750579834,-0.07433870434761047,0.06042312830686569,0.5616896152496338,0.0,0.0,0.0,0.0,0.0,0.0,0.0,-0.04140476882457733,-0.2862773835659027,-0.006333744153380394,-0.6761500239372253,0.26999416947364807,0.3340732455253601,-0.036297380924224854,0.0,0.0,0.0,0.0029296875,-0.002145209116861224,0.0,0.0
649,1783686193.667579,367294.304009,0.050027,0,,,9,-0.15937721729278564,0.20396244525909424,0.011285165324807167,-0.16095712780952454,-0.06637711077928543,0.10530427098274231,0.5479921102523804,-0.0020580387208610773,-0.0002607759670354426,-0.002057701116427779,-0.00026071479078382254,-0.0018847481114789844,-0.007855812087655067,-4.7542348511342425e-06,0.0036719264462590218,-0.2722124457359314,-0.019910072907805443,-0.5781894326210022,0.2924235165119171,0.3748866319656372,-0.04687526449561119,0.0922258049249649,0.08477652817964554,0.08991231769323349,0.08491230010986328,0.004507691133767366,-0.026223519816994667,-0.07057663798332214,-0.19901038706302643,0.23079077899456024,0.05869472771883011,-0.22641900181770325,-0.07110185921192169,0.06465747207403183,0.5713204145431519,0.0,0.0,0.0,0.0,0.0,0.0,0.0,-0.049125079065561295,-0.2834177017211914,-0.006333744153380394,-0.6761500239372253,0.26170459389686584,0.3340732455253601,-0.045687235891819,0.0,0.0,0.0,0.0,0.00113554741255939,0.0,0.0
650,1783686193.717648,367294.354083,0.050075,0,,,10,-0.15732064843177795,0.2064327448606491,0.02411205694079399,-0.16015750169754028,-0.07259602099657059,0.1077365130186081,0.5523233413696289,-0.002049169735983014,-0.00025943078799173236,-0.002048694295808673,-0.0002593488898128271,-0.0018850562628358603,-0.007853742688894272,-4.913826160191093e-06,-0.00732447998598218,-0.2725571095943451,-0.002350009046494961,-0.589756965637207,0.2870422601699829,0.37870875000953674,-0.045661721378564835,0.09167104214429855,0.08425429463386536,0.08935987204313278,0.08440545201301575,0.004427775274962187,-0.026050711050629616,-0.07014014571905136,-0.19463872909545898,0.23176196217536926,0.06424658000469208,-0.2296377420425415,-0.07433870434761047,0.06889181584119797,0.5763651728630066,0.0,0.0,0.0,0.0,0.0,0.0,0.0,-0.06070554628968239,-0.28246447443962097,0.0013827976072207093,-0.6883823871612549,0.2534150183200836,0.3385728895664215,-0.040321603417396545,0.0,0.0,0.0,0.0029296875,-0.002555303508415818,0.0,-0.0013671874767169356
651,1783686193.767501,367294.403971,0.049888,0,,,11,-0.1572955697774887,0.20913757383823395,0.030699120834469795,-0.15717127919197083,-0.0746828094124794,0.10933022201061249,0.555876612663269,-0.0020439440850168467,-0.0002586520276963711,-0.002042202278971672,-0.0002583750756457448,-0.0018849006155505776,-0.007851619273424149,-4.86246926811873e-06,-0.01193020585924387,-0.2725089192390442,0.008354059420526028,-0.5953086018562317,0.28336095809936523,0.3812722861766815,-0.04509471356868744,0.09136257320642471,0.08395443111658096,0.08905943483114243,0.08410809934139252,0.004390395246446133,-0.025937609374523163,-0.06988518685102463,-0.19755317270755768,0.23467552661895752,0.06940186768770218,-0.22480961680412292,-0.07595712691545486,0.06324602663516998,0.5763651728630066,0.0,0.0,0.0,0.0,0.0,0.0,0.0,-0.06842585653066635,-0.2834177017211914,-0.0024754733312875032,-0.6924598813056946,0.2644678056240082,0.3430725336074829,-0.028248930349946022,0.0029296875,0.0,0.0,0.0,-0.0037855871487408876,0.0,0.0
652,1783686193.817484,367294.453972,0.050001,0,,,12,-0.15637990832328796,0.2124285101890564,0.04067558795213699,-0.1537712812423706,-0.07813175022602081,0.11307340860366821,0.5624403953552246,-0.002029472729191184,-0.00025644779088906944,-0.0020286599174141884,-0.00025631251628510654,-0.001885310630314052,-0.007841993123292923,-4.463705863599898e-06,-0.02170778252184391,-0.272330641746521,0.01886131800711155,-0.6029217839241028,0.27658259868621826,0.38775137066841125,-0.04297981038689613,0.09083645790815353,0.0834425836801529,0.0885450467467308,0.08360648155212402,0.004304683767259121,-0.025744419544935226,-0.06945513933897018,-0.20046760141849518,0.23079077899456024,0.056910205632448196,-0.2296377420425415,-0.07919397205114365,0.0731261596083641,0.5809512734413147,0.0,0.0,0.0,0.0,0.0,0.0,0.0,-0.06456570327281952,-0.2834177017211914,-0.017908556386828423,-0.6965373158454895,0.23683585226535797,0.3385728895664215,-0.006786399986594915,0.0,0.0,0.0,0.0,-0.0037855871487408876,0.0,0.0
653,1783686193.867511,367294.503986,0.050014,0,,,13,-0.15626473724842072,0.2139425426721573,0.04486923664808273,-0.15155348181724548,-0.08000007271766663,0.11385548114776611,0.5653715133666992,-0.0020181818399578333,-0.00025468511739745736,-0.002017742022871971,-0.0002546093601267785,-0.001885607955045998,-0.00783622357994318,-4.3145191739313304e-06,-0.027501238510012627,-0.27227783203125,0.020129693672060966,-0.607533872127533,0.2750764787197113,0.39085617661476135,-0.0390419103205204,0.09053567796945572,0.0831451490521431,0.08824482560157776,0.083311066031456,0.004242457449436188,-0.02563391998410225,-0.06920398026704788,-0.19901038706302643,0.23467552661895752,0.07217779755592346,-0.2232002466917038,-0.08243081718683243,0.07171471416950226,0.5809512734413147,0.0,0.0,0.0,0.0,0.0,0.0,0.0,-0.08386647701263428,-0.27865153551101685,0.0013827976072207093,-0.6924598813056946,0.25065183639526367,0.3565714955329895,-0.029590338468551636,0.0,0.0,0.0,0.0029296875,-0.002145209116861224,0.0,-0.0027343749534338713
654,1783686193.917516,367294.553994,0.050008,0,,,14,-0.15634651482105255,0.2145371288061142,0.04623345285654068,-0.15070609748363495,-0.08299370110034943,0.1168847605586052,0.5701562166213989,-0.001991839846596122,-0.00025057760649360716,-0.0019925038795918226,-0.00025066896341741085,-0.001886189915239811,-0.007822125218808651,-3.957126864406746e-06,-0.032252926379442215,-0.27223095297813416,0.018525876104831696,-0.6148058772087097,0.2670624256134033,0.3925460875034332,-0.028929278254508972,0.09001748263835907,0.08263815194368362,0.08773357421159744,0.08280454576015472,0.004135314840823412,-0.02544238790869713,-0.06877441704273224,-0.19901038706302643,0.23467552661895752,0.07931588590145111,-0.2232002466917038,-0.07757554948329926,0.0731261596083641,0.5846201777458191,0.0,0.0,0.0,0.0,0.0,0.0,0.0,-0.08386647701263428,-0.2748386263847351,0.012957610189914703,-0.7128471732139587,0.2534150183200836,0.3475721776485443,-0.01081062387675047,0.0029296875,0.0,0.0,0.0,-0.002965398132801056,0.0,-0.0013671874767169356
655,1783686193.967544,367294.603995,0.050001,0,,,15,-0.15642379224300385,0.2146633267402649,0.047387462109327316,-0.14980389177799225,-0.08539185672998428,0.11855164170265198,0.5718885064125061,-0.0019843331538140774,-0.0002494223299436271,-0.0019848933443427086,-0.0002494993095751852,-0.0018863440491259098,-0.007817992009222507,-4.121064193896018e-06,-0.039763279259204865,-0.2712697386741638,0.01871185563504696,-0.616084098815918,0.2642028033733368,0.39699819684028625,-0.02745944634079933,0.08970987051725388,0.08234324306249619,0.08743567019701004,0.08251679688692093,0.004080406855791807,-0.02532563917338848,-0.06853047013282776,-0.19755317270755768,0.23467552661895752,0.07911761105060577,-0.2232002466917038,-0.07757554948329926,0.0759490579366684,0.5781996250152588,0.0,0.0,0.0,0.0,0.0,0.0,0.0,-0.09544694423675537,-0.2738853693008423,0.024532422423362732,-0.7046922445297241,0.2257830798625946,0.3700704276561737,-0.002762175165116787,0.01171875,0.0,0.0,0.0,-0.0033754927571862936,0.0,-0.0027343749534338713
656,1783686194.097789,367294.734254,0.130260,1,16,0.080251,0,-0.15649643540382385,0.21483799815177917,0.05235208570957184,-0.14815716445446014,-0.08671662211418152,0.12070067971944809,0.5737446546554565,-0.0019835548009723425,-0.000249444943619892,-0.00198347051627934,-0.00024942608433775604,-0.0018866772297769785,-0.007815179415047169,-4.512433406489436e-06,-0.046928372234106064,-0.2684824466705322,0.02410338632762432,-0.6232565641403198,0.2614712119102478,0.40174373984336853,-0.023909155279397964,0.08921796083450317,0.08187766373157501,0.08694139868021011,0.08205472677946091,0.003992782440036535,-0.025161268189549446,-0.06815118342638016,-0.21212536096572876,0.22981959581375122,0.08050557225942612,-0.2232002466917038,-0.09375977516174316,0.06889181584119797,0.6080093383789062,0.0,0.0,0.0,0.0,0.0,0.0,0.0,-0.049125079065561295,-0.27293214201927185,0.03996550664305687,-0.7373119592666626,0.2672309875488281,0.3700704276561737,-0.06178413704037666,0.0,0.0,0.0,0.0029296875,-0.002555303508415818,0.0,0.0
657,1783686194.098129,367294.734595,0.000340,0,,,1,-0.1564980298280716,0.21511520445346832,0.05646990239620209,-0.14743518829345703,-0.08732874691486359,0.12243007868528366,0.5742814540863037,-0.0019727149046957493,-0.00024777327780611813,-0.001972778234630823,-0.0002477786038070917,-0.0018869942286983132,-0.007806207053363323,-4.160255684837466e-06,-0.05349108949303627,-0.2669965624809265,0.03281624615192413,-0.6279414296150208,0.25476697087287903,0.40669918060302734,-0.018359366804361343,0.08890069276094437,0.08154282718896866,0.08659501373767853,0.08171898871660233,0.003926028031855822,-0.025030450895428658,-0.06787681579589844,-0.21212536096572876,0.23467552661895752,0.0826866552233696,-0.2232002466917038,-0.10266109555959702,0.08159484714269638,0.6203919053077698,0.0,0.0,0.0,0.0,0.0,0.0,0.0,-0.04526492580771446,-0.27007246017456055,0.0515403188765049,-0.7454668283462524,0.2395990490913391,0.3745700716972351,-0.045687235891819,0.01171875,0.0,0.0,0.005859375,-0.002965398132801056,-0.0013671874767169356,0.0
658,1783686194.117500,367294.753986,0.019391,0,,,2,-0.15647676587104797,0.21531037986278534,0.0581376887857914,-0.1470777988433838,-0.08809711784124374,0.12391392141580582,0.5745646357536316,-0.001958627486601472,-0.00024562448379583657,-0.001958970446139574,-0.00024567448417656124,-0.0018872779328376055,-0.007794248405843973,-3.952008682972519e-06,-0.059627730399370193,-0.26579397916793823,0.042330652475357056,-0.62973952293396,0.24756260216236115,0.412826269865036,-0.011471190489828587,0.08850038796663284,0.08108790963888168,0.08614352345466614,0.0812632218003273,0.003834026399999857,-0.024854760617017746,-0.06750383228063583,-0.20775370299816132,0.24147382378578186,0.0981525257229805,-0.2232002466917038,-0.1067071482539177,0.09288643300533295,0.629564106464386,0.0,0.0,0.0,0.0,0.0,0.0,0.0,-0.05684538930654526,-0.26435306668281555,0.07083167135715485,-0.7576992511749268,0.2119671255350113,0.3925686776638031,-0.04166301339864731,0.0,0.0,0.0,0.0,0.00031535830930806696,0.0,0.0
659,1783686194.167528,367294.804003,0.050017,0,,,3,-0.15859320759773254,0.21530599892139435,0.05795639753341675,-0.14647448062896729,-0.09192079305648804,0.12567450106143951,0.5796843767166138,-0.0019626738503575325,-0.00024652163847349584,-0.001964941155165434,-0.00024686090182513,-0.0018880130955949426,-0.007797767408192158,-4.778893526236061e-06,-0.05166107416152954,-0.26522698998451233,0.04805777966976166,-0.63865727186203,0.24541179835796356,0.416507363319397,-0.01390052679926157,0.08820070326328278,0.08075710386037827,0.08580814301967621,0.08094056695699692,0.0037690282333642244,-0.024747516959905624,-0.0672326534986496,-0.20338204503059387,0.2434161901473999,0.10985106974840164,-0.2232002466917038,-0.10751636326313019,0.10417801141738892,0.6350674629211426,0.0,0.0,0.0,0.0,0.0,0.0,0.0,-0.07614617049694061,-0.2605401277542114,0.07468994706869125,-0.7576992511749268,0.19538795948028564,0.3925686776638031,-0.013493441045284271,0.0,0.0,0.0,0.0,0.004006209317594767,0.0,0.0
660,1783686194.217520,367294.853999,0.049996,0,,,4,-0.1621614396572113,0.21758322417736053,0.06612052023410797,-0.14622177183628082,-0.10140778869390488,0.13130846619606018,0.596472978591919,-0.0019617672078311443,-0.0002465747529640794,-0.0019623946864157915,-0.00024666066747158766,-0.00188821938354522,-0.0078021264635026455,-5.2494201554509345e-06,-0.03284190222620964,-0.26115745306015015,0.0698227733373642,-0.6615995764732361,0.23800575733184814,0.4275117814540863,-0.022621892392635345,0.08774559199810028,0.0803021714091301,0.08533250540494919,0.08049972355365753,0.003702732501551509,-0.024584006518125534,-0.06685017049312592,-0.19755317270755768,0.24632975459098816,0.12214445322751999,-0.2232002466917038,-0.11803610622882843,0.11335242539644241,0.6442396640777588,0.0,0.0,0.0,0.0,0.0,0.0,0.0,-0.0993070974946022,-0.24910135567188263,0.08240649104118347,-0.7617766857147217,0.17051921784877777,0.3790697455406189,0.018700355663895607,0.0,0.0,0.0,0.0,0.001545641920529306,0.0,0.0
661,1783686194.267534,367294.903998,0.049999,0,,,5,-0.16324648261070251,0.22016572952270508,0.07675667107105255,-0.14609475433826447,-0.10683742165565491,0.13795693218708038,0.6067781448364258,-0.0019604582339525223,-0.0002464575518388301,-0.001960348803550005,-0.0002464282442815602,-0.001888203201815486,-0.007791615556925535,-4.514306510827737e-06,-0.03374611958861351,-0.25682252645492554,0.08537650853395462,-0.6699373722076416,0.22847817838191986,0.43586739897727966,-0.02007129043340683,0.08740939944982529,0.0799756571650505,0.0850040540099144,0.08017215877771378,0.0036859167739748955,-0.024445097893476486,-0.06656995415687561,-0.1917242854833603,0.25021448731422424,0.13800688087940216,-0.2296377420425415,-0.11884531378746033,0.1189982146024704,0.6369019150733948,0.0,0.0,0.0,0.0,0.0,0.0,0.0,-0.13018834590911865,-0.2338496595621109,0.10748524963855743,-0.7699316143989563,0.1401240974664688,0.3835693895816803,0.025407396256923676,0.0,0.0,0.0,0.0,-0.0013250198680907488,0.0,0.0
662,1783686194.317495,367294.953984,0.049986,0,,,6,-0.16146792471408844,0.22329974174499512,0.09185337275266647,-0.14613144099712372,-0.11486266553401947,0.1472545564174652,0.6187570691108704,-0.0019568295683711767,-0.0002460139221511781,-0.001955892890691757,-0.0002458520175423473,-0.0018879070412367582,-0.007775674574077129,-3.8770222090533935e-06,-0.05100061371922493,-0.247903972864151,0.09774904698133469,-0.6736648678779602,0.20910251140594482,0.4405761659145355,-0.006288089323788881,0.08694948256015778,0.0795290395617485,0.08455462753772736,0.07972397655248642,0.0036545637995004654,-0.024258071556687355,-0.06618689745664597,-0.1858954131603241,0.2570127844810486,0.15624867379665375,-0.23285648226737976,-0.12127295136451721,0.11970394104719162,0.6313985586166382,0.0,0.0,0.0,0.0,0.0,0.0,0.0,-0.15334928035736084,-0.22050440311431885,0.14028054475784302,-0.7617766857147217,0.10005779564380646,0.3880690336227417,0.04821133613586426,0.0,0.0,0.0,0.0,-0.004605776164680719,0.0,0.0
663,1783686194.367535,367295.003996,0.050012,0,,,7,-0.15726302564144135,0.22588711977005005,0.10459037125110626,-0.14665290713310242,-0.11965974420309067,0.15381690859794617,0.6230527758598328,-0.0019504930824041367,-0.0002450604224577546,-0.0019486484816297889,-0.00024476044927723706,-0.0018878377741202712,-0.007763685658574104,-3.5956793453806313e-06,-0.07224353402853012,-0.23847216367721558,0.10930497944355011,-0.6780658960342407,0.18931539356708527,0.4422522485256195,0.003022455144673586,0.08660106360912323,0.07920332998037338,0.08421490341424942,0.0793972983956337,0.0036094121169298887,-0.024128027260303497,-0.06591058522462845,-0.1800665408372879,0.2579839825630188,0.16497302055358887,-0.23285648226737976,-0.11156241595745087,0.11758676916360855,0.6277296543121338,0.0,0.0,0.0,0.0,0.0,0.0,0.0,-0.18809066712856293,-0.20620593428611755,0.16150103509426117,-0.7780865430831909,0.0696626678109169,0.4015679657459259,0.0428457036614418,0.0,0.0,0.0,0.0,-9.47362495935522e-05,0.0,0.0
664,1783686194.417510,367295.053994,0.049998,0,,,8,-0.15036597847938538,0.23057378828525543,0.12307105958461761,-0.14741767942905426,-0.12441767007112503,0.16059346497058868,0.6244939565658569,-0.0019422286422923207,-0.00024387708981521428,-0.0019402233883738518,-0.0002435625356156379,-0.0018882049480453134,-0.007748985663056374,-3.4911345210275613e-06,-0.10418331623077393,-0.22419403493404388,0.1354333758354187,-0.6848093867301941,0.15618081390857697,0.4431629180908203,0.01845822110772133,0.08611782640218735,0.07875645905733109,0.0837448239326477,0.07894933223724365,0.0035197443794459105,-0.023955419659614563,-0.06553348898887634,-0.17278043925762177,0.2638110816478729,0.19114603102207184,-0.2409033477306366,-0.11641768366098404,0.12464400380849838,0.6167230010032654,0.0,0.0,0.0,0.0,0.0,0.0,0.0,-0.20739144086837769,-0.19762684404850006,0.20201288163661957,-0.7658541798591614,0.04755712300539017,0.3880690336227417,0.04418710991740227,0.0,0.0,0.0,0.0,-0.0037855871487408876,0.0,0.0
665,1783686194.467513,367295.103985,0.049991,0,,,9,-0.14567402005195618,0.23301638662815094,0.1351790726184845,-0.14814689755439758,-0.12518872320652008,0.16318853199481964,0.6247076392173767,-0.0019319300772622228,-0.00024236369063146412,-0.0019302981672808528,-0.00024211029813159257,-0.0018884737510234118,-0.007734816987067461,-3.2134898901858833e-06,-0.12783175706863403,-0.2137971669435501,0.15775395929813385,-0.6910301446914673,0.13247309625148773,0.446532666683197,0.02689637802541256,0.08578768372535706,0.07843629270792007,0.08342459797859192,0.07862842828035355,0.0034699111711233854,-0.023822719231247902,-0.06525911390781403,-0.17278043925762177,0.2638110816478729,0.2006634920835495,-0.23285648226737976,-0.11803610622882843,0.12676118314266205,0.6158057451248169,0.0,0.0,0.0,0.0,0.0,0.0,0.0,-0.23055237531661987,-0.19095422327518463,0.22130423784255981,-0.7617766857147217,0.040649138391017914,0.3925686776638031,0.07369808852672577,0.0029296875,0.0,0.0,0.0,-0.002145209116861224,0.0,0.0
666,1783686194.517681,367295.154070,0.050084,0,,,10,-0.13852213323116302,0.23600003123283386,0.15445277094841003,-0.15154394507408142,-0.1262139081954956,0.1677439659833908,0.6232684254646301,-0.0019264866132289171,-0.00024167333322111517,-0.001925464253872633,-0.00024151543038897216,-0.0018891686340793967,-0.007723178248852491,-3.5997911709273467e-06,-0.15904314815998077,-0.2018202394247055,0.19394123554229736,-0.6951799988746643,0.10201521217823029,0.44623053073883057,0.035382721573114395,0.08529235422611237,0.07795761525630951,0.08294349908828735,0.07814883440732956,0.0033825153950601816,-0.023629026487469673,-0.06485054641962051,-0.16986601054668427,0.2667246460914612,0.20621533691883087,-0.24251271784305573,-0.11156241595745087,0.12887835502624512,0.613054096698761,0.0,0.0,0.0,0.0,0.0,0.0,0.0,-0.24985314905643463,-0.1900009959936142,0.2502412796020508,-0.7373119592666626,-0.009088339284062386,0.3565714955329895,0.08040513098239899,0.0029296875,0.0,0.0,0.01171875,0.002775925677269697,-0.0027343749534338713,-0.0027343749534338713
667,1783686194.567630,367295.204026,0.049956,0,,,11,-0.13608390092849731,0.23782919347286224,0.1682121604681015,-0.15184636414051056,-0.1269265115261078,0.1704554259777069,0.6226429343223572,-0.0019168643048033118,-0.000240250927163288,-0.0019161475356668234,-0.00024013983784243464,-0.0018893893575295806,-0.007713033352047205,-3.441303078943747e-06,-0.17786256968975067,-0.19575616717338562,0.21770432591438293,-0.6951820254325867,0.0850401222705841,0.44581276178359985,0.047253623604774475,0.08502234518527985,0.07768142968416214,0.0826735869050026,0.07787375152111053,0.003334922483190894,-0.023513823747634888,-0.06461326032876968,-0.17132322490215302,0.2667246460914612,0.2212846428155899,-0.2344658523797989,-0.10832557082176208,0.13311269879341125,0.6121368408203125,0.0,0.0,0.0,0.0,0.0,0.0,0.0,-0.2691539227962494,-0.1900009959936142,0.2888239920139313,-0.7413893938064575,-0.025667497888207436,0.3565714955329895,0.09180710464715958,0.005859375,0.0,0.0,0.0029296875,-0.0013250198680907488,0.0,0.0
668,1783686194.617686,367295.254070,0.050044,0,,,12,-0.13315846025943756,0.2403121143579483,0.18228594958782196,-0.15355773270130157,-0.1274397075176239,0.17409004271030426,0.6216115951538086,-0.0018929308280348778,-0.0002365581749472767,-0.0018927896162495017,-0.00023653815151192248,-0.0018898159032687545,-0.007690769154578447,-2.924106411228422e-06,-0.20211631059646606,-0.19217978417873383,0.2512349784374237,-0.6860507726669312,0.053069401532411575,0.4348123371601105,0.06305814534425735,0.08461753278970718,0.07725159823894501,0.0822606310248375,0.07748686522245407,0.0032991389743983746,-0.023333055898547173,-0.06424983590841293,-0.16549435257911682,0.2686670124530792,0.2292158603668213,-0.24412208795547485,-0.10185188055038452,0.1436985582113266,0.6121368408203125,0.0,0.0,0.0,0.0,0.0,0.0,0.0,-0.3077555000782013,-0.1900009959936142,0.31390273571014404,-0.7046922445297241,-0.05606262385845184,0.3475721776485443,0.10991611331701279,0.0,0.0,0.0,0.0,-0.0009149253601208329,0.0,-0.0013671874767169356
669,1783686194.667631,367295.304036,0.049966,0,,,13,-0.13254697620868683,0.2408994436264038,0.1915895640850067,-0.15395759046077728,-0.1275160163640976,0.17659318447113037,0.6204339265823364,-0.0018806530861184,-0.0002347342815482989,-0.0018805350409820676,-0.00023471468011848629,-0.0018899313872680068,-0.007680230773985386,-3.1006670724309515e-06,-0.21815374493598938,-0.1917412430047989,0.2770878076553345,-0.6794949173927307,0.031026801094412804,0.42865899205207825,0.07314059138298035,0.08432245999574661,0.07693898677825928,0.08195635676383972,0.07719552516937256,0.003262564539909363,-0.02320261299610138,-0.06398379057645798,-0.16695156693458557,0.2725517451763153,0.23000898957252502,-0.2409033477306366,-0.10347030311822891,0.14158138632774353,0.6121368408203125,0.0,0.0,0.0,0.0,0.0,0.0,0.0,-0.32512617111206055,-0.1900009959936142,0.31776100397109985,-0.6883823871612549,-0.08093136548995972,0.3295735716819763,0.13775032758712769,0.0,0.0,0.0,0.0,-0.002555303508415818,0.0,0.0
670,1783686194.717624,367295.354044,0.050008,0,,,14,-0.13057835400104523,0.24229463934898376,0.20288798213005066,-0.15602217614650726,-0.1271825134754181,0.18287944793701172,0.619391143321991,-0.0018633754225447774,-0.0002321192587260157,-0.0018626941600814462,-0.00023201324802357703,-0.0018901118310168386,-0.007657885085791349,-2.7118439902551472e-06,-0.24991074204444885,-0.19160623848438263,0.3133087456226349,-0.658527672290802,0.0006584273069165647,0.4181588292121887,0.09186769276857376,0.08392073214054108,0.0765143483877182,0.08155713230371475,0.07677396386861801,0.0032022821251302958,-0.023003067821264267,-0.06361745297908783,-0.16695156693458557,0.2715805768966675,0.24111267924308777,-0.24251271784305573,-0.09699662029743195,0.149344339966774,0.6148885488510132,0.0,0.0,0.0,0.0,0.0,0.0,0.0,-0.3540773391723633,-0.1900009959936142,0.35055631399154663,-0.663917601108551,-0.13274124264717102,0.3205742835998535,0.1461341381072998,0.0,0.0,0.0,0.0,-0.0009149253601208329,0.0,0.0
671,1783686194.767649,367295.404043,0.049999,0,,,15,-0.12995946407318115,0.2439257800579071,0.20654617249965668,-0.15679648518562317,-0.12689994275569916,0.18584290146827698,0.6187225580215454,-0.0018537972355261445,-0.00023069656162988394,-0.0018532193498685956,-0.00023060844978317618,-0.001890186220407486,-0.007645156234502792,-2.8312683753028978e-06,-0.27070531249046326,-0.19150181114673615,0.3308827877044678,-0.6408945322036743,-0.021717922762036324,0.4084242284297943,0.10929807275533676,0.08364246040582657,0.07621010392904282,0.0812869593501091,0.07646846026182175,0.0031519094482064247,-0.022864507511258125,-0.0633508712053299,-0.16549435257911682,0.2725517451763153,0.2355608344078064,-0.2473408430814743,-0.08890450745820999,0.15710730850696564,0.615347146987915,0.0,0.0,0.0,0.0,0.0,0.0,0.0,-0.3675878942012787,-0.1900009959936142,0.3630957007408142,-0.6516852378845215,-0.1389584243297577,0.3025756776332855,0.18671172857284546,0.005859375,0.0,0.0,0.0,-0.002965398132801056,0.0,0.0
672,1783686194.896667,367295.533142,0.129099,1,16,0.079102,0,-0.12934209406375885,0.2447446882724762,0.21376174688339233,-0.15791520476341248,-0.12604567408561707,0.19104059040546417,0.6183299422264099,-0.0018444115994498134,-0.00022939592599868774,-0.0018436749232932925,-0.00022927927784621716,-0.0018903505988419056,-0.007629895117133856,-3.02447188005317e-06,-0.29861095547676086,-0.1915203332901001,0.3547191619873047,-0.6156390905380249,-0.06019231677055359,0.39510923624038696,0.12985371053218842,0.08325187116861343,0.07579182088375092,0.08090578764677048,0.07604850828647614,0.0030889438930898905,-0.022675983607769012,-0.06298425048589706,-0.16840879619121552,0.267695814371109,0.2355608344078064,-0.2232002466917038,-0.12046373635530472,0.13099552690982819,0.6185574531555176,0.0,0.0,0.0,0.0,0.0,0.0,0.0,-0.3231961131095886,-0.1900009959936142,0.31776100397109985,-0.6802274584770203,-0.10372770577669144,0.3295735716819763,0.21454595029354095,0.005859375,0.0,0.0,0.0,0.001545641920529306,0.0,0.0
673,1783686194.896916,367295.533448,0.000305,0,,,1,-0.12879535555839539,0.24539734423160553,0.2158147543668747,-0.1595599204301834,-0.12437348812818527,0.19526486098766327,0.6182367205619812,-0.0018327381694689393,-0.0002276148006785661,-0.0018313375767320395,-0.00022739915584679693,-0.0018903790041804314,-0.007615373004227877,-2.7520277399162296e-06,-0.31212249398231506,-0.1915597915649414,0.36757442355155945,-0.6025563478469849,-0.0795859545469284,0.3858085870742798,0.1469101458787918,0.08301270753145218,0.07552596181631088,0.08066342771053314,0.0757821723818779,0.0030432390049099922,-0.02256433293223381,-0.0627533495426178,-0.16549435257911682,0.267695814371109,0.24031956493854523,-0.2232002466917038,-0.11965452879667282,0.1373470425605774,0.6268124580383301,0.0,0.0,0.0,0.0,0.0,0.0,0.0,-0.32705625891685486,-0.1900009959936142,0.32161927223205566,-0.6720725297927856,-0.14517560601234436,0.3205742835998535,0.2598184645175934,0.0029296875,0.0,0.0,0.0,0.00031535830930806696,0.0,0.0
674,1783686194.917646,367295.554121,0.020673,0,,,2,-0.12837515771389008,0.24569860100746155,0.21611455082893372,-0.16203229129314423,-0.12203691899776459,0.19989271461963654,0.6180317997932434,-0.0018183260690420866,-0.00022548156266566366,-0.0018179084872826934,-0.00022541673388332129,-0.0018905892502516508,-0.00759702455252409,-2.9166196782171028e-06,-0.32243838906288147,-0.19157832860946655,0.382084459066391,-0.5928206443786621,-0.09873554855585098,0.37418729066848755,0.16976962983608246,0.08265065401792526,0.0750783234834671,0.08028492331504822,0.07533367723226547,0.002958579221740365,-0.022369399666786194,-0.06235819682478905,-0.17132322490215302,0.26963821053504944,0.2355608344078064,-0.2232002466917038,-0.10994399338960648,0.1408756524324417,0.6313985586166382,0.0,0.0,0.0,0.0,0.0,0.0,0.0,-0.34828710556030273,-0.1900009959936142,0.3515208959579468,-0.6272204518318176,-0.16935354471206665,0.2890767455101013,0.3003960847854614,0.0,0.0,0.0,0.0029296875,-0.0017351144924759865,0.0,0.0
675,1783686194.967642,367295.604019,0.049899,0,,,3,-0.12846896052360535,0.24543024599552155,0.2161717414855957,-0.16163307428359985,-0.12186036258935928,0.20035192370414734,0.6180095672607422,-0.0018185109365731478,-0.0002256180887343362,-0.0018189992988482118,-0.00022569041175302118,-0.00189055351074785,-0.007589410990476608,-3.17810986416589e-06,-0.31779539585113525,-0.19102352857589722,0.3810064196586609,-0.5946851372718811,-0.10794410109519958,0.3694708049297333,0.19213968515396118,0.08243941515684128,0.07481874525547028,0.08006821572780609,0.07507359981536865,0.002919678809121251,-0.022268587723374367,-0.06213086470961571,-0.16695156693458557,0.27060937881469727,0.23873332142829895,-0.2232002466917038,-0.11965452879667282,0.15216724574565887,0.6369019150733948,0.0,0.0,0.0,0.0,0.0,0.0,0.0,-0.3791683614253998,-0.1900009959936142,0.36020198464393616,-0.6068331599235535,-0.21563702821731567,0.2665784955024719,0.3527109920978546,0.005859375,0.0,0.0,0.0029296875,0.00113554741255939,0.0,0.0
676,1783686195.017498,367295.654008,0.049989,0,,,4,-0.12854033708572388,0.24541570246219635,0.21905919909477234,-0.15318672358989716,-0.12324320524930954,0.19883687794208527,0.622084379196167,-0.0018010943895205855,-0.00022307378822006285,-0.0018001802964136004,-0.0002229210513178259,-0.0018901001894846559,-0.00757098663598299,-2.9740897389274323e-06,-0.3106330633163452,-0.19165198504924774,0.3732360005378723,-0.5828443169593811,-0.13051339983940125,0.3577856421470642,0.24252228438854218,0.08204148709774017,0.0743723139166832,0.07966503500938416,0.07463417947292328,0.0028643240220844746,-0.022064629942178726,-0.06173856928944588,-0.17132322490215302,0.2725517451763153,0.24111267924308777,-0.2232002466917038,-0.11156241595745087,0.15640157461166382,0.646074116230011,0.0,0.0,0.0,0.0,0.0,0.0,0.0,-0.40039920806884766,-0.1900009959936142,0.3833516240119934,-0.574213445186615,-0.24948614835739136,0.23508094251155853,0.40234309434890747,0.0,0.0,0.0,0.0,0.002775925677269697,0.0,0.0
677,1783686195.067700,367295.704158,0.050149,0,,,5,-0.12873032689094543,0.24543029069900513,0.2195141613483429,-0.14966784417629242,-0.12475375086069107,0.1997125744819641,0.6248165369033813,-0.0017929887399077415,-0.00022186733258422464,-0.0017924754647538066,-0.00022177677601575851,-0.0018904651515185833,-0.007553614675998688,-2.5264751002396224e-06,-0.3205964267253876,-0.19238808751106262,0.3753524422645569,-0.561729907989502,-0.15201961994171143,0.3481573462486267,0.2772887051105499,0.08181781321763992,0.07411319017410278,0.07943153381347656,0.07438360154628754,0.0028401415329426527,-0.021944185718894005,-0.06151054799556732,-0.17278043925762177,0.2735229432582855,0.24904389679431915,-0.2232002466917038,-0.1058979406952858,0.16028305888175964,0.646074116230011,0.0,0.0,0.0,0.0,0.0,0.0,0.0,-0.4274202883243561,-0.1900009959936142,0.4093949496746063,-0.529361367225647,-0.2715916931629181,0.19458410143852234,0.4466095566749573,0.0,0.0,0.0,0.0,-0.002965398132801056,0.0,0.0
678,1783686195.117670,367295.754067,0.049910,0,,,6,-0.12953659892082214,0.2454792708158493,0.22028155624866486,-0.14698675274848938,-0.12595690786838531,0.20326220989227295,0.6305325031280518,-0.0017917563673108816,-0.00022189441369846463,-0.0017915988573804498,-0.00022186440764926374,-0.001891279243864119,-0.007534577511250973,-2.767736759778927e-06,-0.346117228269577,-0.19348230957984924,0.390361487865448,-0.5215046405792236,-0.1920447051525116,0.3232065737247467,0.3368016183376312,0.08141262829303741,0.07366958260536194,0.07902761548757553,0.07394356280565262,0.00281355669721961,-0.02175513096153736,-0.06112416833639145,-0.1742376685142517,0.2735229432582855,0.2522163987159729,-0.2232002466917038,-0.10751636326313019,0.16345882415771484,0.6543291211128235,0.0,0.0,0.0,0.0,0.0,0.0,0.0,-0.45058122277259827,-0.1900009959936142,0.42096975445747375,-0.5028579235076904,-0.30613160133361816,0.16758619248867035,0.4895346164703369,0.0,0.0,0.0,0.0,0.003596114693209529,0.0,0.0
679,1783686195.167702,367295.804135,0.050068,0,,,7,-0.1307356208562851,0.24555741250514984,0.22201891243457794,-0.1462920606136322,-0.1261294037103653,0.20561091601848602,0.6332387924194336,-0.0017903095576912165,-0.00022176057973410934,-0.0017906847642734647,-0.00022181666281539947,-0.0018918014829978347,-0.0075231799855828285,-2.8009048946842086e-06,-0.36417290568351746,-0.19370338320732117,0.4067002832889557,-0.4941290318965912,-0.2138204425573349,0.302303284406662,0.37185630202293396,0.0811750590801239,0.07341266423463821,0.07879820466041565,0.07368563115596771,0.0027775862254202366,-0.021651512011885643,-0.06090078502893448,-0.16695156693458557,0.27546530961990356,0.25142326951026917,-0.2232002466917038,-0.10185188055038452,0.16628171503543854,0.655246376991272,0.0,0.0,0.0,0.0,0.0,0.0,0.0,-0.479532390832901,-0.1900009959936142,0.4257926046848297,-0.4539283514022827,-0.332381933927536,0.16308654844760895,0.5069729089736938,0.0,0.0,0.0,0.0029296875,-0.002145209116861224,0.0,0.0
680,1783686195.217663,367295.854129,0.049993,0,,,8,-0.13296079635620117,0.24584275484085083,0.22555899620056152,-0.14605244994163513,-0.12630543112754822,0.20878209173679352,0.6389600038528442,-0.001792300958186388,-0.00022226209694053978,-0.001792510156519711,-0.00022229639580473304,-0.0018920161528512836,-0.007502897642552853,-2.7491548735270044e-06,-0.39532873034477234,-0.19382131099700928,0.4364015460014343,-0.4501337707042694,-0.25170645117759705,0.2652432918548584,0.4323059916496277,0.08081300556659698,0.07298137247562408,0.07844991236925125,0.07325431704521179,0.0027494311798363924,-0.021482229232788086,-0.060520339757204056,-0.16695156693458557,0.2774076759815216,0.26569944620132446,-0.2232002466917038,-0.10266109555959702,0.16381168365478516,0.662584125995636,0.0,0.0,0.0,0.0,0.0,0.0,0.0,-0.5162038803100586,-0.1900009959936142,0.4643753170967102,-0.413153737783432,-0.33514514565467834,0.11809004843235016,0.528435468673706,0.0029296875,0.0,0.0,0.0,-0.0017351144924759865,0.0,0.0
681,1783686195.267638,367295.904124,0.049995,0,,,9,-0.13255061209201813,0.24646294116973877,0.22708536684513092,-0.14600545167922974,-0.12618282437324524,0.21022193133831024,0.6418053507804871,-0.0017918157391250134,-0.00022225866268854588,-0.0017913312185555696,-0.00022218551021069288,-0.001891805324703455,-0.007488676346838474,-2.5803699372772826e-06,-0.41462835669517517,-0.1938098818063736,0.4499164819717407,-0.42314088344573975,-0.27174994349479675,0.24666272103786469,0.46117353439331055,0.08062394708395004,0.07273437827825546,0.07826928049325943,0.07301387935876846,0.002718748524785042,-0.021382732316851616,-0.060299068689346313,-0.16695156693458557,0.2783788740634918,0.2680788040161133,-0.2232002466917038,-0.10023345798254013,0.16698743402957916,0.6644185781478882,0.0,0.0,0.0,0.0,0.0,0.0,0.0,-0.5432249307632446,-0.1900009959936142,0.4663044512271881,-0.390727698802948,-0.3482702970504761,0.09109215438365936,0.5418495535850525,0.0,0.0,0.0,0.0,-0.002965398132801056,0.0,0.0
682,1783686195.317589,367295.954063,0.049939,0,,,10,-0.13130280375480652,0.2472660094499588,0.2335856556892395,-0.14584791660308838,-0.12601333856582642,0.21200384199619293,0.6464974880218506,-0.0017979237018153071,-0.0002234242856502533,-0.0017977223033085465,-0.00022339541465044022,-0.0018920646980404854,-0.007474978920072317,-2.9882073704357026e-06,-0.4492533504962921,-0.19460560381412506,0.47228989005088806,-0.3746627867221832,-0.29733744263648987,0.21543845534324646,0.4966849684715271,0.08031432330608368,0.07234415411949158,0.07796278595924377,0.07262759655714035,0.002657809294760227,-0.021237822249531746,-0.05995502322912216,-0.16840879619121552,0.2783788740634918,0.27363067865371704,-0.2232002466917038,-0.10104267299175262,0.16945748031139374,0.6662530303001404,0.0,0.0,0.0,0.0,0.0,0.0,0.0,-0.5741062164306641,-0.1900009959936142,0.5024757385253906,-0.34179815649986267,-0.35448750853538513,0.05959460511803627,0.5606292486190796,0.0,0.0,0.0,0.0,-9.47362495935522e-05,0.0,0.0
683,1783686195.367641,367296.004125,0.050062,0,,,11,-0.13103726506233215,0.24831126630306244,0.23926407098770142,-0.1457546204328537,-0.125796839594841,0.2130589634180069,0.6499846577644348,-0.0017986389575526118,-0.00022363945026881993,-0.0017982178833335638,-0.0002235775755252689,-0.0018921176670119166,-0.00746162747964263,-2.888500830522389e-06,-0.4731902778148651,-0.19494329392910004,0.4881092607975006,-0.3445229232311249,-0.31244906783103943,0.19124969840049744,0.5190654397010803,0.08010013401508331,0.07206393033266068,0.07775485515594482,0.07234625518321991,0.002609402872622013,-0.021140238270163536,-0.059706974774599075,-0.16840879619121552,0.2812924087047577,0.2894931137561798,-0.2232002466917038,-0.09537819772958755,0.17228037118911743,0.6745080351829529,0.0,0.0,0.0,0.0,0.0,0.0,0.0,-0.607882559299469,-0.1900009959936142,0.5372001528739929,-0.2847137153148651,-0.380737841129303,0.012348284013569355,0.574043333530426,0.0,0.0,0.0,0.0,-9.47362495935522e-05,0.0,0.0
684,1783686195.417641,367296.054128,0.050004,0,,,12,-0.13039375841617584,0.24921374022960663,0.24808770418167114,-0.14556634426116943,-0.12547308206558228,0.21546170115470886,0.6545249223709106,-0.0017930562607944012,-0.00022290674678515643,-0.001792931230738759,-0.00022288880427367985,-0.0018924555042758584,-0.007441961206495762,-2.728588469835813e-06,-0.5098247528076172,-0.19551223516464233,0.5151234865188599,-0.2997022569179535,-0.3302835524082184,0.15324902534484863,0.5443287491798401,0.07978235185146332,0.071677066385746,0.0774485170841217,0.07195757329463959,0.0025620628148317337,-0.02100670523941517,-0.05936795473098755,-0.16549435257911682,0.28420597314834595,0.2894931137561798,-0.2232002466917038,-0.08890450745820999,0.17051605880260468,0.6772596836090088,0.0,0.0,0.0,0.0,0.0,0.0,0.0,-0.6204280853271484,-0.1900009959936142,0.545399010181427,-0.2724813222885132,-0.3793562352657318,0.01459810882806778,0.574043333530426,0.0,0.0,0.0,0.0,-0.0013250198680907488,0.0,0.0
685,1783686195.467601,367296.104050,0.049921,0,,,13,-0.13032644987106323,0.2499723881483078,0.25517579913139343,-0.14544576406478882,-0.12506620585918427,0.217320516705513,0.658058226108551,-0.0017954041250050068,-0.00022339580755215138,-0.0017954142531380057,-0.0002234010462416336,-0.0018926961347460747,-0.007430013734847307,-2.8269669201108627e-06,-0.5362699031829834,-0.1956174224615097,0.5407488346099854,-0.26261839270591736,-0.34460777044296265,0.12242358922958374,0.5599718689918518,0.07954959571361542,0.07139663398265839,0.0772259309887886,0.071676105260849,0.0025341787841171026,-0.0209178663790226,-0.05912380293011665,-0.16840879619121552,0.2832348048686981,0.29266560077667236,-0.2232002466917038,-0.09052293002605438,0.17016319930553436,0.6781769394874573,0.0,0.0,0.0,0.0,0.0,0.0,0.0,-0.639728844165802,-0.1900009959936142,0.5627612471580505,-0.2327260673046112,-0.3835010230541229,-0.03377312421798706,0.5713605284690857,0.0,0.0,0.0,0.0,-0.0033754927571862936,0.0,0.0
686,1783686195.517530,367296.154032,0.049983,0,,,14,-0.13022953271865845,0.25250595808029175,0.26271897554397583,-0.14536938071250916,-0.12366177141666412,0.21817472577095032,0.6631746292114258,-0.0017944249557331204,-0.000223353345063515,-0.001794045907445252,-0.00022330293722916394,-0.0018926438642665744,-0.007410591468214989,-2.688884478629916e-06,-0.5610512495040894,-0.19566710293293,0.5718836188316345,-0.22324927151203156,-0.359048068523407,0.09015925973653793,0.5769474506378174,0.07926376909017563,0.07101831585168839,0.07695815712213516,0.07129700481891632,0.002485828474164009,-0.02080867439508438,-0.058791130781173706,-0.16257990896701813,0.286148339509964,0.30852800607681274,-0.2232002466917038,-0.0872860848903656,0.17228037118911743,0.679094135761261,0.0,0.0,0.0,0.0,0.0,0.0,0.0,-0.6918409466743469,-0.1900009959936142,0.5979679226875305,-0.18685463070869446,-0.3793562352657318,-0.059646110981702805,0.5794090032577515,0.0,0.0,0.0,0.0,0.001955736428499222,0.0,0.0
687,1783686195.567673,367296.204128,0.050096,0,,,15,-0.13001948595046997,0.2534606456756592,0.26834914088249207,-0.14532002806663513,-0.12278348207473755,0.21848687529563904,0.6662681102752686,-0.0017878592479974031,-0.00022239644022192806,-0.0017876900965347886,-0.0002223752235295251,-0.001892671687528491,-0.007395044434815645,-2.5326130526082125e-06,-0.578015148639679,-0.19580645859241486,0.590607225894928,-0.1937577724456787,-0.3664604425430298,0.06290337443351746,0.584358274936676,0.07906263321638107,0.07074528187513351,0.07676564157009125,0.07102271914482117,0.0024409685283899307,-0.020726779475808144,-0.05855005979537964,-0.15966548025608063,0.2871195375919342,0.3053555190563202,-0.2232002466917038,-0.08404923975467682,0.1712217777967453,0.679094135761261,0.0,0.0,0.0,0.0,0.0,0.0,0.0,-0.730442464351654,-0.1900009959936142,0.6244935393333435,-0.13588635623455048,-0.3848826289176941,-0.0663955882191658,0.5472151637077332,0.0,0.0,0.0,0.0,-0.002965398132801056,0.0,0.0
688,1783686195.693888,367296.330364,0.126236,1,16,0.076153,0,-0.1286228448152542,0.2548069655895233,0.2779419720172882,-0.14523708820343018,-0.12133825570344925,0.21948827803134918,0.6687787771224976,-0.001784925232641399,-0.00022203360276762396,-0.0017839409410953522,-0.00022188776347320527,-0.00189263338688761,-0.007374688982963562,-2.4639898583700415e-06,-0.6172300577163696,-0.19684335589408875,0.6230564713478088,-0.144031822681427,-0.3730180263519287,0.028060268610715866,0.5920132994651794,0.07878687977790833,0.07037141919136047,0.07650019973516464,0.07064692676067352,0.0024085654877126217,-0.02061489410698414,-0.05822042375802994,-0.15820825099945068,0.28517717123031616,0.3196317255496979,-0.2232002466917038,-0.11237163096666336,0.1436985582113266,0.6497430205345154,0.0,0.0,0.0,0.0,0.0,0.0,0.0,-0.6906346678733826,-0.1900009959936142,0.6307632327079773,-0.17054477334022522,-0.3379083275794983,-0.03152329847216606,0.5713605284690857,0.0,0.0,0.0,0.0,0.004416303709149361,0.0,0.0
689,1783686195.694166,367296.330703,0.000339,0,,,1,-0.12737053632736206,0.25590720772743225,0.2813282012939453,-0.14516101777553558,-0.11974935978651047,0.21987102925777435,0.6701546907424927,-0.0017803848022595048,-0.00022137428459245712,-0.0017796129686757922,-0.00022126134717836976,-0.0018926772754639387,-0.007355958689004183,-2.1668895442417124e-06,-0.6475783586502075,-0.1969907432794571,0.6468096375465393,-0.10867181420326233,-0.37711623311042786,0.008570031262934208,0.591278612613678,0.07859425246715546,0.07010214030742645,0.07631842792034149,0.07037677615880966,0.002371656009927392,-0.02053973637521267,-0.05798247829079628,-0.1523793786764145,0.2832348048686981,0.32280421257019043,-0.2232002466917038,-0.11479926109313965,0.13946421444416046,0.6497430205345154,0.0,0.0,0.0,0.0,0.0,0.0,0.0,-0.7323725819587708,-0.1900009959936142,0.6606648564338684,-0.10530539602041245,-0.35034269094467163,-0.050646811723709106,0.565994918346405,0.0,0.0,0.0,0.0,0.00031535830930806696,0.0,-0.0013671874767169356
690,1783686195.717516,367296.353990,0.023287,0,,,2,-0.12597230076789856,0.2562924921512604,0.2819068729877472,-0.1452120691537857,-0.11800014972686768,0.22009801864624023,0.6711092591285706,-0.0017770513659343123,-0.00022094781161285937,-0.001776619115844369,-0.00022088192054070532,-0.001892466563731432,-0.007337262388318777,-2.407175998087041e-06,-0.6694204211235046,-0.19692647457122803,0.6645222306251526,-0.08265428245067596,-0.3817587196826935,-0.008320129476487637,0.5891540050506592,0.07833349704742432,0.06973427534103394,0.07607623189687729,0.07000826299190521,0.0023066112771630287,-0.02045792154967785,-0.05765991657972336,-0.15820825099945068,0.2871195375919342,0.32121795415878296,-0.2232002466917038,-0.11641768366098404,0.14158138632774353,0.6534119248390198,0.0,0.0,0.0,0.0,0.0,0.0,0.0,-0.7478131651878357,-0.1900009959936142,0.6823676228523254,-0.07982125878334045,-0.35034269094467163,-0.056271374225616455,0.5445323586463928,0.0,0.0,0.0,0.0,0.001955736428499222,0.0,0.0
691,1783686195.767468,367296.403945,0.049955,0,,,3,-0.12303274869918823,0.2561049461364746,0.28584161400794983,-0.14514774084091187,-0.11845064163208008,0.21726194024085999,0.6685761213302612,-0.0017755265580490232,-0.00022071224520914257,-0.0017768394900485873,-0.00022091738355811685,-0.001892781350761652,-0.0073258038610219955,-2.6169896045757923e-06,-0.6772638559341431,-0.1968788355588913,0.6747394800186157,-0.07217840105295181,-0.38175836205482483,-0.014897089451551437,0.5884140133857727,0.07811692357063293,0.0694633275270462,0.07587265968322754,0.0697367936372757,0.0022704892326146364,-0.020395353436470032,-0.0574287474155426,-0.1523793786764145,0.286148339509964,0.3307354152202606,-0.2232002466917038,-0.11560846865177155,0.14299282431602478,0.6497430205345154,0.0,0.0,0.0,0.0,0.0,0.0,0.0,-0.7786944508552551,-0.1900009959936142,0.7209503054618835,-0.03700791299343109,-0.3572506904602051,-0.1001429557800293,0.5445323586463928,0.0,0.0,0.0,0.0,0.004826398566365242,0.0,0.0
692,1783686195.817479,367296.453950,0.050005,0,,,4,-0.12044186890125275,0.25602835416793823,0.2952212393283844,-0.14482614398002625,-0.12256627529859543,0.21080400049686432,0.663142204284668,-0.0017732885899022222,-0.00022050837287679315,-0.0017757108435034752,-0.00022088713012635708,-0.0018936452688649297,-0.00731037650257349,-2.782698629744118e-06,-0.6911129355430603,-0.19702517986297607,0.7039539217948914,-0.04201115667819977,-0.3778018057346344,-0.02167358063161373,0.5846759080886841,0.0778045579791069,0.0690898597240448,0.07557249814271927,0.06936176121234894,0.0022533165756613016,-0.020299265161156654,-0.05711127072572708,-0.149464949965477,0.286148339509964,0.3339079022407532,-0.2232002466917038,-0.1058979406952858,0.14228710532188416,0.6469913721084595,0.0,0.0,0.0,0.0,0.0,0.0,0.0,-0.8365967869758606,-0.1900009959936142,0.7614621520042419,0.025173375383019447,-0.37382984161376953,-0.111392080783844,0.5311182737350464,0.0,0.0,0.0025952463038265705,0.0029296875,0.002775925677269697,0.0,0.0
693,1783686195.867518,367296.503960,0.050010,0,,,5,-0.11976131051778793,0.25610512495040894,0.30049747228622437,-0.14477890729904175,-0.12405788153409958,0.2078440934419632,0.6603622436523438,-0.0017712226836010814,-0.00022026743681635708,-0.0017726784572005272,-0.00022049933613743633,-0.0018935654079541564,-0.007295772433280945,-2.634373231558129e-06,-0.7064686417579651,-0.1971968561410904,0.7313119769096375,-0.011602687649428844,-0.3772600293159485,-0.032175462692976,0.5824716687202454,0.07759173959493637,0.06882162392139435,0.07536518573760986,0.0690922737121582,0.0022618372458964586,-0.02023802138864994,-0.0568803995847702,-0.1523793786764145,0.28809070587158203,0.3339079022407532,-0.2232002466917038,-0.11318083852529526,0.14722716808319092,0.6515774726867676,0.0,0.0,0.0,0.0,0.0,0.0,0.0,-0.8636178374290466,-0.1900009959936142,0.7913637757301331,0.06288989633321762,-0.37659305334091187,-0.14063981175422668,0.5123385787010193,0.0,0.0,0.0,0.0,-0.0037855871487408876,0.0,0.0
694,1783686195.917515,367296.553995,0.050035,0,,,6,-0.11811625212430954,0.2562597393989563,0.30753961205482483,-0.14474672079086304,-0.12469646334648132,0.20476889610290527,0.6564183831214905,-0.0017671282403171062,-0.0002197417343268171,-0.0017676092684268951,-0.00021982080943416804,-0.001893382053822279,-0.007273659575730562,-2.3849499939387897e-06,-0.7536250352859497,-0.1974184811115265,0.7903768420219421,0.055422209203243256,-0.37772610783576965,-0.05435444787144661,0.5772340893745422,0.077333465218544,0.06845996528863907,0.0751236081123352,0.06873916834592819,0.002262184862047434,-0.020159488543868065,-0.056564897298812866,-0.1465505063533783,0.28809070587158203,0.33549416065216064,-0.2232002466917038,-0.10994399338960648,0.14228710532188416,0.6469913721084595,0.0,0.0,0.0,0.0,0.0,0.0,0.0,-0.9137998819351196,-0.1900009959936142,0.8328402042388916,0.12048403918743134,-0.37244823575019836,-0.16313804686069489,0.4855104088783264,0.005859375,0.0,0.0,0.0,0.004416303709149361,0.0,0.0
695,1783686195.967494,367296.603982,0.049987,0,,,7,-0.11765769124031067,0.25644397735595703,0.3090120851993561,-0.14476227760314941,-0.1252106875181198,0.20424550771713257,0.6555365324020386,-0.0017659120494499803,-0.00021965461201034486,-0.0017661693273112178,-0.00021969624503981322,-0.0018932735547423363,-0.007261744234710932,-2.5732797439559363e-06,-0.7849247455596924,-0.19743600487709045,0.8248518705368042,0.09694235771894455,-0.37887808680534363,-0.0717846006155014,0.5690106749534607,0.07715830206871033,0.06820008903741837,0.07495707273483276,0.06848068535327911,0.0022260078694671392,-0.02011377364397049,-0.056337907910346985,-0.14509329199790955,0.28906190395355225,0.33549416065216064,-0.22802837193012238,-0.11156241595745087,0.14581573009490967,0.6469913721084595,0.0,0.0,0.0,0.0,0.0,0.0,0.0,-0.9466111660003662,-0.1900009959936142,0.8965016603469849,0.1689039021730423,-0.37659305334091187,-0.17213734984397888,0.45868223905563354,0.0,0.0,0.0,0.0,0.0007254528463818133,0.0,0.0
696,1783686196.017495,367296.653981,0.049998,0,,,8,-0.11506633460521698,0.2568384110927582,0.31093931198120117,-0.14477652311325073,-0.12581120431423187,0.203017458319664,0.653731107711792,-0.0017615626566112041,-0.00021905369067098945,-0.001761150429956615,-0.00021899203420616686,-0.0018931027734652162,-0.007243076339364052,-2.552134674260742e-06,-0.8317121267318726,-0.19740360975265503,0.8722110390663147,0.15223804116249084,-0.37970128655433655,-0.09729507565498352,0.5504851341247559,0.07692898064851761,0.06784289330244064,0.07471615076065063,0.06812160462141037,0.002218614099547267,-0.020054366439580917,-0.05602804198861122,-0.14217884838581085,0.28517717123031616,0.32756292819976807,-0.23285648226737976,-0.09942425042390823,0.1436985582113266,0.6506602168083191,0.0,0.0,0.0,0.0,0.0,0.0,0.0,-0.9948631525039673,-0.1900009959936142,0.9235095381736755,0.22598835825920105,-0.37244823575019836,-0.19801034033298492,0.4412439465522766,0.005859375,0.0,0.0,0.0,0.00031535830930806696,0.0,0.0
697,1783686196.067591,367296.704051,0.050070,0,,,9,-0.11285550147294998,0.25702956318855286,0.3115409314632416,-0.1449584662914276,-0.12623369693756104,0.20279577374458313,0.6525434255599976,-0.0017603879095986485,-0.00021896349790040404,-0.0017602260923013091,-0.00021894020028412342,-0.0018933446845039725,-0.007231920957565308,-2.7107143978355452e-06,-0.8645512461662292,-0.19738100469112396,0.9102402925491333,0.18996864557266235,-0.3803137540817261,-0.11279674619436264,0.5326588153839111,0.07673445343971252,0.06758105009794235,0.07452259212732315,0.06785859167575836,0.002211420563980937,-0.02001558244228363,-0.05580463260412216,-0.13926440477371216,0.2871195375919342,0.32756292819976807,-0.24573145806789398,-0.11075320839881897,0.14863862097263336,0.6469913721084595,0.0,0.0,0.0,0.0,0.0,0.0,0.0,-1.0199540853500366,-0.1900009959936142,0.9524465799331665,0.2616661489009857,-0.39731699228286743,-0.21769630908966064,0.3969774544239044,0.0,0.0,0.0,0.005859375,0.00031535830930806696,-0.0013671874767169356,0.0
698,1783686196.117508,367296.753985,0.049934,0,,,10,-0.11026058346033096,0.25683560967445374,0.31141331791877747,-0.1473613828420639,-0.12616066634655,0.2025631219148636,0.6520273685455322,-0.0017585824243724346,-0.00021879273117519915,-0.0017588981427252293,-0.00021884747548028827,-0.0018936550477519631,-0.0072134495712816715,-2.6204845653410302e-06,-0.9112453460693359,-0.1961590200662613,0.9635876417160034,0.2472519874572754,-0.3814379572868347,-0.1386258453130722,0.5093568563461304,0.07649746537208557,0.06722568720579147,0.07427681237459183,0.06750399619340897,0.0021885759197175503,-0.01997104287147522,-0.05550001189112663,-0.13926440477371216,0.28517717123031616,0.3243904411792755,-0.2473408430814743,-0.09375977516174316,0.15357868373394012,0.6524946689605713,0.0,0.0,0.0,0.0,0.0,0.0,0.0,-1.0836466550827026,-0.1900009959936142,1.01803719997406,0.31059569120407104,-0.3931722044944763,-0.23850718140602112,0.3674664795398712,0.0,0.0,0.0,0.0,0.002775925677269697,0.0,0.0
699,1783686196.167494,367296.803959,0.049973,0,,,11,-0.1075131967663765,0.25675997138023376,0.31096938252449036,-0.153617262840271,-0.12637552618980408,0.20260411500930786,0.6515414714813232,-0.0017563917208462954,-0.00021850930352229625,-0.0017571350326761603,-0.00021863500296603888,-0.0018940480658784509,-0.007201258558779955,-2.6794109544425737e-06,-0.941200315952301,-0.195730522274971,0.9965377449989319,0.28517669439315796,-0.38701656460762024,-0.15710043907165527,0.485982745885849,0.07632464170455933,0.06697005778551102,0.0741068571805954,0.0672641396522522,0.0021726551931351423,-0.01994473673403263,-0.05527973920106888,-0.13926440477371216,0.2832348048686981,0.3180454671382904,-0.2586064338684082,-0.10185188055038452,0.1648702621459961,0.6515774726867676,0.0,0.0,0.0,0.0,0.0,0.0,0.0,-1.0990873575210571,-0.1900009959936142,1.0527616739273071,0.35137030482292175,-0.38764581084251404,-0.26438015699386597,0.3688078820705414,0.0,0.0,0.0,0.0,-0.0037855871487408876,0.0,0.0
700,1783686196.217494,367296.853987,0.050028,0,,,12,-0.10590625554323196,0.25659453868865967,0.30971357226371765,-0.16046416759490967,-0.1258065551519394,0.20335398614406586,0.6514459848403931,-0.001748718786984682,-0.00021739996736869216,-0.0017491577891632915,-0.0002174767869291827,-0.0018943058094009757,-0.007186559960246086,-2.8172601105325157e-06,-0.9919224977493286,-0.19570229947566986,1.051845669746399,0.33668652176856995,-0.39216530323028564,-0.1811944842338562,0.45379894971847534,0.07606634497642517,0.06661756336688995,0.07385747134685516,0.06691832840442657,0.0021640511695295572,-0.019912580028176308,-0.05497996136546135,-0.13634997606277466,0.27935004234313965,0.3053555190563202,-0.2650439441204071,-0.09618740528821945,0.1620473712682724,0.6515774726867676,0.0,0.0,0.0,0.0,0.0,0.0,0.0,-1.1261084079742432,-0.1900009959936142,1.089415192604065,0.38806745409965515,-0.4125145375728607,-0.25988051295280457,0.3205171823501587,0.0,0.0,0.0,0.005859375,-0.002145209116861224,0.0,0.0
701,1783686196.267623,367296.904057,0.050071,0,,,13,-0.10539030283689499,0.2558276951313019,0.30671536922454834,-0.16688701510429382,-0.1255175620317459,0.2063741683959961,0.6514102816581726,-0.0017435691552236676,-0.00021664719679392874,-0.0017447296995669603,-0.00021683402883354574,-0.0018946999916806817,-0.007173639256507158,-2.718900987019879e-06,-1.020384669303894,-0.19510431587696075,1.0859392881393433,0.3687427341938019,-0.393764466047287,-0.2002769261598587,0.43581560254096985,0.07587330043315887,0.06636172533035278,0.07367730885744095,0.0666634738445282,0.0021299084182828665,-0.019889559596776962,-0.054763052612543106,-0.13634997606277466,0.2812924087047577,0.3053555190563202,-0.26826268434524536,-0.10104267299175262,0.16310596466064453,0.6534119248390198,0.0,0.0,0.0,0.0,0.0,0.0,0.0,-1.1647099256515503,-0.1900009959936142,1.1395727396011353,0.42068713903427124,-0.40146178007125854,-0.2610054314136505,0.3091152310371399,0.0029296875,0.0,0.0,0.0,0.001955736428499222,-0.0027343749534338713,0.0
702,1783686196.317506,367296.953989,0.049932,0,,,14,-0.10412674397230148,0.25402507185935974,0.2986443340778351,-0.1764935851097107,-0.12496381253004074,0.20832747220993042,0.6514227986335754,-0.0017314314609393477,-0.0002147820923710242,-0.0017325925873592496,-0.00021497260604519397,-0.0018946025520563126,-0.0071541983634233475,-2.5454469323449302e-06,-1.052318811416626,-0.19368456304073334,1.1333788633346558,0.4086439311504364,-0.4012414515018463,-0.21917997300624847,0.40507110953330994,0.07561265677213669,0.06601198762655258,0.07342873513698578,0.06633400917053223,0.002079989295452833,-0.019859155640006065,-0.054466310888528824,-0.13926440477371216,0.2764365077018738,0.30218303203582764,-0.2714814245700836,-0.09861503541469574,0.16769316792488098,0.6561635732650757,0.0,0.0,0.0,0.0,0.0,0.0,0.0,-1.193661093711853,-0.1900009959936142,1.1974468231201172,0.45738428831100464,-0.38764581084251404,-0.26438015699386597,0.27088508009910583,0.0,0.0,0.0,0.0,0.00851724948734045,0.0,0.0
703,1783686196.367517,367297.003984,0.049994,0,,,15,-0.10374216735363007,0.25331398844718933,0.2925397753715515,-0.18164442479610443,-0.12472190707921982,0.20912876725196838,0.6513785123825073,-0.0017323900246992707,-0.00021500280126929283,-0.0017329080728814006,-0.00021509177167899907,-0.001894429326057434,-0.007147550117224455,-2.9906061627116287e-06,-1.0778731107711792,-0.19307854771614075,1.1719616651535034,0.43583834171295166,-0.40393301844596863,-0.22789700329303741,0.3852442800998688,0.07542981207370758,0.06575848162174225,0.07324644923210144,0.06608612090349197,0.002070871414616704,-0.019851990044116974,-0.05425300449132919,-0.13634997606277466,0.27935004234313965,0.29266560077667236,-0.2875751554965973,-0.10104267299175262,0.17333894968032837,0.6543291211128235,0.0,0.0,0.0,0.0,0.0,0.0,0.0,-1.2264724969863892,-0.1900009959936142,1.2553209066390991,0.4920427203178406,-0.38764581084251404,-0.26887983083724976,0.23198425769805908,0.0,0.0,0.0,0.0,0.004006209317594767,0.0,0.0
704,1783686196.494357,367297.130829,0.126845,1,16,0.076823,0,-0.10359500348567963,0.25100669264793396,0.28723692893981934,-0.18683387339115143,-0.12441447377204895,0.21209201216697693,0.6514643430709839,-0.0017364063533023,-0.000215760272112675,-0.0017363415099680424,-0.0002157537528546527,-0.0018944379407912493,-0.007136989384889603,-3.2118048238771735e-06,-1.1151070594787598,-0.19231870770454407,1.2310423851013184,0.47134673595428467,-0.40402430295944214,-0.23946689069271088,0.349862664937973,0.07371163368225098,0.06541792303323746,0.07303149998188019,0.06574337184429169,0.0021175462752580643,-0.01983039267361164,-0.05395962670445442,-0.13343553245067596,0.27449411153793335,0.325976699590683,-0.25538769364356995,-0.11965452879667282,0.15075579285621643,0.6424052119255066,0.0,0.0,0.0,0.0,0.0,0.0,0.0,-1.2071716785430908,-0.1900009959936142,1.243746042251587,0.45330682396888733,-0.4028433859348297,-0.25763070583343506,0.25814172625541687,0.0,0.0,0.0,0.0,-0.0005048307939432561,0.0,0.0
705,1783686196.494602,367297.131142,0.000313,0,,,1,-0.1030450239777565,0.2506166696548462,0.28227096796035767,-0.19213779270648956,-0.12435494363307953,0.2163238376379013,0.6515575051307678,-0.0017330216942355037,-0.00021524903422687203,-0.0017332477727904916,-0.00021529542573262006,-0.001895180786959827,-0.007124434225261211,-2.957641527245869e-06,-1.1429166793823242,-0.19099710881710052,1.268879771232605,0.4896724224090576,-0.4035409688949585,-0.24911360442638397,0.32029375433921814,0.07186052203178406,0.06516991555690765,0.07287093997001648,0.06549422442913055,0.002142006531357765,-0.019816504791378975,-0.053748223930597305,-0.12906387448310852,0.27546530961990356,0.3196317255496979,-0.2634345591068268,-0.12693743407726288,0.15710730850696564,0.6387363076210022,0.0,0.0,0.0,0.0,0.0,0.0,0.0,-1.2110317945480347,-0.1900009959936142,1.2668956518173218,0.4492293894290924,-0.4125145375728607,-0.2525686025619507,0.22661861777305603,0.0,0.0029296875,0.0,0.0,0.003186020301654935,0.0,-0.0013671874767169356
706,1783686196.517515,367297.153986,0.022844,0,,,2,-0.10298148542642593,0.2505020201206207,0.275748610496521,-0.20085519552230835,-0.1242876723408699,0.21865521371364594,0.6514794230461121,-0.0017413916066288948,-0.0002166734338970855,-0.0017426545964553952,-0.00021688558626919985,-0.0018953937105834484,-0.007116714026778936,-3.414407501622918e-06,-1.161576747894287,-0.18937313556671143,1.296862244606018,0.5037919878959656,-0.40304526686668396,-0.257008820772171,0.2940908670425415,0.07141570746898651,0.06482744961977005,0.07263907790184021,0.06515153497457504,0.00216180388815701,-0.01979524828493595,-0.0534585602581501,-0.13052110373973846,0.27546530961990356,0.3101142644882202,-0.2650439441204071,-0.1253190040588379,0.16063591837882996,0.6451569199562073,0.0,0.0,0.0,0.0,0.0,0.0,0.0,-1.2380529642105103,-0.1900009959936142,1.3054783344268799,0.46553921699523926,-0.390408992767334,-0.2410382330417633,0.18771778047084808,0.0,0.0,0.0,0.0,0.004006209317594767,0.0,0.0
707,1783686196.567509,367297.203990,0.050004,0,,,3,-0.10269804298877716,0.25005149841308594,0.2761722803115845,-0.20200635492801666,-0.1252879947423935,0.2177419662475586,0.6494841575622559,-0.0017514042556285858,-0.0002182959287893027,-0.0017524620052427053,-0.00021846416348125786,-0.001894674845971167,-0.007117113098502159,-3.919084974768339e-06,-1.1627691984176636,-0.18929502367973328,1.3054132461547852,0.5036894679069519,-0.40414199233055115,-0.2565033435821533,0.2824031710624695,0.0711265578866005,0.06461458653211594,0.07248616218566895,0.06493350118398666,0.002171779051423073,-0.01978100836277008,-0.053277093917131424,-0.13052110373973846,0.2725517451763153,0.29266560077667236,-0.26826268434524536,-0.1261282116174698,0.16275309026241302,0.6433224678039551,0.0,0.0,0.0,0.0,0.0,0.0,0.0,-1.230332612991333,-0.1900009959936142,1.3209114074707031,0.4777716100215912,-0.4042249619960785,-0.24075700342655182,0.1904006004333496,0.0,0.0,0.0,0.0,0.004416303709149361,-0.0027343749534338713,0.0
708,1783686196.617515,367297.254003,0.050013,0,,,4,-0.1003444641828537,0.24904410541057587,0.2828214764595032,-0.1964646279811859,-0.13010026514530182,0.21613053977489471,0.6469072699546814,-0.001757821999490261,-0.0002194379922002554,-0.0017565854359418154,-0.0002192400861531496,-0.001893628854304552,-0.0071072145365178585,-3.6126384657109156e-06,-1.1699830293655396,-0.18986257910728455,1.332425594329834,0.4989391565322876,-0.40627339482307434,-0.2486242800951004,0.25429850816726685,0.06828024238348007,0.06425320357084274,0.07222353667020798,0.06456103920936584,0.00219005742110312,-0.019754737615585327,-0.052967555820941925,-0.13052110373973846,0.2735229432582855,0.2894931137561798,-0.2811376750469208,-0.13260190188884735,0.17686757445335388,0.6543291211128235,0.0,0.0,0.0,0.0,0.0,0.0,0.0,-1.2264724969863892,-0.1900009959936142,1.340202808380127,0.48796525597572327,-0.43462011218070984,-0.22866420447826385,0.17027947306632996,0.0029296875,0.0,0.0,0.0087890625,0.00031535830930806696,0.0,0.0
709,1783686196.667559,367297.304006,0.050003,0,,,5,-0.09907999634742737,0.24773374199867249,0.28196167945861816,-0.19456589221954346,-0.13243719935417175,0.2162383645772934,0.6467550992965698,-0.0017497799126431346,-0.00021819451649207622,-0.0017500731628388166,-0.00021823261340614408,-0.0018939650617539883,-0.007090926170349121,-2.940651938843075e-06,-1.1745442152023315,-0.18991132080554962,1.347381830215454,0.4990038573741913,-0.4069550633430481,-0.24548134207725525,0.23867937922477722,0.06393537670373917,0.06400851905345917,0.07205699384212494,0.06431765854358673,0.002205108292400837,-0.01974296197295189,-0.052759405225515366,-0.13052110373973846,0.2764365077018738,0.2704581916332245,-0.2940126359462738,-0.1398847997188568,0.18286623060703278,0.6543291211128235,0.0,0.0,0.0,0.0,0.0,0.0,0.0,-1.1994513273239136,-0.1900009959936142,1.2939035892486572,0.46146175265312195,-0.50093674659729,-0.24413174390792847,0.1796693354845047,0.43505859375,0.41015625,0.14792904257774353,0.4130859375,-0.16085180640220642,-0.19414062798023224,-0.19414062798023224
710,1783686196.717490,367297.353981,0.049975,0,,,6,-0.09784290194511414,0.2465314418077469,0.27461105585098267,-0.1962834596633911,-0.13781557977199554,0.22053728997707367,0.6473491787910461,-0.0017403308302164078,-0.00021671496506314725,-0.0017413084860891104,-0.0002168581122532487,-0.0018945252522826195,-0.0070732091553509235,-2.685328354345984e-06,-1.1740235090255737,-0.18961621820926666,1.3622640371322632,0.4988318085670471,-0.4209790825843811,-0.2413496971130371,0.21311798691749573,0.057078227400779724,0.06412829458713531,0.07191167026758194,0.06455046683549881,0.0015432159416377544,-0.01983146369457245,-0.05258852615952492,-0.13343553245067596,0.2735229432582855,0.258561372756958,-0.29240328073501587,-0.12774664163589478,0.18251337110996246,0.6607496738433838,0.0,0.0,0.0,0.0,0.0,0.0,0.0,-1.1627799272537231,-0.1900009959936142,1.243746042251587,0.4818490743637085,-0.5423846244812012,-0.24075700342655182,0.2239358127117157,1.470703125,1.5,0.664383053779602,1.5,-0.4540694057941437,-0.699999988079071,-0.699999988079071
711,1783686196.767606,367297.404064,0.050082,0,,,7,-0.09736655652523041,0.24654445052146912,0.26624858379364014,-0.2012869268655777,-0.1413065642118454,0.22414956986904144,0.6480633616447449,-0.001731892116367817,-0.00021538196597248316,-0.0017336739692837,-0.00021565613860730082,-0.0018948499346151948,-0.007059203460812569,-2.4171224595193053e-06,-1.1632366180419922,-0.18943798542022705,1.353493094444275,0.49533718824386597,-0.4425494372844696,-0.24125345051288605,0.20645837485790253,0.06410571932792664,0.07549917697906494,0.0731179267168045,0.07631828635931015,-0.006693677045404911,-0.02359224297106266,-0.05441925302147865,-0.13197831809520721,0.27546530961990356,0.253802627325058,-0.29079389572143555,-0.13745717704296112,0.18533626198768616,0.6644185781478882,0.0,0.0,0.0,0.0,0.0,0.0,0.0,-1.1454092264175415,-0.1900009959936142,1.2090215682983398,0.4940814673900604,-0.5948852896690369,-0.2700047194957733,0.2199115753173828,1.171875,1.5,0.8875742554664612,1.5,-0.15757104754447937,-0.699999988079071,-0.699999988079071
712,1783686196.817503,367297.453960,0.049897,0,,,8,-0.0979226678609848,0.2464391589164734,0.24902990460395813,-0.20744913816452026,-0.1429114043712616,0.22700554132461548,0.6496363282203674,-0.0017342667561024427,-0.00021582853514701128,-0.0017350465059280396,-0.00021595254656858742,-0.001894529676064849,-0.007044886238873005,-2.7855701318912907e-06,-1.134369134902954,-0.1844160258769989,1.3137664794921875,0.4926242232322693,-0.48157554864883423,-0.2443859577178955,0.20637843012809753,0.15486659109592438,0.2048243135213852,0.12110225111246109,0.20624858140945435,-0.05988731235265732,-0.08222994953393936,-0.1059846580028534,-0.13634997606277466,0.2735229432582855,0.253802627325058,-0.29079389572143555,-0.13826638460159302,0.19133491814136505,0.6644185781478882,0.0,0.0,0.0,0.0,0.0,0.0,0.0,-1.141548991203308,-0.1900009959936142,1.220596432685852,0.4900040030479431,-0.5976485013961792,-0.2722545564174652,0.21689341962337494,1.00634765625,1.5,1.0121461153030396,1.5,0.0023658310528844595,-0.699999988079071,-0.699999988079071
713,1783686196.867557,367297.504021,0.050061,0,,,9,-0.09833236783742905,0.24634037911891937,0.23827996850013733,-0.20930004119873047,-0.14456741511821747,0.22864355146884918,0.65071702003479,-0.0017462318064644933,-0.00021778215887025,-0.0017467944417148829,-0.00021786658908240497,-0.0018943313043564558,-0.0070420210249722,-3.2810532957228133e-06,-1.1165465116500854,-0.18030764162540436,1.2823773622512817,0.49283450841903687,-0.5132966041564941,-0.2523562014102936,0.20649126172065735,0.24311283230781555,0.3406457304954529,0.18679259717464447,0.34212422370910645,-0.0795711874961853,-0.14390209317207336,-0.1632915884256363,-0.13926440477371216,0.2725517451763153,0.24269892275333405,-0.2956220209598541,-0.13745717704296112,0.1930992305278778,0.6690046787261963,0.0,0.0,0.0,0.0,0.0,0.0,0.0,-1.114527940750122,-0.1900009959936142,1.1897302865982056,0.5022363662719727,-0.6418595910072327,-0.28237876296043396,0.21722877025604248,1.01220703125,1.5,1.0121461153030396,1.5,0.002775925677269697,-0.699999988079071,-0.699999988079071
714,1783686196.917503,367297.553989,0.049968,0,,,10,-0.10020358115434647,0.2455141395330429,0.2296200394630432,-0.20975112915039062,-0.14765992760658264,0.23370960354804993,0.6521410346031189,-0.0017712878761813045,-0.0002218922891188413,-0.0017725620418787003,-0.00022208254085853696,-0.0018946828786283731,-0.007039564661681652,-3.879101313941646e-06,-1.1031872034072876,-0.17722868919372559,1.2566817998886108,0.49459800124168396,-0.5508807301521301,-0.2600667178630829,0.20308680832386017,0.3569638133049011,0.5726510882377625,0.33114635944366455,0.5811949968338013,-0.07867098599672318,-0.24972522258758545,-0.26257336139678955,-0.14217884838581085,0.2735229432582855,0.23000898957252502,-0.2956220209598541,-0.1423124372959137,0.19521640241146088,0.6754252314567566,0.0,0.0,0.0,0.0,0.0,0.0,0.0,-1.0797865390777588,-0.1900009959936142,1.151147484779358,0.4940814673900604,-0.6833074688911438,-0.3121889531612396,0.25612959265708923,1.0078125,1.5,1.0017651319503784,1.5,-0.002145209116861224,-0.699999988079071,-0.699999988079071
715,1783686196.967555,367297.604003,0.050014,0,,,11,-0.10115392506122589,0.24539203941822052,0.22628550231456757,-0.21049807965755463,-0.14854222536087036,0.23635070025920868,0.6545979380607605,-0.001777292462065816,-0.00022292482026387006,-0.001778993639163673,-0.00022318428091239184,-0.0018948664655908942,-0.007033769506961107,-3.755720854314859e-06,-1.090547800064087,-0.17703549563884735,1.2394529581069946,0.49587833881378174,-0.574597954750061,-0.26926475763320923,0.20372198522090912,0.38870179653167725,0.6873444318771362,0.4161824584007263,0.7041690349578857,-0.07654892653226852,-0.28011438250541687,-0.3015788197517395,-0.14217884838581085,0.2725517451763153,0.227629616856575,-0.2988407611846924,-0.14797692000865936,0.19345209002494812,0.6763424873352051,0.0,0.0,0.0,0.0,0.0,0.0,0.0,-1.0527654886245728,-0.1900009959936142,1.1318562030792236,0.4940814673900604,-0.6998866200447083,-0.32737526297569275,0.24003270268440247,1.00341796875,1.5,1.0173366069793701,1.5,0.005236492957919836,-0.699999988079071,-0.6986327767372131
716,1783686197.017771,367297.654176,0.050173,0,,,12,-0.10352439433336258,0.24537847936153412,0.2183973342180252,-0.211882546544075,-0.15079039335250854,0.23944178223609924,0.6599935293197632,-0.0017736804438754916,-0.00022239016834646463,-0.0017763628857210279,-0.00022280306438915431,-0.001895118854008615,-0.007016494870185852,-3.104425559286028e-06,-1.0615203380584717,-0.17582650482654572,1.1984201669692993,0.49589842557907104,-0.6088927388191223,-0.28678271174430847,0.20995230972766876,0.40752077102661133,0.8265146613121033,0.49299147725105286,0.8657948970794678,-0.07600606232881546,-0.2453678846359253,-0.30861806869506836,-0.14217884838581085,0.27060937881469727,0.227629616856575,-0.29723137617111206,-0.14878612756729126,0.19380494952201843,0.6735908389091492,0.0,0.0,0.0,0.0,0.0,0.0,0.0,-1.0334646701812744,-0.1900009959936142,1.1087065935134888,0.49815890192985535,-0.7275185585021973,-0.34987351298332214,0.2688729763031006,1.0078125,1.5,0.9991698265075684,1.5,-0.004605776164680719,-0.699999988079071,-0.697265625
717,1783686197.067755,367297.704152,0.049975,0,,,13,-0.10439669340848923,0.24532519280910492,0.21266241371631622,-0.21398435533046722,-0.15357494354248047,0.24033930897712708,0.662703275680542,-0.0017742677591741085,-0.00022250082110986114,-0.001777167315594852,-0.00022294856898952276,-0.001895120833069086,-0.0070071653462946415,-3.0914927720004926e-06,-1.0396705865859985,-0.1753997951745987,1.1704518795013428,0.49601179361343384,-0.630609393119812,-0.2964112460613251,0.21077249944210052,0.41348719596862793,0.8903831243515015,0.5122780799865723,0.9470798969268799,-0.07576920837163925,-0.21959306299686432,-0.3094709515571594,-0.14509329199790955,0.27060937881469727,0.22366401553153992,-0.2956220209598541,-0.14635848999023438,0.19098205864429474,0.671756386756897,0.0,0.0,0.0,0.0,0.0,0.0,0.0,-1.012233853340149,-0.1900009959936142,1.0971317291259766,0.47573286294937134,-0.7330449819564819,-0.35437315702438354,0.2749093174934387,1.00927734375,1.5,0.9939793348312378,1.5,-0.002555303508415818,-0.699999988079071,-0.6986327767372131
718,1783686197.117698,367297.754105,0.049953,0,,,14,-0.10551489889621735,0.24480804800987244,0.20762000977993011,-0.21543937921524048,-0.1568339318037033,0.2408602237701416,0.6638047099113464,-0.0017829012358561158,-0.0002239505120087415,-0.0017850175499916077,-0.00022427734802477062,-0.00189491780474782,-0.006997689604759216,-3.356446313773631e-06,-1.012372612953186,-0.17475102841854095,1.1359331607818604,0.495992511510849,-0.665128767490387,-0.3133552074432373,0.21644185483455658,0.415658175945282,0.9567360281944275,0.5099062323570251,0.9991320371627808,-0.07523136585950851,-0.19078493118286133,-0.3155325949192047,-0.14800772070884705,0.2667246460914612,0.21335342526435852,-0.2988407611846924,-0.14959533512592316,0.19168777763843536,0.6735908389091492,0.0,0.0,0.0,0.0,0.0,0.0,0.0,-0.9852127432823181,-0.1900009959936142,1.0585490465164185,0.45738428831100464,-0.760676920413971,-0.37687140703201294,0.3084445297718048,1.0048828125,1.494140625,0.9939793348312378,1.4970703125,-0.004195681773126125,-0.6958984136581421,-0.6986327767372131
719,1783686197.167668,367297.804136,0.050031,0,,,15,-0.10627172142267227,0.24459314346313477,0.2058408111333847,-0.21557442843914032,-0.1576528549194336,0.24106867611408234,0.6641255617141724,-0.0017846378032118082,-0.00022428945521824062,-0.0017867465503513813,-0.0002246160147478804,-0.001894958084449172,-0.006991381756961346,-3.3805438306444557e-06,-0.998407244682312,-0.1748628318309784,1.1204231977462769,0.49333661794662476,-0.6825693249702454,-0.3197357654571533,0.22223003208637238,0.41533491015434265,0.9821281433105469,0.5095813274383545,1.0178483724594116,-0.0748099610209465,-0.17876476049423218,-0.32049500942230225,-0.14509329199790955,0.267695814371109,0.20938782393932343,-0.30205950140953064,-0.14959533512592316,0.18815915286540985,0.6735908389091492,0.0,0.0,0.0,0.0,0.0,0.0,0.0,-0.9466111660003662,-0.1900009959936142,1.0257537364959717,0.42884206771850586,-0.7579137086868286,-0.38362088799476624,0.3460039496421814,0.9990234375,1.494140625,0.9991698265075684,1.5,-0.0017351144924759865,-0.6986327767372131,-0.697265625
720,1783686197.295487,367297.931972,0.127837,1,16,0.077929,0,-0.10798618942499161,0.243665412068367,0.20148484408855438,-0.2163533717393875,-0.15883612632751465,0.24127745628356934,0.6655994653701782,-0.00177646498195827,-0.00022308086045086384,-0.0017788383411243558,-0.00022344657918438315,-0.001894845045171678,-0.006976084318011999,-3.0346529911184916e-06,-0.971089243888855,-0.17647172510623932,1.0861798524856567,0.48240113258361816,-0.7101247310638428,-0.3296978771686554,0.24041710793972015,0.41501057147979736,1.0135525465011597,0.5094043612480164,1.0420327186584473,-0.07383287698030472,-0.16371852159500122,-0.3261764943599701,-0.1523793786764145,0.2667246460914612,0.22445712983608246,-0.2811376750469208,-0.14635848999023438,0.19662784039974213,0.6579980254173279,0.0,0.0,0.0,0.0,0.0,0.0,0.0,-1.0180240869522095,-0.1900009959936142,1.1048482656478882,0.4818490743637085,-0.7219921946525574,-0.37012192606925964,0.22527721524238586,1.001953125,1.5,0.9991698265075684,1.5,0.00113554741255939,-0.699999988079071,-0.699999988079071
721,1783686197.295731,367297.932268,0.000295,0,,,1,-0.10809394717216492,0.24327121675014496,0.1971054971218109,-0.21790455281734467,-0.1596311777830124,0.24131374061107635,0.6663550138473511,-0.001769862836226821,-0.000222077636863105,-0.0017717101145535707,-0.00022236339282244444,-0.0018946956843137741,-0.00696661788970232,-3.0420185339607997e-06,-0.9471551775932312,-0.17881059646606445,1.05762779712677,0.4685693383216858,-0.7255277633666992,-0.33527252078056335,0.2595977187156677,0.4147573411464691,1.036649465560913,0.5092527866363525,1.0560206174850464,-0.07206613570451736,-0.1559659093618393,-0.3292226791381836,-0.15529382228851318,0.267695814371109,0.22049152851104736,-0.2891845107078552,-0.1508091539144516,0.19027632474899292,0.6570807695388794,0.0,0.0,0.0,0.0,0.0,0.0,0.0,-0.975562334060669,-0.1900009959936142,1.0585490465164185,0.4369969964027405,-0.7219921946525574,-0.39487001299858093,0.27088508009910583,1.001953125,1.5,0.9913840889930725,1.5,0.001955736428499222,-0.699999988079071,-0.699999988079071
722,1783686197.317608,367297.954108,0.021841,0,,,2,-0.10811177641153336,0.24308893084526062,0.19364365935325623,-0.21900054812431335,-0.16063818335533142,0.24130846560001373,0.6668020486831665,-0.0017659227596595883,-0.0002215712156612426,-0.0017672332469373941,-0.00022177356004249305,-0.0018946124473586679,-0.006955360062420368,-3.1451013455807697e-06,-0.9284024834632874,-0.1805911809206009,1.0377109050750732,0.45755746960639954,-0.7367686629295349,-0.3408236801624298,0.27761465311050415,0.4144074320793152,1.0655560493469238,0.5089499950408936,1.0740009546279907,-0.07056571543216705,-0.14649419486522675,-0.3326076865196228,-0.15820825099945068,0.267695814371109,0.21969839930534363,-0.2811376750469208,-0.15283218026161194,0.19521640241146088,0.662584125995636,0.0,0.0,0.0,0.0,0.0,0.0,0.0,-0.9350306987762451,-0.1900009959936142,1.0161080360412598,0.4084547758102417,-0.7413345575332642,-0.3954324722290039,0.3305777609348297,1.0107421875,1.5,1.0017651319503784,1.5,0.001955736428499222,-0.699999988079071,-0.699999988079071
723,1783686197.367648,367298.004120,0.050011,0,,,3,-0.10955270379781723,0.24297267198562622,0.19316023588180542,-0.21867525577545166,-0.16136418282985687,0.24140165746212006,0.6666767597198486,-0.001760993036441505,-0.00022087895194999874,-0.0017627080669626594,-0.00022114372404757887,-0.0018948750803247094,-0.006948326714336872,-3.2672242014086805e-06,-0.9285194873809814,-0.1828496754169464,1.0402300357818604,0.45611679553985596,-0.7381569147109985,-0.3455088436603546,0.2788447141647339,0.4153697192668915,1.0838087797164917,0.507621169090271,1.084470272064209,-0.07039037346839905,-0.13871876895427704,-0.33780714869499207,-0.15675103664398193,0.2667246460914612,0.2189052850008011,-0.28596577048301697,-0.15687823295593262,0.1987450122833252,0.6644185781478882,0.0,0.0,0.0,0.0,0.0,0.0,0.0,-0.9002892971038818,-0.1900009959936142,0.950517475605011,0.36971887946128845,-0.7440977692604065,-0.41961807012557983,0.383563369512558,1.013671875,1.5,0.9991698265075684,1.5,0.005236492957919836,-0.699999988079071,-0.699999988079071
724,1783686197.417714,367298.054194,0.050075,0,,,4,-0.11599680036306381,0.24258969724178314,0.1932605504989624,-0.2145833969116211,-0.16278867423534393,0.24189388751983643,0.665334165096283,-0.0017601255094632506,-0.00022088912373874336,-0.0017625091131776571,-0.00022125151008367538,-0.00189494458027184,-0.00693885562941432,-3.3791900477808667e-06,-0.9175654649734497,-0.185720756649971,1.0293984413146973,0.44846630096435547,-0.7418814897537231,-0.3512474596500397,0.2878435254096985,0.4153761565685272,1.1034127473831177,0.5072620511054993,1.0946836471557617,-0.07014178484678268,-0.12951411306858063,-0.349854439496994,-0.15529382228851318,0.267695814371109,0.22049152851104736,-0.2875751554965973,-0.1584966629743576,0.19980360567569733,0.6635013818740845,0.0,0.0,0.0,0.0,0.0,0.0,0.0,-0.8626528382301331,-0.1900009959936142,0.9080764651298523,0.35137030482292175,-0.7496241331100464,-0.446615993976593,0.43587830662727356,1.00927734375,1.5,0.9939793348312378,1.5,0.004416303709149361,-0.699999988079071,-0.6986327767372131
725,1783686197.467520,367298.103987,0.049793,0,,,5,-0.11787208169698715,0.24253903329372406,0.19409145414829254,-0.2140233963727951,-0.1641615331172943,0.2426179200410843,0.6652016639709473,-0.0017563215224072337,-0.00022037742019165307,-0.001757776248268783,-0.00022059492766857147,-0.0018942957976832986,-0.0069264075718820095,-3.0439441616181284e-06,-0.8920324444770813,-0.18781578540802002,0.999194324016571,0.4317972660064697,-0.747504472732544,-0.36004507541656494,0.31180340051651,0.4151367247104645,1.113185167312622,0.5072624087333679,1.0983155965805054,-0.0693039745092392,-0.12322879582643509,-0.35659798979759216,-0.15383660793304443,0.267695814371109,0.2149396687746048,-0.29079389572143555,-0.15606902539730072,0.19980360567569733,0.6635013818740845,0.0,0.0,0.0,0.0,0.0,0.0,0.0,-0.8288764357566833,-0.1900009959936142,0.8579189777374268,0.30651822686195374,-0.7579137086868286,-0.446615993976593,0.5150213837623596,1.01220703125,1.5,0.9965745806694031,1.5,-0.002145209116861224,-0.699999988079071,-0.699999988079071
726,1783686197.517531,367298.154012,0.050025,0,,,6,-0.11807537078857422,0.2424820363521576,0.19498923420906067,-0.21376101672649384,-0.16631163656711578,0.24460731446743011,0.6650404334068298,-0.0017493023769930005,-0.00021939595171716064,-0.0017497041262686253,-0.00021944791660644114,-0.0018939116271212697,-0.006910480093210936,-2.8611366360564716e-06,-0.8507306575775146,-0.18944574892520905,0.9478567242622375,0.4045921862125397,-0.7539573311805725,-0.37834593653678894,0.3556976318359375,0.41761451959609985,1.1332122087478638,0.5068381428718567,1.1008280515670776,-0.06682641804218292,-0.11882888525724411,-0.36353278160095215,-0.15092216432094574,0.26963821053504944,0.21573279798030853,-0.29079389572143555,-0.1576874554157257,0.20156791806221008,0.662584125995636,0.0,0.0,0.0,0.0,0.0,0.0,0.0,-0.7965476512908936,-0.1900009959936142,0.8154779672622681,0.26982107758522034,-0.7551504969596863,-0.4668644070625305,0.5633120536804199,1.0078125,1.5,0.9965745806694031,1.5,0.00113554741255939,-0.699999988079071,-0.6986327767372131
727,1783686197.567493,367298.203976,0.049964,0,,,7,-0.11791195720434189,0.24246001243591309,0.19507041573524475,-0.21363314986228943,-0.16712763905525208,0.2459484338760376,0.6649301052093506,-0.001742915716022253,-0.00021848086907994002,-0.0017430302686989307,-0.00021849058975931257,-0.0018938961438834667,-0.006898035295307636,-2.7231233161728596e-06,-0.8198325634002686,-0.19035384058952332,0.9108437895774841,0.37899017333984375,-0.7583351731300354,-0.3889636993408203,0.397828072309494,0.42235755920410156,1.150744915008545,0.5064417719841003,1.1032063961029053,-0.0659613311290741,-0.11867132037878036,-0.36921727657318115,-0.15383660793304443,0.2686670124530792,0.22445712983608246,-0.2891845107078552,-0.1617335081100464,0.20015646517276764,0.6543291211128235,0.0,0.0,0.0,0.0,0.0,0.0,0.0,-0.8095756769180298,-0.1900009959936142,0.8019739985466003,0.2494337558746338,-0.7827824354171753,-0.4601149260997772,0.565994918346405,0.9990234375,1.5,1.0095508098602295,1.5,0.001955736428499222,-0.699999988079071,-0.699999988079071
728,1783686197.617596,367298.254070,0.050094,0,,,8,-0.11698303371667862,0.24258358776569366,0.19522787630558014,-0.21353597939014435,-0.16831707954406738,0.24743841588497162,0.6646386981010437,-0.0017346583772450686,-0.00021730639855377376,-0.001734477118588984,-0.00021727060084231198,-0.0018938148859888315,-0.006879632826894522,-2.523827788536437e-06,-0.7811453938484192,-0.1917029321193695,0.8665139079093933,0.3427991569042206,-0.7637868523597717,-0.4056971073150635,0.456941694021225,0.43812230229377747,1.173217535018921,0.5039048790931702,1.1041412353515625,-0.06507062166929245,-0.11857328563928604,-0.37597033381462097,-0.15675103664398193,0.27060937881469727,0.2189052850008011,-0.28435641527175903,-0.1601150780916214,0.2031557857990265,0.6607496738433838,0.0,0.0,0.0,0.0,0.0,0.0,0.0,-0.780624508857727,-0.1900009959936142,0.7817180752754211,0.23210455477237701,-0.760676920413971,-0.4331170320510864,0.5928230285644531,1.0048828125,1.5,0.9965745806694031,1.494140625,0.004416303709149361,-0.699999988079071,-0.699999988079071
729,1783686197.667615,367298.304053,0.049982,0,,,9,-0.11698310077190399,0.2426433116197586,0.19621863961219788,-0.2132912278175354,-0.16982980072498322,0.2483462691307068,0.6632149815559387,-0.0017285918584093451,-0.0002164247998734936,-0.0017288302769884467,-0.00021645400556735694,-0.0018940260633826256,-0.006864560302346945,-2.321533202120918e-06,-0.7680010795593262,-0.19232305884361267,0.849423885345459,0.32252174615859985,-0.7698703408241272,-0.41429978609085083,0.4897293448448181,0.45280200242996216,1.1857777833938599,0.5014010667800903,1.104880928993225,-0.06469602137804031,-0.11850260943174362,-0.3808195888996124,-0.1523793786764145,0.27060937881469727,0.21256031095981598,-0.2875751554965973,-0.1601150780916214,0.20156791806221008,0.6579980254173279,0.0,0.0,0.0,0.0,0.0,0.0,0.0,-0.767113983631134,-0.1900009959936142,0.7749661207199097,0.22496898472309113,-0.7717296481132507,-0.4353668689727783,0.6089199781417847,0.9931640625,1.48828125,0.9939793348312378,1.48828125,0.006056682206690311,-0.697265625,-0.694531261920929
730,1783686197.717590,367298.354061,0.050009,0,,,10,-0.11803183704614639,0.24274161458015442,0.19620275497436523,-0.21178224682807922,-0.17125408351421356,0.249875009059906,0.6622670292854309,-0.0017330669797956944,-0.00021732499590143561,-0.001733575132675469,-0.0002173975226469338,-0.0018942496972158551,-0.006847082637250423,-2.3737620722386055e-06,-0.7497034072875977,-0.19232243299484253,0.8287651538848877,0.298383891582489,-0.7731634974479675,-0.4165217876434326,0.5289244055747986,0.4686131477355957,1.1975544691085815,0.4995974600315094,1.105289340019226,-0.06424885988235474,-0.11829151213169098,-0.38613903522491455,-0.1523793786764145,0.26963821053504944,0.21652591228485107,-0.28596577048301697,-0.15971048176288605,0.20368508994579315,0.6579980254173279,0.0,0.0,0.0,0.0,0.0,0.0,0.0,-0.7666314244270325,-0.1900009959936142,0.7653204202651978,0.2127366065979004,-0.7910720109939575,-0.4173682630062103,0.6035543084144592,0.89794921875,1.5,1.1159559488296509,1.5,0.11350145936012268,-0.699999988079071,-0.699999988079071
731,1783686197.767558,367298.404019,0.049957,0,,,11,-0.11801566928625107,0.242842435836792,0.19601018726825714,-0.2114042043685913,-0.1718723028898239,0.25048476457595825,0.6619942784309387,-0.0017316333251073956,-0.0002171839732909575,-0.0017322832718491554,-0.0002172817476093769,-0.0018944204784929752,-0.006833469029515982,-2.2202891614142573e-06,-0.7391722798347473,-0.19222542643547058,0.8180058002471924,0.28737762570381165,-0.7746428847312927,-0.4165368676185608,0.5471139550209045,0.4781689941883087,1.2044141292572021,0.49735862016677856,1.1055290699005127,-0.0636918842792511,-0.11821601539850235,-0.3892032206058502,-0.1436360627412796,0.26575344800949097,0.21414655447006226,-0.2988407611846924,-0.15404599905014038,0.20333221554756165,0.6524946689605713,0.0,0.0,0.0,0.0,0.0,0.0,0.0,-0.750708281993866,-0.1900009959936142,0.7691786885261536,0.16788452863693237,-0.7938352227210999,-0.3909328281879425,0.6008715033531189,0.4189453125,1.0078125,0.9745150208473206,1.0078125,0.3103468418121338,-0.46894529461860657,-0.46826171875
732,1783686197.817615,367298.454093,0.050075,0,,,12,-0.11765564233064651,0.2429104447364807,0.1957911103963852,-0.2111819088459015,-0.17275479435920715,0.25130003690719604,0.6612061262130737,-0.0017309361137449741,-0.00021722368546761572,-0.0017314080614596605,-0.00021729583386331797,-0.0018944261828437448,-0.006811090745031834,-2.1146831841178937e-06,-0.726658284664154,-0.19213011860847473,0.8070695400238037,0.27102363109588623,-0.7819739580154419,-0.4112064242362976,0.5675297975540161,0.48785513639450073,1.2136188745498657,0.4921953082084656,1.1051403284072876,-0.05157788470387459,-0.11808136850595474,-0.39296239614486694,-0.1523793786764145,0.26963821053504944,0.21256031095981598,-0.2940126359462738,-0.15728284418582916,0.1863948553800583,0.6579980254173279,0.0,0.0,0.0,0.0,0.0,0.0,0.0,-0.782554566860199,-0.1900009959936142,0.8376630544662476,0.23312391340732574,-0.7689664959907532,-0.39262017607688904,0.5498979687690735,0.005859375,0.0,0.0,0.0,0.004006209317594767,0.0,0.0
733,1783686197.867505,367298.503996,0.049903,0,,,13,-0.11423733085393906,0.2428106665611267,0.19572487473487854,-0.2129417210817337,-0.17298562824726105,0.2514931261539459,0.6600012183189392,-0.0017275100108236074,-0.00021678900520782918,-0.0017276797443628311,-0.00021681362704839557,-0.0018940725130960345,-0.006793550215661526,-1.9228375549573684e-06,-0.7188240885734558,-0.19358593225479126,0.8063631653785706,0.25484758615493774,-0.7890365123748779,-0.39970797300338745,0.5765571594238281,0.4857918620109558,1.2052029371261597,0.49197128415107727,1.091464877128601,-0.02330555021762848,-0.11917775124311447,-0.39355307817459106,-0.15092216432094574,0.27060937881469727,0.2149396687746048,-0.29079389572143555,-0.14797692000865936,0.18780629336833954,0.6524946689605713,0.0,0.0,0.0,0.0,0.0,0.0,0.0,-0.7922049760818481,-0.1900009959936142,0.833804726600647,0.23822073638439178,-0.7965984344482422,-0.3999321162700653,0.5445323586463928,0.0,0.0,0.0,0.0,0.001955736428499222,0.0,0.0
734,1783686197.917495,367298.553976,0.049980,0,,,14,-0.11264835298061371,0.24291764199733734,0.19574004411697388,-0.21290360391139984,-0.17340044677257538,0.25095754861831665,0.6596204042434692,-0.0017126124585047364,-0.0002145826438209042,-0.001714838552288711,-0.000214931380469352,-0.001895186142064631,-0.006773259025067091,-1.9716255792445736e-06,-0.7323458194732666,-0.19630371034145355,0.8273752331733704,0.26192182302474976,-0.7895215749740601,-0.3917005658149719,0.5711658596992493,0.45822033286094666,1.1101274490356445,0.4627886414527893,0.9938791394233704,-0.006866624113172293,-0.11666671931743622,-0.37439587712287903,-0.1465505063533783,0.26963821053504944,0.20780158042907715,-0.2940126359462738,-0.15202297270298004,0.19027632474899292,0.6497430205345154,0.0,0.0,0.0,0.0,0.0,0.0,0.0,-0.7859322428703308,-0.1900009959936142,0.8463441133499146,0.2392401099205017,-0.7938352227210999,-0.3712468445301056,0.5418495535850525,0.0,0.0,0.0,0.0,-0.002145209116861224,0.0,0.0
735,1783686197.967617,367298.604079,0.050103,0,,,15,-0.11329592764377594,0.24298399686813354,0.19530430436134338,-0.21287024021148682,-0.1733633428812027,0.24975717067718506,0.6583441495895386,-0.0017143362201750278,-0.00021494211978279054,-0.0017167365876957774,-0.0002153214009013027,-0.0018953053513541818,-0.00676092179492116,-2.042103915300686e-06,-0.7411569952964783,-0.1962440013885498,0.8415398597717285,0.2702295482158661,-0.790900707244873,-0.3905271887779236,0.5672446489334106,0.4211759865283966,0.9968569278717041,0.418220192193985,0.8892647624015808,-0.006767413578927517,-0.11125664412975311,-0.3447326719760895,-0.1523793786764145,0.2715805768966675,0.20304284989833832,-0.3004501461982727,-0.1516183614730835,0.19345209002494812,0.6506602168083191,0.0,0.0,0.0,0.0,0.0,0.0,0.0,-0.7801420092582703,-0.1900009959936142,0.844415009021759,0.2310851812362671,-0.8104143738746643,-0.37912124395370483,0.5338010787963867,0.0,0.0,0.0,0.0,0.0023658310528844595,0.0,0.0
736,1783686198.095235,367298.731706,0.127626,1,16,0.077697,0,-0.11312773078680038,0.24315433204174042,0.19348140060901642,-0.21313807368278503,-0.173234224319458,0.24859905242919922,0.6565160751342773,-0.0017115107038989663,-0.00021466442558448762,-0.0017124993028119206,-0.0002148226194549352,-0.0018947580829262733,-0.006739805452525616,-2.0950260477548e-06,-0.744165301322937,-0.1954096108675003,0.8592839241027832,0.2759556472301483,-0.794032633304596,-0.38131183385849,0.5607411861419678,0.3538416922092438,0.7953212857246399,0.3372615873813629,0.7094623446464539,-0.006710333283990622,-0.10572446882724762,-0.29047003388404846,-0.15529382228851318,0.2667246460914612,0.21652591228485107,-0.2811376750469208,-0.14635848999023438,0.20050932466983795,0.6901008486747742,0.0,0.0,0.0,0.0,0.0,0.0,0.0,-0.7970301508903503,-0.1900009959936142,0.8540606498718262,0.2015235871076584,-0.7219921946525574,-0.37855878472328186,0.6035543084144592,0.0,0.0,0.0,0.0,0.005236492957919836,0.0,-0.0027343749534338713
737,1783686198.095495,367298.732025,0.000319,0,,,1,-0.11314627528190613,0.24346576631069183,0.19056133925914764,-0.21432462334632874,-0.17323137819766998,0.24853332340717316,0.6560564637184143,-0.0017043170519173145,-0.00021361629478633404,-0.0017054035561159253,-0.00021379193640314043,-0.0018948439974337816,-0.006726385094225407,-2.1585351532849018e-06,-0.7422665953636169,-0.19524839520454407,0.8646624684333801,0.2763267457485199,-0.799862265586853,-0.3768192231655121,0.5558862090110779,0.3138320744037628,0.6774598360061646,0.28988224267959595,0.6056526899337769,-0.0066550434567034245,-0.10345029830932617,-0.2584328353404999,-0.15529382228851318,0.26963821053504944,0.21335342526435852,-0.2763095498085022,-0.15202297270298004,0.20121504366397858,0.6910180449485779,0.0,0.0,0.0,0.0,0.0,0.0,0.0,-0.8172959685325623,-0.1900009959936142,0.8637063503265381,0.22598835825920105,-0.6943602561950684,-0.37237176299095154,0.5901402235031128,0.0,0.0,0.0,0.0,0.00031535830930806696,0.0,0.0
738,1783686198.117516,367298.754020,0.021995,0,,,2,-0.11329643428325653,0.24372924864292145,0.18741926550865173,-0.21676859259605408,-0.17321240901947021,0.24842171370983124,0.6553465127944946,-0.0016994621837511659,-0.00021299108630046248,-0.0017004264518618584,-0.0002131470973836258,-0.0018947490025311708,-0.006713272538036108,-2.550473027440603e-06,-0.7404489517211914,-0.1952124387025833,0.8662447929382324,0.27703386545181274,-0.8068318367004395,-0.37126216292381287,0.5509870052337646,0.26351508498191833,0.5435820817947388,0.239655539393425,0.4882524609565735,-0.006555028259754181,-0.10276872664690018,-0.22191861271858215,-0.15383660793304443,0.26478227972984314,0.21256031095981598,-0.27791890501976013,-0.15202297270298004,0.19733357429504395,0.688266396522522,0.0,0.0,0.0,0.0,0.0,0.0,0.0,-0.8076456189155579,-0.1900009959936142,0.8887851238250732,0.2351626455783844,-0.7275185585021973,-0.3824959695339203,0.5713605284690857,0.0,0.0,0.0,0.0,0.003596114693209529,0.0,0.0
739,1783686198.167583,367298.804038,0.050019,0,,,3,-0.11420560628175735,0.2438654601573944,0.187021404504776,-0.21634294092655182,-0.17319126427173615,0.2484176903963089,0.6585931181907654,-0.0017030949238687754,-0.00021379662211984396,-0.001703479909338057,-0.00021385817672125995,-0.001894345972687006,-0.006711431313306093,-3.169790261381422e-06,-0.7470738887786865,-0.19585563242435455,0.8720484972000122,0.2796478867530823,-0.7974339127540588,-0.36565539240837097,0.5556734800338745,0.23538100719451904,0.47419220209121704,0.21421019732952118,0.42752814292907715,-0.0064972261898219585,-0.10245209187269211,-0.2029794305562973,-0.14800772070884705,0.26478227972984314,0.21573279798030853,-0.2827470302581787,-0.1601150780916214,0.2019207775592804,0.688266396522522,0.0,0.0,0.0,0.0,0.0,0.0,0.0,-0.8230862021446228,-0.1900009959936142,0.9061473608016968,0.24331757426261902,-0.7413345575332642,-0.39936965703964233,0.5633120536804199,0.0,0.0,0.0,0.0,0.004416303709149361,0.0,0.0
740,1783686198.217602,367298.854091,0.050053,0,,,4,-0.11558455973863602,0.24300909042358398,0.18761375546455383,-0.2102992981672287,-0.1732102483510971,0.24855570495128632,0.6684668064117432,-0.0017009908333420753,-0.00021366149303503335,-0.0017010776791721582,-0.00021366497094277292,-0.001893741311505437,-0.006698605138808489,-3.0472472190012923e-06,-0.7629086971282959,-0.19741305708885193,0.8875959515571594,0.2831800878047943,-0.7778382301330566,-0.3603440821170807,0.5657704472541809,0.19431841373443604,0.3792274296283722,0.18172425031661987,0.3444761335849762,-0.006392635405063629,-0.10190136730670929,-0.17699992656707764,-0.1523793786764145,0.267695814371109,0.20383597910404205,-0.2875751554965973,-0.1584966629743576,0.2022736370563507,0.6974385976791382,0.0,0.0,0.0,0.0,0.0,0.0,0.0,-0.8404569029808044,-0.1900009959936142,0.9196512699127197,0.25147250294685364,-0.7523873448371887,-0.38587072491645813,0.5498979687690735,0.0,0.0,0.0,0.0,0.004006209317594767,0.0,0.0
741,1783686198.267665,367298.904133,0.050042,0,,,5,-0.11411842703819275,0.24177417159080505,0.18835820257663727,-0.20864593982696533,-0.17363327741622925,0.24927516281604767,0.6734849810600281,-0.0016943924129009247,-0.00021265869145281613,-0.0016943482914939523,-0.00021264507086016238,-0.0018938612192869186,-0.006687444169074297,-2.785741571642575e-06,-0.7734926342964172,-0.19746868312358856,0.9017746448516846,0.28547054529190063,-0.7741827368736267,-0.36035868525505066,0.5650639533996582,0.17476114630699158,0.33540499210357666,0.1658889353275299,0.3061707615852356,-0.0063179368153214455,-0.1015845313668251,-0.1649915724992752,-0.1465505063533783,0.26575344800949097,0.19987036287784576,-0.2940126359462738,-0.15364138782024384,0.20368508994579315,0.6873491406440735,0.0,0.0,0.0,0.0,0.0,0.0,0.0,-0.8370792865753174,-0.1900009959936142,0.9138638973236084,0.25554996728897095,-0.7551504969596863,-0.3729342222213745,0.528435468673706,0.0,0.0,0.0,0.0,0.006056682206690311,0.0,0.0
742,1783686198.317522,367298.954017,0.049883,0,,,6,-0.1134239211678505,0.24147659540176392,0.18794956803321838,-0.20851857960224152,-0.17429663240909576,0.2504950761795044,0.68059241771698,-0.0016824996564537287,-0.0002108735789079219,-0.0016828548396006227,-0.00021092859969940037,-0.0018942853203043342,-0.00667212251573801,-2.7243020213063573e-06,-0.790142834186554,-0.19732765853405,0.9223353862762451,0.29105913639068604,-0.7730778455734253,-0.3603481650352478,0.5599375367164612,0.15118594467639923,0.27581775188446045,0.14171430468559265,0.2541244626045227,-0.006189537234604359,-0.10104698687791824,-0.14867746829986572,-0.15092216432094574,0.267695814371109,0.19749100506305695,-0.2940126359462738,-0.16051968932151794,0.21021303534507751,0.6937696933746338,0.0,0.0,0.0,0.0,0.0,0.0,0.0,-0.8472121953964233,-0.1900009959936142,0.9331552386283875,0.26982107758522034,-0.7689664959907532,-0.37687140703201294,0.5056315064430237,0.0,0.0,0.0,0.0,0.00113554741255939,0.0,0.0
743,1783686198.367558,367299.004023,0.050006,0,,,7,-0.11268328875303268,0.24142813682556152,0.18681934475898743,-0.20952244102954865,-0.17442786693572998,0.2509080171585083,0.6818114519119263,-0.0016737179830670357,-0.0002095042436849326,-0.0016737938858568668,-0.00020951632177457213,-0.0018941611051559448,-0.006660055834800005,-2.499882612028159e-06,-0.7937096953392029,-0.19700650870800018,0.9288486242294312,0.2945477366447449,-0.7728739976882935,-0.3594488203525543,0.5534542798995972,0.14201177656650543,0.24840596318244934,0.13058307766914368,0.23019953072071075,-0.006108173169195652,-0.10073524713516235,-0.14117631316184998,-0.15529382228851318,0.26575344800949097,0.19114603102207184,-0.2940126359462738,-0.15890125930309296,0.2114480435848236,0.6983558535575867,0.0,0.0,0.0,0.0,0.0,0.0,0.0,-0.8587926626205444,-0.1900009959936142,0.9447300434112549,0.2942858338356018,-0.7827824354171753,-0.3689970374107361,0.49087604880332947,0.0,0.0,0.0,0.0,0.00031535830930806696,0.0,0.0
744,1783686198.417548,367299.053989,0.049966,0,,,8,-0.11245107650756836,0.241454616189003,0.18386907875537872,-0.21063505113124847,-0.17495101690292358,0.2537115216255188,0.6847671866416931,-0.0016611892497166991,-0.0002076881064567715,-0.0016608908772468567,-0.00020763852808158845,-0.0018940946320071816,-0.006642885506153107,-2.483774096617708e-06,-0.8015891909599304,-0.1966642588376999,0.9429016709327698,0.30288073420524597,-0.7730284333229065,-0.3589627146720886,0.5349443554878235,0.13190624117851257,0.21122144162654877,0.11545594781637192,0.19772779941558838,-0.006002997513860464,-0.10020561516284943,-0.1310022920370102,-0.15383660793304443,0.26575344800949097,0.19114603102207184,-0.29723137617111206,-0.1601150780916214,0.21285949647426605,0.6974385976791382,0.0,0.0,0.0,0.0,0.0,0.0,0.0,-0.8732682466506958,-0.1900009959936142,0.9543757438659668,0.3085569441318512,-0.7938352227210999,-0.3644973635673523,0.45465800166130066,0.0,0.0,0.0,0.0,0.002775925677269697,0.0,0.0
745,1783686198.467481,367299.103965,0.049976,0,,,9,-0.11342230439186096,0.24141904711723328,0.18069380521774292,-0.2107979953289032,-0.17532111704349518,0.2558147609233856,0.6871225833892822,-0.0016530754510313272,-0.00020648045756388456,-0.0016532576410099864,-0.00020650656369980425,-0.0018943108152598143,-0.006630076561123133,-2.2903898297954584e-06,-0.8089441061019897,-0.19544459879398346,0.9531394243240356,0.31070539355278015,-0.7734707593917847,-0.35927504301071167,0.5224447250366211,0.12892144918441772,0.1941356658935547,0.10858311504125595,0.18280363082885742,-0.005955819971859455,-0.09989738464355469,-0.12633007764816284,-0.1523793786764145,0.267695814371109,0.18955978751182556,-0.3004501461982727,-0.16254271566867828,0.21250663697719574,0.6965214014053345,0.0,0.0,0.0,0.0,0.0,0.0,0.0,-0.8887088298797607,-0.1900009959936142,0.9736670851707458,0.33302173018455505,-0.8104143738746643,-0.39487001299858093,0.4372197091579437,0.0,0.0,0.0,0.0029296875,0.002775925677269697,0.0,0.0
746,1783686198.517509,367299.154013,0.050049,0,,,10,-0.11464660614728928,0.2412889450788498,0.17576873302459717,-0.21252933144569397,-0.17596523463726044,0.2582055926322937,0.6887027025222778,-0.0016491564456373453,-0.00020596786634996533,-0.0016498066252097487,-0.00020606986072380096,-0.0018944706534966826,-0.006611441727727652,-2.231024836873985e-06,-0.8229295611381531,-0.19295217096805573,0.9722747206687927,0.3265594244003296,-0.7773558497428894,-0.36157846450805664,0.49867382645606995,0.12665888667106628,0.17261949181556702,0.09911637008190155,0.16401830315589905,-0.005943229887634516,-0.09766964614391327,-0.12046275287866592,-0.15529382228851318,0.2638110816478729,0.18559417128562927,-0.3004501461982727,-0.16456574201583862,0.21321235597133636,0.6946869492530823,0.0,0.0,0.0,0.0,0.0,0.0,0.0,-0.909939706325531,-0.1900009959936142,1.004533290863037,0.3452540934085846,-0.7993615865707397,-0.375746488571167,0.4197813868522644,0.0,0.0,0.0,0.0,0.005236492957919836,0.0,0.0
747,1783686198.567563,367299.204040,0.050027,0,,,11,-0.11473403126001358,0.2412887066602707,0.17370375990867615,-0.21441753208637238,-0.17653124034404755,0.2592812478542328,0.6891137957572937,-0.0016484195366501808,-0.00020595734531525522,-0.0016492885770276189,-0.00020609513740055263,-0.0018945817137137055,-0.006598887499421835,-2.261284635096672e-06,-0.8352004289627075,-0.19229890406131744,0.9853875637054443,0.33884647488594055,-0.7817389965057373,-0.36992207169532776,0.48180481791496277,0.12608617544174194,0.1602882444858551,0.09223169088363647,0.1534099280834198,-0.006069286726415157,-0.08930964022874832,-0.11713623255491257,-0.1523793786764145,0.267695814371109,0.1800423264503479,-0.30366888642311096,-0.16658876836299896,0.21321235597133636,0.7011075019836426,0.0,0.0,0.0,0.0,0.0,0.0,0.0,-0.9157299399375916,-0.1900009959936142,1.027682900428772,0.3636026978492737,-0.7993615865707397,-0.3577479124069214,0.3929532468318939,0.0,0.0,0.0,0.0029296875,0.006056682206690311,0.0,0.0
748,1783686198.617559,367299.254033,0.049992,0,,,12,-0.1153828352689743,0.24112482368946075,0.17058171331882477,-0.2163550704717636,-0.17748324573040009,0.26033392548561096,0.689742386341095,-0.0016429180977866054,-0.00020524748833850026,-0.0016439578030258417,-0.0002054124342976138,-0.0018946428317576647,-0.00657792529091239,-2.1254677449178416e-06,-0.8579450845718384,-0.19190074503421783,1.012770652770996,0.35576894879341125,-0.7839261889457703,-0.3735947608947754,0.4561787545681,0.12550809979438782,0.14583240449428558,0.08131449669599533,0.14106298983097076,-0.0062431287951767445,-0.07392197102308273,-0.11321718990802765,-0.15092216432094574,0.267695814371109,0.17686983942985535,-0.30366888642311096,-0.16982561349868774,0.21885815262794495,0.6983558535575867,0.0,0.0,0.0,0.0,0.0,0.0,0.0,-0.9331006407737732,-0.1900009959936142,1.0546907186508179,0.37991252541542053,-0.7965984344482422,-0.35437315702438354,0.37014928460121155,0.0,0.0,0.0,0.0,0.0064667765982449055,0.0,0.0
749,1783686198.667564,367299.304012,0.049980,0,,,13,-0.11540711671113968,0.24115927517414093,0.16741426289081573,-0.21786068379878998,-0.17811498045921326,0.2609153985977173,0.6909844875335693,-0.0016396784922108054,-0.00020483109983615577,-0.0016407514922320843,-0.00020500239043030888,-0.0018946859054267406,-0.0065655941143631935,-2.093075636366848e-06,-0.8684443831443787,-0.19157354533672333,1.0279258489608765,0.36475512385368347,-0.7843236327171326,-0.37296169996261597,0.43985918164253235,0.12516799569129944,0.13918818533420563,0.0758499950170517,0.1354350596666336,-0.006360480096191168,-0.06370944529771805,-0.11141485720872879,-0.15383660793304443,0.2638110816478729,0.17211110889911652,-0.3068876266479492,-0.17063482105731964,0.2170938402414322,0.7011075019836426,0.0,0.0,0.0,0.0,0.0,0.0,0.0,-0.9475762248039246,-0.1900009959936142,1.0816986560821533,0.3860287368297577,-0.8021247982978821,-0.35662299394607544,0.3419797122478485,0.0,0.0,0.0,0.0,0.002775925677269697,0.0,0.0
750,1783686198.717534,367299.354008,0.049995,0,,,14,-0.11528394371271133,0.2412867397069931,0.16264788806438446,-0.22003485262393951,-0.17966176569461823,0.2629109025001526,0.6919684410095215,-0.0016338328132405877,-0.00020402595691848546,-0.0016345784533768892,-0.00020414523896761239,-0.001894594868645072,-0.006547065917402506,-2.1038563318143133e-06,-0.886601448059082,-0.19101712107658386,1.0545071363449097,0.3794172704219818,-0.7845516800880432,-0.37045523524284363,0.41157326102256775,0.1246342733502388,0.1308308243751526,0.0673154816031456,0.12834282219409943,-0.006578671745955944,-0.046151235699653625,-0.10915814340114594,-0.15383660793304443,0.26575344800949097,0.16536957025527954,-0.3117157518863678,-0.1771085113286972,0.2190345823764801,0.7066108584403992,0.0,0.0,0.0,0.0,0.0,0.0,0.0,-0.9321355819702148,-0.1900009959936142,1.079769492149353,0.3941836357116699,-0.807651162147522,-0.35437315702438354,0.3460039496421814,0.0,0.0,0.0025952463038265705,0.0,0.00851724948734045,0.0,0.0
751,1783686198.767543,367299.404013,0.050006,0,,,15,-0.11530736088752747,0.24119341373443604,0.15878118574619293,-0.22175990045070648,-0.18097969889640808,0.2639654576778412,0.6929101943969727,-0.001630493439733982,-0.00020360885537229478,-0.0016317457193508744,-0.0002038072416326031,-0.0018946456257253885,-0.00653418293222785,-2.1487626327143516e-06,-0.8985942602157593,-0.19093438982963562,1.0728579759597778,0.38850685954093933,-0.78510981798172,-0.36806124448776245,0.3916040062904358,0.12424919754266739,0.12603306770324707,0.06149132177233696,0.12412675470113754,-0.006743550766259432,-0.034383174031972885,-0.1078711450099945,-0.15092216432094574,0.26575344800949097,0.16021429002285004,-0.316543847322464,-0.17427627742290497,0.21779955923557281,0.712114155292511,0.0,0.0,0.0,0.0,0.0,0.0,0.0,-0.9408209323883057,-0.1900009959936142,1.1202813386917114,0.40641602873802185,-0.7938352227210999,-0.33637455105781555,0.32990705966949463,0.0,0.0,0.0,0.0,0.002775925677269697,0.0,0.0
752,1783686198.894295,367299.530768,0.126754,1,16,0.076807,0,-0.11530803143978119,0.24108467996120453,0.15142644941806793,-0.22644983232021332,-0.18431547284126282,0.26538485288619995,0.6963863372802734,-0.0016246003797277808,-0.0002028377930400893,-0.0016262490535154939,-0.0002030993055086583,-0.0018947776407003403,-0.006517127621918917,-2.3302852696360787e-06,-0.9028266668319702,-0.19020278751850128,1.0855871438980103,0.39704689383506775,-0.7867962718009949,-0.3633240759372711,0.3685435950756073,0.12365338951349258,0.1203983873128891,0.05303872004151344,0.11910901963710785,-0.006926074158400297,-0.020515495911240578,-0.10636532306671143,-0.16112269461154938,0.26963821053504944,0.1903529018163681,-0.27791890501976013,-0.15121376514434814,0.23403121531009674,0.7313758730888367,0.0,0.0,0.0,0.0,0.0,0.0,0.0,-0.9890729188919067,-0.1900009959936142,1.1318562030792236,0.4268033504486084,-0.7358081340789795,-0.2964401841163635,0.33258986473083496,0.0,0.0,0.0,0.0,0.001955736428499222,0.0,0.0
753,1783686198.894567,367299.531091,0.000323,0,,,1,-0.11500411480665207,0.24105803668498993,0.14729584753513336,-0.22921909391880035,-0.1853742152452469,0.2658601999282837,0.699022114276886,-0.0016210827743634582,-0.00020236837735865265,-0.001622452400624752,-0.0002025906287599355,-0.0018948758952319622,-0.0065079862251877785,-2.4290188775921706e-06,-0.9067296385765076,-0.18999233841896057,1.096983790397644,0.40092235803604126,-0.786679208278656,-0.3569789230823517,0.354715496301651,0.12330033630132675,0.11781474947929382,0.046847764402627945,0.11678048968315125,-0.007078277878463268,-0.012587524019181728,-0.10568157583475113,-0.16112269461154938,0.26963821053504944,0.184007927775383,-0.2891845107078552,-0.16497035324573517,0.24320562183856964,0.7304586172103882,0.0,0.0,0.0,0.0,0.0,0.0,0.0,-0.975562334060669,-0.1900009959936142,1.1125648021697998,0.4186484217643738,-0.7551504969596863,-0.28519105911254883,0.3084445297718048,0.251953125,0.2548828125,0.11419083923101425,0.2666015625,-0.075142040848732,-0.12167968600988388,-0.12031249701976776
754,1783686198.917630,367299.554037,0.022946,0,,,2,-0.11487330496311188,0.24100163578987122,0.1426372230052948,-0.23327332735061646,-0.18641380965709686,0.26617345213890076,0.701562225818634,-0.0016210443573072553,-0.000202487877686508,-0.001622278825379908,-0.00020269019296392798,-0.0018947856733575463,-0.006497488357126713,-2.7737173695641104e-06,-0.9101016521453857,-0.1891951858997345,1.1093519926071167,0.40533187985420227,-0.7863110899925232,-0.3487991690635681,0.33921611309051514,0.12275168299674988,0.11457095295190811,0.03476068377494812,0.11385919153690338,-0.007314269430935383,-0.0008844187250360847,-0.10483020544052124,-0.16695156693458557,0.267695814371109,0.1736973524093628,-0.2875751554965973,-0.1601150780916214,0.2487742304801941,0.7332103252410889,0.0,0.0,0.0,0.0,0.0,0.0,0.0,-0.9446811079978943,-0.1900009959936142,1.0778404474258423,0.42068713903427124,-0.8021247982978821,-0.30937665700912476,0.3278949558734894,0.9814453125,1.5,1.0614557266235352,1.5,0.04788632690906525,-0.699999988079071,-0.699999988079071
755,1783686198.967523,367299.603992,0.049955,0,,,3,-0.11679675430059433,0.24112723767757416,0.14266107976436615,-0.23319554328918457,-0.1868123561143875,0.2690349817276001,0.70524662733078,-0.0016283538425341249,-0.00020385108655318618,-0.001627638004720211,-0.0002037409576587379,-0.0018941446905955672,-0.006498314440250397,-3.5154507713741623e-06,-0.9163300395011902,-0.18850907683372498,1.1199514865875244,0.4096594750881195,-0.7812002897262573,-0.3413302004337311,0.3311212658882141,0.12276111543178558,0.11391589045524597,0.028930027037858963,0.11330476403236389,-0.008711548522114754,0.003367315512150526,-0.10455455631017685,-0.16403713822364807,0.267695814371109,0.16259364783763885,-0.3004501461982727,-0.16497035324573517,0.24885141849517822,0.7341275215148926,0.0,0.0,0.0,0.0,0.0,0.0,0.0,-0.9215201735496521,-0.1900009959936142,1.0624072551727295,0.4369969964027405,-0.8159407377243042,-0.3307499885559082,0.34063830971717834,1.0078125,1.5,1.0017651319503784,1.5,0.003596114693209529,-0.699999988079071,-0.699999988079071
756,1783686199.017685,367299.654159,0.050167,0,,,4,-0.1240924745798111,0.24161586165428162,0.1460231989622116,-0.2244773805141449,-0.18666253983974457,0.2786586284637451,0.7136896252632141,-0.0016341886948794127,-0.0002049603353952989,-0.0016318806447088718,-0.00020459125516936183,-0.0018931651720777154,-0.00648800004273653,-3.1407173537445487e-06,-0.9146929383277893,-0.185377836227417,1.1153512001037598,0.4156818389892578,-0.7791382670402527,-0.3363897204399109,0.3274475038051605,0.16699756681919098,0.1671351045370102,0.05353611335158348,0.1673963963985443,-0.011382347904145718,-0.009108501486480236,-0.12837573885917664,-0.16840879619121552,0.267695814371109,0.1594211608171463,-0.2956220209598541,-0.16658876836299896,0.2500423192977905,0.737796425819397,0.0,0.0,0.0,0.0,0.0,0.0,0.0,-0.9118697643280029,-0.1900009959936142,1.0546907186508179,0.43291953206062317,-0.8739678263664246,-0.3419991135597229,0.34466254711151123,0.99755859375,1.5,0.9991698265075684,1.5,0.002775925677269697,-0.699999988079071,-0.699999988079071
757,1783686199.067629,367299.704050,0.049891,0,,,5,-0.12467141449451447,0.24174848198890686,0.14587828516960144,-0.22323253750801086,-0.18668822944164276,0.28509142994880676,0.7187446355819702,-0.0016252989880740643,-0.00020357457106001675,-0.0016238605603575706,-0.00020334524742793292,-0.0018933042883872986,-0.0064689177088439465,-2.334367763978662e-06,-0.9032611846923828,-0.18244607746601105,1.0978738069534302,0.41803061962127686,-0.7820938229560852,-0.3394407629966736,0.3265848159790039,0.25782808661460876,0.292083203792572,0.1098804697394371,0.29300811886787415,-0.012386555783450603,-0.03247016668319702,-0.18449704349040985,-0.16840879619121552,0.26575344800949097,0.14673122763633728,-0.30366888642311096,-0.16820719838142395,0.2544972002506256,0.7396308779716492,0.0,0.0,0.0,0.0,0.0,0.0,0.0,-0.9002892971038818,-0.1900009959936142,1.0392576456069946,0.44719064235687256,-0.8684414625167847,-0.3464987874031067,0.3312484622001648,1.001953125,1.5,1.006955623626709,1.5,0.00113554741255939,-0.699999988079071,-0.699999988079071
758,1783686199.117550,367299.754021,0.049971,0,,,6,-0.1260337382555008,0.24179480969905853,0.1432936042547226,-0.22246931493282318,-0.1869756430387497,0.2911444902420044,0.7243931889533997,-0.0016159084625542164,-0.0002021699765464291,-0.0016153211472555995,-0.00020207857596687973,-0.0018937281565740705,-0.006450020242482424,-2.1287098661559867e-06,-0.8899431824684143,-0.17885419726371765,1.0753883123397827,0.4183778166770935,-0.8010007739067078,-0.3468797504901886,0.3221445083618164,0.3935922384262085,0.50808185338974,0.17888300120830536,0.5092875361442566,-0.017714349552989006,-0.04973108693957329,-0.2695005238056183,-0.17132322490215302,0.267695814371109,0.14355874061584473,-0.30366888642311096,-0.1702302247285843,0.2502628564834595,0.7414653301239014,0.0,0.0,0.0,0.0,0.0,0.0,0.0,-0.8867787718772888,-0.1900009959936142,1.0083914995193481,0.4451519250869751,-0.8933101892471313,-0.35887280106544495,0.34466254711151123,1.00341796875,1.5,1.0017651319503784,1.5,0.00113554741255939,-0.699999988079071,-0.699999988079071
759,1783686199.167524,367299.804010,0.049989,0,,,7,-0.12728814780712128,0.24180611968040466,0.13806630671024323,-0.22252263128757477,-0.18721452355384827,0.2942861020565033,0.7277234196662903,-0.0016069369157776237,-0.0002007913135457784,-0.001606841222383082,-0.00020077719818800688,-0.0018936736742034554,-0.006432805676013231,-1.8191734625361278e-06,-0.8821238875389099,-0.17689932882785797,1.061379313468933,0.4199504554271698,-0.812333345413208,-0.3526957333087921,0.3180716633796692,0.47705894708633423,0.6552111506462097,0.21012620627880096,0.6564603447914124,-0.023784445598721504,-0.049960847944021225,-0.3251020312309265,-0.1742376685142517,0.2667246460914612,0.13959312438964844,-0.3068876266479492,-0.17346706986427307,0.24955713748931885,0.7432997822761536,0.0,0.0,0.0,0.0,0.0,0.0,0.0,-0.8674780130386353,-0.1900009959936142,1.0083914995193481,0.4451519250869751,-0.9098893404006958,-0.38587072491645813,0.3339312672615051,1.0048828125,1.5,0.9991698265075684,1.5,0.00113554741255939,-0.699999988079071,-0.699999988079071
760,1783686199.217617,367299.854111,0.050102,0,,,8,-0.12928754091262817,0.24184249341487885,0.129594087600708,-0.22280316054821014,-0.18776646256446838,0.29610389471054077,0.7308270931243896,-0.0016015026485547423,-0.00020002505334559828,-0.0016024495707824826,-0.00020017437054775655,-0.0018937484128400683,-0.006416268181055784,-2.061402028630255e-06,-0.8677183985710144,-0.1751852035522461,1.0362491607666016,0.42120492458343506,-0.8297946453094482,-0.36384105682373047,0.3166232705116272,0.5697266459465027,0.8261387944221497,0.25029224157333374,0.8273953199386597,-0.02853918820619583,-0.05304700508713722,-0.3887854218482971,-0.17278043925762177,0.26478227972984314,0.1388000100851059,-0.30366888642311096,-0.17387166619300842,0.24885141849517822,0.7387136220932007,0.0,0.0,0.0,0.0,0.0,0.0,0.0,-0.8539674878120422,-0.1900009959936142,0.9968166947364807,0.44311317801475525,-0.9098893404006958,-0.38980790972709656,0.34868675470352173,1.00341796875,1.5,0.9965745806694031,1.5,-0.002965398132801056,-0.699999988079071,-0.699999988079071
761,1783686199.267676,367299.904123,0.050012,0,,,9,-0.13085998594760895,0.2418159544467926,0.12484860420227051,-0.22316324710845947,-0.1883571296930313,0.29670315980911255,0.7324846386909485,-0.0016000447794795036,-0.00019987284031230956,-0.001601512311026454,-0.00020010455045849085,-0.001893992768600583,-0.006406145170331001,-2.2690321657137247e-06,-0.8565081357955933,-0.17468500137329102,1.0196313858032227,0.4213835299015045,-0.8421711921691895,-0.37291011214256287,0.3119257390499115,0.6258960962295532,0.927259624004364,0.27334028482437134,0.9285541772842407,-0.030199283733963966,-0.05773824453353882,-0.42619919776916504,-0.17132322490215302,0.26575344800949097,0.1308687925338745,-0.3068876266479492,-0.17508548498153687,0.2481456845998764,0.7396308779716492,0.0,0.0,0.0,0.0,0.0,0.0,0.0,-0.8365967869758606,-0.1900009959936142,0.9794544577598572,0.45738428831100464,-0.9541004300117493,-0.41061878204345703,0.3205171823501587,1.0048828125,1.5,1.0017651319503784,1.5,0.00031535830930806696,-0.699999988079071,-0.699999988079071
762,1783686199.317580,367299.954003,0.049880,0,,,10,-0.1317201554775238,0.24168558418750763,0.12113112956285477,-0.22353890538215637,-0.18916648626327515,0.29700496792793274,0.7330155372619629,-0.0016001244075596333,-0.0002000042877625674,-0.001601443625986576,-0.00020021361706312746,-0.0018939432920888066,-0.006391935981810093,-2.3909508399810875e-06,-0.841759979724884,-0.1741696000099182,0.99925696849823,0.4213985502719879,-0.8539971709251404,-0.38366714119911194,0.3072112500667572,0.6868794560432434,1.038629174232483,0.2987617552280426,1.0400059223175049,-0.03093898668885231,-0.07136289775371552,-0.46728575229644775,-0.1742376685142517,0.2638110816478729,0.13166190683841705,-0.3004501461982727,-0.17063482105731964,0.24655781686306,0.7396308779716492,0.0,0.0,0.0,0.0,0.0,0.0,0.0,-0.8308065533638,-0.1900009959936142,0.9717379212379456,0.45126810669898987,-0.9430476427078247,-0.4241177439689636,0.3164929747581482,1.0107421875,1.5,1.006955623626709,1.5,-0.00624615466222167,-0.699999988079071,-0.699999988079071
763,1783686199.367634,367300.004102,0.050099,0,,,11,-0.13177728652954102,0.24166762828826904,0.11861218512058258,-0.22379954159259796,-0.1896507441997528,0.29714828729629517,0.7332952618598938,-0.001595843699760735,-0.0001994147605728358,-0.0015970716485753655,-0.00019961023645009845,-0.0018938289722427726,-0.0063787177205085754,-2.244918732685619e-06,-0.8315585255622864,-0.17396266758441925,0.9858829975128174,0.4219356179237366,-0.866349995136261,-0.3930993974208832,0.299823135137558,0.7232490181922913,1.1028783321380615,0.31366002559661865,1.1043269634246826,-0.031317319720983505,-0.0847284272313118,-0.4909462630748749,-0.1742376685142517,0.26478227972984314,0.12492037564516068,-0.30366888642311096,-0.1762993037700653,0.24702094495296478,0.7350447773933411,0.0,0.0,0.0,0.0,0.0,0.0,0.0,-0.8230862021446228,-0.1900009959936142,0.9428008794784546,0.4492293894290924,-0.9596267938613892,-0.44211632013320923,0.3124687373638153,1.0048828125,1.5,1.004360318183899,1.5,-0.0037855871487408876,-0.699999988079071,-0.699999988079071
764,1783686199.417619,367300.054119,0.050016,0,,,12,-0.13244768977165222,0.24153845012187958,0.11491145193576813,-0.22397516667842865,-0.1902182698249817,0.29726800322532654,0.7336751818656921,-0.0015919507713988423,-0.00019893462012987584,-0.0015932373935356736,-0.000199138157768175,-0.001893652486614883,-0.006363761145621538,-2.3363697891909396e-06,-0.818473756313324,-0.17394773662090302,0.9677316546440125,0.4238649308681488,-0.8817606568336487,-0.4079403579235077,0.2895135283470154,0.7618733644485474,1.1727627515792847,0.3269321918487549,1.1744484901428223,-0.03170692175626755,-0.08684403449296951,-0.5003070831298828,-0.17569488286972046,0.25992634892463684,0.12055820971727371,-0.30366888642311096,-0.17508548498153687,0.24602851271629333,0.7359619736671448,0.0,0.0,0.0,0.0,0.0,0.0,0.0,-0.7951000928878784,-0.1900009959936142,0.9312260746955872,0.43903571367263794,-0.9651532173156738,-0.4511156380176544,0.31783437728881836,1.00634765625,1.5,1.004360318183899,1.5,0.004416303709149361,-0.699999988079071,-0.699999988079071
765,1783686199.467654,367300.104047,0.049928,0,,,13,-0.13330218195915222,0.24146731197834015,0.11135207861661911,-0.22415874898433685,-0.19070793688297272,0.297286719083786,0.7337477207183838,-0.0015882020816206932,-0.0001984172995435074,-0.0015890776412561536,-0.00019855520804412663,-0.001893271110020578,-0.006350680720061064,-2.2162162167660426e-06,-0.8094086647033691,-0.17372702062129974,0.9528797268867493,0.4247090220451355,-0.892606794834137,-0.4190213680267334,0.2851279377937317,0.7763333320617676,1.208957552909851,0.33470049500465393,1.2147096395492554,-0.03192155435681343,-0.08621674031019211,-0.5002641081809998,-0.17860932648181915,0.2638110816478729,0.12611006200313568,-0.30366888642311096,-0.1779177337884903,0.2481456845998764,0.7396308779716492,0.0,0.0,0.0,0.0,0.0,0.0,0.0,-0.7738692164421082,-0.1900009959936142,0.8945724964141846,0.4308807849884033,-0.9817323684692383,-0.4623647630214691,0.32588282227516174,1.00927734375,1.5,1.006955623626709,1.5,-0.0013250198680907488,-0.699999988079071,-0.699999988079071
766,1783686199.517472,367300.153975,0.049928,0,,,14,-0.13393248617649078,0.2396109700202942,0.10596871376037598,-0.22435146570205688,-0.19144883751869202,0.29737114906311035,0.7338196635246277,-0.0015853527002036572,-0.00019810821686405689,-0.0015868109185248613,-0.00019833304395433515,-0.0018932995153591037,-0.006337454076856375,-2.457767095620511e-06,-0.7906336784362793,-0.17342622578144073,0.927967369556427,0.42172423005104065,-0.907943844795227,-0.43169423937797546,0.28227031230926514,0.7869358658790588,1.2436965703964233,0.34420108795166016,1.2585057020187378,-0.03181184455752373,-0.08310169726610184,-0.4999629855155945,-0.17860932648181915,0.2579839825630188,0.12135133147239685,-0.3052782416343689,-0.17387166619300842,0.24408778548240662,0.7350447773933411,0.0,0.0,0.0,0.0,0.0,0.0,0.0,-0.7748342752456665,-0.1900009959936142,0.8579189777374268,0.4125322103500366,-0.9706795811653137,-0.49498721957206726,0.34801605343818665,1.001953125,1.5,1.004360318183899,1.5,-0.002145209116861224,-0.699999988079071,-0.699999988079071
767,1783686199.567513,367300.203982,0.050007,0,,,15,-0.13503043353557587,0.23931384086608887,0.10445536673069,-0.22445181012153625,-0.19205735623836517,0.29752588272094727,0.733909010887146,-0.001588632701896131,-0.00019871424592565745,-0.0015901012811809778,-0.00019894404977094382,-0.0018934572581201792,-0.006333989556878805,-2.8676786314463243e-06,-0.7772279977798462,-0.17289312183856964,0.9096182584762573,0.41741618514060974,-0.9193151593208313,-0.44019725918769836,0.28274989128112793,0.7901264429092407,1.257874608039856,0.35072633624076843,1.2807462215423584,-0.03158821910619736,-0.07961753010749817,-0.4997330904006958,-0.1800665408372879,0.25992634892463684,0.11897196620702744,-0.30205950140953064,-0.1779177337884903,0.24638138711452484,0.7286242246627808,0.0,0.0,0.0,0.0,0.0,0.0,0.0,-0.7227221727371216,-0.1900009959936142,0.8077614307403564,0.35137030482292175,-0.9817323684692383,-0.49048757553100586,0.3567352294921875,1.0107421875,1.5,1.0017651319503784,1.5,-0.002145209116861224,-0.699999988079071,-0.699999988079071
768,1783686199.695395,367300.331863,0.127880,1,16,0.077768,0,-0.13730111718177795,0.23812678456306458,0.10354151576757431,-0.22509296238422394,-0.1926257163286209,0.29745787382125854,0.7339469790458679,-0.0015869337366893888,-0.00019858829909935594,-0.0015884182648733258,-0.00019881674961652607,-0.001893004053272307,-0.0063188946805894375,-2.675471932889195e-06,-0.7583988308906555,-0.17292721569538116,0.8790046572685242,0.40947067737579346,-0.9324893355369568,-0.45723697543144226,0.2916712164878845,0.7938750982284546,1.27487051486969,0.3623264729976654,1.3109217882156372,-0.030923351645469666,-0.07728810608386993,-0.49927622079849243,-0.16695156693458557,0.2579839825630188,0.1272997409105301,-0.3101063668727875,-0.15040454268455505,0.267200231552124,0.7341275215148926,0.0,0.0,0.0,0.0,0.0,0.0,0.0,-0.7709740996360779,-0.1900009959936142,0.8241590857505798,0.3228280544281006,-0.8988365530967712,-0.47923845052719116,0.3688078820705414,1.001953125,1.5,1.006955623626709,1.5,0.002775925677269697,-0.699999988079071,-0.699999988079071
769,1783686199.695650,367300.332189,0.000326,0,,,1,-0.13810576498508453,0.2376842200756073,0.10215099155902863,-0.22579920291900635,-0.19305293262004852,0.2973475158214569,0.7336082458496094,-0.0015842999564483762,-0.00019823838374577463,-0.001584992278367281,-0.00019834129489026964,-0.001892446307465434,-0.006313508376479149,-2.862221890609362e-06,-0.7333362102508545,-0.17485247552394867,0.8491206765174866,0.3893311321735382,-0.9461327195167542,-0.46352463960647583,0.3030639588832855,0.7956445813179016,1.2825675010681152,0.36594387888908386,1.3190187215805054,-0.029140852391719818,-0.07676421850919724,-0.49859675765037537,-0.17278043925762177,0.2540992200374603,0.11798056215047836,-0.3068876266479492,-0.14716771245002747,0.2661416530609131,0.7350447773933411,0.0,0.0,0.0,0.0,0.0,0.0,0.0,-0.7516733407974243,-0.1900009959936142,0.7836472392082214,0.25962740182876587,-0.8794941902160645,-0.4893626570701599,0.4090501368045807,1.0078125,1.5,0.9991698265075684,1.5,0.003186020301654935,-0.699999988079071,-0.699999988079071
770,1783686199.717613,367300.354105,0.021916,0,,,2,-0.1381756067276001,0.23763902485370636,0.10195828229188919,-0.22575335204601288,-0.19370393455028534,0.29741156101226807,0.7332915663719177,-0.001570135005749762,-0.00019611894094850868,-0.0015707560814917088,-0.00019620906095951796,-0.0018923350144177675,-0.006298065651208162,-2.5665854082035366e-06,-0.7120349407196045,-0.17715959250926971,0.825873613357544,0.36952534317970276,-0.9558335542678833,-0.46950066089630127,0.31363028287887573,0.7970010638237,1.291557788848877,0.36658698320388794,1.319840669631958,-0.02773226611316204,-0.0760272890329361,-0.4981556832790375,-0.16986601054668427,0.2570127844810486,0.1272997409105301,-0.30366888642311096,-0.15040454268455505,0.2640244662761688,0.7359619736671448,0.0,0.0,0.0,0.0,0.0,0.0,0.0,-0.7198270559310913,-0.1900009959936142,0.743135392665863,0.1913299262523651,-0.8573886752128601,-0.45674020051956177,0.4278298616409302,1.013671875,1.5,1.006955623626709,1.5,-0.002965398132801056,-0.699999988079071,-0.699999988079071
771,1783686199.767537,367300.404006,0.049901,0,,,3,-0.13820494711399078,0.23704645037651062,0.10180526971817017,-0.2267037332057953,-0.19277021288871765,0.2986212968826294,0.7331643104553223,-0.0015679013449698687,-0.00019588043505791575,-0.0015668562846258283,-0.00019571177836041898,-0.001891572610475123,-0.006287053227424622,-2.409220769550302e-06,-0.708349347114563,-0.18097354471683502,0.8216688632965088,0.3548939526081085,-0.9524174332618713,-0.46976059675216675,0.3301744759082794,0.7987824082374573,1.2969896793365479,0.36686936020851135,1.3199412822723389,-0.027461577206850052,-0.07567653805017471,-0.49751541018486023,-0.16986601054668427,0.25992634892463684,0.12135133147239685,-0.3068876266479492,-0.15283218026161194,0.2643773555755615,0.7322930693626404,0.0,0.0,0.0,0.0,0.0,0.0,0.0,-0.7198270559310913,-0.1900009959936142,0.7161275148391724,0.14138102531433105,-0.8269935250282288,-0.4533654451370239,0.4559994339942932,1.00634765625,1.5,1.0017651319503784,1.5,0.00113554741255939,-0.699999988079071,-0.699999988079071
772,1783686199.817511,367300.453989,0.049983,0,,,4,-0.13623301684856415,0.23584586381912231,0.10165461152791977,-0.2291332334280014,-0.18775016069412231,0.3020552694797516,0.7331852316856384,-0.0015663444064557552,-0.0001958139328053221,-0.0015637397300451994,-0.00019539217464625835,-0.0018897404661402106,-0.006271498277783394,-2.4593339276179904e-06,-0.6901005506515503,-0.1928589940071106,0.8064664006233215,0.3031059503555298,-0.9326590895652771,-0.46314099431037903,0.3835449516773224,0.8045127391815186,1.305192470550537,0.3721850514411926,1.319234013557434,-0.027158908545970917,-0.0754050463438034,-0.4930311441421509,-0.17132322490215302,0.2579839825630188,0.12135133147239685,-0.3068876266479492,-0.15121376514434814,0.2664945125579834,0.7277069687843323,0.0,0.0,0.0,0.0,0.0,0.0,0.0,-0.7224808931350708,-0.1900009959936142,0.670792818069458,0.07767069339752197,-0.8048880100250244,-0.42974230647087097,0.47343772649765015,1.01513671875,1.5,1.006955623626709,1.5,-0.0013250198680907488,-0.699999988079071,-0.699999988079071
773,1783686199.867597,367300.504020,0.050031,0,,,5,-0.1342412531375885,0.23645319044589996,0.10235444456338882,-0.22934234142303467,-0.18644604086875916,0.3041919469833374,0.7332471013069153,-0.0015542956534773111,-0.0001939859357662499,-0.001551054883748293,-0.00019345733744557947,-0.0018891202053055167,-0.006256983149796724,-2.0459845018194756e-06,-0.6745733618736267,-0.1983807533979416,0.794704020023346,0.267037034034729,-0.9174147844314575,-0.4598487317562103,0.41708487272262573,0.8092316389083862,1.3099530935287476,0.37778618931770325,1.3180272579193115,-0.02703000232577324,-0.07520696520805359,-0.48954668641090393,-0.1742376685142517,0.2589551508426666,0.12135133147239685,-0.30366888642311096,-0.14716771245002747,0.26869991421699524,0.7286242246627808,0.0,0.0,0.0,0.0,0.0,0.0,0.0,-0.7333375811576843,-0.1900009959936142,0.6592180132865906,0.031289566308259964,-0.7717296481132507,-0.39936965703964233,0.49087604880332947,1.00341796875,1.5,0.9965745806694031,1.5,0.00031535830930806696,-0.699999988079071,-0.699999988079071
774,1783686199.917539,367300.554029,0.050009,0,,,6,-0.13342562317848206,0.23655402660369873,0.10240578651428223,-0.22922256588935852,-0.1854453980922699,0.3085169494152069,0.7327674627304077,-0.001545148086734116,-0.00019271898781880736,-0.0015422232681885362,-0.0001922396622831002,-0.0018892405787482858,-0.0062280744314193726,-1.4364778735398431e-06,-0.6601243019104004,-0.2028687745332718,0.7744289040565491,0.21401822566986084,-0.893968939781189,-0.4516875445842743,0.46396052837371826,0.8151699304580688,1.315980076789856,0.38412612676620483,1.3109619617462158,-0.026859058067202568,-0.07493951916694641,-0.4885126054286957,-0.17132322490215302,0.2579839825630188,0.12135133147239685,-0.3068876266479492,-0.14393086731433868,0.2664945125579834,0.7286242246627808,0.0,0.0,0.0,0.0,0.0,0.0,0.0,-0.7333375811576843,-0.1900009959936142,0.6360683441162109,-0.01101409550756216,-0.7413345575332642,-0.3554980754852295,0.48819321393966675,1.001953125,1.5,1.006955623626709,1.5,0.003186020301654935,-0.699999988079071,-0.699999988079071
775,1783686199.967637,367300.604035,0.050006,0,,,7,-0.13350950181484222,0.2365064024925232,0.10231183469295502,-0.22805914282798767,-0.1845531463623047,0.3117978274822235,0.7322758436203003,-0.0015457505360245705,-0.00019293151854071766,-0.0015432004583999515,-0.00019251428602728993,-0.0018897210247814655,-0.006211093161255121,-1.2366820101306075e-06,-0.6596907377243042,-0.20471104979515076,0.7582142353057861,0.17419469356536865,-0.8737407922744751,-0.43687117099761963,0.49138781428337097,0.8185514211654663,1.3199158906936646,0.3878168761730194,1.3059232234954834,-0.02671617455780506,-0.07481585443019867,-0.4877559244632721,-0.16840879619121552,0.25604158639907837,0.1233341321349144,-0.30205950140953064,-0.13907559216022491,0.264906644821167,0.7176175117492676,0.0,0.0,0.0,0.0,0.0,0.0,0.0,-0.7432292699813843,-0.1900009959936142,0.6129187345504761,-0.044143471866846085,-0.7164658308029175,-0.35437315702438354,0.4935588538646698,1.00927734375,1.5,1.004360318183899,1.5,0.00113554741255939,-0.699999988079071,-0.699999988079071
776,1783686200.017486,367300.653983,0.049948,0,,,8,-0.13345202803611755,0.2363050878047943,0.10210384428501129,-0.22649922966957092,-0.18249841034412384,0.31505444645881653,0.7308216691017151,-0.0015513182152062654,-0.00019400120072532445,-0.0015509016811847687,-0.00019393103139009327,-0.0018911303486675024,-0.006178006529808044,-7.840768603273318e-07,-0.6650016903877258,-0.20506004989147186,0.7277697324752808,0.11439124494791031,-0.8386829495429993,-0.4042656719684601,0.5155863165855408,0.8250166773796082,1.3282701969146729,0.39319315552711487,1.2981486320495605,-0.026406889781355858,-0.07453419268131256,-0.4856674373149872,-0.1742376685142517,0.25992634892463684,0.12412725389003754,-0.2940126359462738,-0.13502953946590424,0.2643773555755615,0.721286416053772,0.0,0.0,0.0,0.0,0.0,0.0,0.0,-0.767113983631134,-0.1900009959936142,0.5916982293128967,-0.07880189269781113,-0.6833074688911438,-0.29194051027297974,0.48416900634765625,1.001953125,1.5,0.9926817417144775,1.5,-0.002555303508415818,-0.699999988079071,-0.699999988079071
777,1783686200.067740,367300.704043,0.050059,0,,,9,-0.1333359330892563,0.23609331250190735,0.10209660232067108,-0.22608382999897003,-0.18008974194526672,0.3153705298900604,0.7282109260559082,-0.001553552458062768,-0.00019444679492153227,-0.0015532965771853924,-0.00019440964388195425,-0.0018913985695689917,-0.006157509982585907,-5.631156341223686e-07,-0.6728127002716064,-0.2050033062696457,0.7071266174316406,0.08285581320524216,-0.8174532651901245,-0.3877544701099396,0.5233471393585205,0.8294570446014404,1.333777666091919,0.3954017758369446,1.2947731018066406,-0.02623118832707405,-0.07445801049470901,-0.4841340482234955,-0.16986601054668427,0.2579839825630188,0.1284894198179245,-0.2956220209598541,-0.13907559216022491,0.25590866804122925,0.7157830595970154,0.0,0.0,0.0,0.0,0.0,0.0,0.0,-0.769044041633606,-0.1900009959936142,0.5820525884628296,-0.09867952018976212,-0.6363332271575928,-0.25538086891174316,0.4868518114089966,1.0107421875,1.5,1.006955623626709,1.5,0.001545641920529306,-0.699999988079071,-0.699999988079071
778,1783686200.117566,367300.754041,0.049998,0,,,10,-0.13400527834892273,0.2361333817243576,0.10216840356588364,-0.22272995114326477,-0.1760552078485489,0.31548944115638733,0.725509524345398,-0.0015606778906658292,-0.00019578557112254202,-0.0015603635692968965,-0.00019574137695599347,-0.0018913481617346406,-0.006127773318439722,-4.885231419393676e-07,-0.6921625733375549,-0.2047353833913803,0.6785820722579956,0.038262683898210526,-0.7814726233482361,-0.35076114535331726,0.5286147594451904,0.8339824080467224,1.339280366897583,0.3968966603279114,1.2887012958526611,-0.026019027456641197,-0.07442616671323776,-0.4837293326854706,-0.16840879619121552,0.2579839825630188,0.13404127955436707,-0.29723137617111206,-0.13664795458316803,0.2620837390422821,0.712114155292511,0.0,0.0,0.0,0.0,0.0,0.0,0.0,-0.8230862021446228,-0.1900009959936142,0.5521509647369385,-0.10428602993488312,-0.6197540163993835,-0.22838297486305237,0.47343772649765015,1.0107421875,1.5,0.9965745806694031,1.5,-0.007886532694101334,-0.699999988079071,-0.699999988079071
779,1783686200.167649,367300.804120,0.050080,0,,,11,-0.13398563861846924,0.23615039885044098,0.10263694822788239,-0.22067953646183014,-0.17491105198860168,0.31535521149635315,0.7232736945152283,-0.001564085716381669,-0.00019643637642730027,-0.001564903650432825,-0.0001965680276043713,-0.001891633844934404,-0.0061039733700454235,-3.215803019429586e-07,-0.7054428458213806,-0.2038416862487793,0.6587539911270142,0.010378492064774036,-0.7502221465110779,-0.319260835647583,0.5291063785552979,0.8359881639480591,1.3416892290115356,0.39853593707084656,1.2867443561553955,-0.02589079551398754,-0.07447231560945511,-0.48353633284568787,-0.17278043925762177,0.2618687152862549,0.1348343938589096,-0.29079389572143555,-0.13422033190727234,0.2640244662761688,0.712114155292511,0.0,0.0,0.0,0.0,0.0,0.0,0.0,-0.8404569029808044,-0.1900009959936142,0.5463635921478271,-0.1073441281914711,-0.5948852896690369,-0.2098219245672226,0.4372197091579437,1.00927734375,1.4970703125,0.9991698265075684,1.5,0.00031535830930806696,-0.699999988079071,-0.699999988079071
780,1783686200.217592,367300.854089,0.049969,0,,,12,-0.1338173747062683,0.23617662489414215,0.10610198229551315,-0.22010649740695953,-0.17304672300815582,0.31525903940200806,0.7192586064338684,-0.001573223271407187,-0.00019808829529210925,-0.0015738538932055235,-0.0001981964596780017,-0.0018914598040282726,-0.006069761700928211,-2.768199465208454e-07,-0.7411657571792603,-0.20286628603935242,0.6366853713989258,-0.01077214814722538,-0.7085034251213074,-0.27872368693351746,0.5274807810783386,0.8393040895462036,1.3447521924972534,0.4009503722190857,1.2845816612243652,-0.0257796011865139,-0.07434605807065964,-0.48313161730766296,-0.16695156693458557,0.25992634892463684,0.13800688087940216,-0.2956220209598541,-0.13260190188884735,0.2693174183368683,0.7093625068664551,0.0,0.0,0.0,0.0,0.0,0.0,0.0,-0.8713381886482239,-0.1900009959936142,0.5333418846130371,-0.08440840244293213,-0.5810693502426147,-0.21938367187976837,0.4318540692329407,1.00634765625,1.5,0.9991698265075684,1.5,-0.0009149253601208329,-0.699999988079071,-0.699999988079071
781,1783686200.267690,367300.904148,0.050058,0,,,13,-0.13386821746826172,0.23661589622497559,0.10756576806306839,-0.21932946145534515,-0.1716233491897583,0.31530725955963135,0.7176210880279541,-0.0015785943251103163,-0.00019906081433873624,-0.0015789596363902092,-0.0001991281460504979,-0.0018912417581304908,-0.0060524409636855125,-4.449510697668302e-07,-0.7618946433067322,-0.20233003795146942,0.623614490032196,-0.01708967424929142,-0.6872289776802063,-0.2577468454837799,0.5186470746994019,0.8412251472473145,1.3461670875549316,0.4018256962299347,1.2834324836730957,-0.02566676214337349,-0.07422766089439392,-0.48286867141723633,-0.16257990896701813,0.25992634892463684,0.14117936789989471,-0.29240328073501587,-0.12774664163589478,0.25996655225753784,0.7102797627449036,0.0,0.0,0.0,0.0,0.0,0.0,0.0,-0.9176599979400635,-0.1900009959936142,0.5357533097267151,-0.04618220031261444,-0.5437662601470947,-0.18563629686832428,0.3862462043762207,1.0078125,1.5,0.9991698265075684,1.5,-0.002965398132801056,-0.699999988079071,-0.699999988079071
782,1783686200.317788,367300.954111,0.049963,0,,,14,-0.1328449696302414,0.23691816627979279,0.11155310273170471,-0.2189110964536667,-0.16904865205287933,0.31559810042381287,0.7153070569038391,-0.0015844828449189663,-0.00020017928909510374,-0.0015844968147575855,-0.00020019298244733363,-0.0018907783087342978,-0.0060236952267587185,-4.86024532619922e-07,-0.7960637211799622,-0.201394721865654,0.6080227494239807,-0.01429644227027893,-0.6564092636108398,-0.23710641264915466,0.5026215314865112,0.8442433476448059,1.348643183708191,0.40252619981765747,1.282562017440796,-0.025479231029748917,-0.07404064387083054,-0.48246389627456665,-0.16403713822364807,0.2618687152862549,0.13800688087940216,-0.2956220209598541,-0.12693743407726288,0.2593931555747986,0.7056936025619507,0.0,0.0,0.0,0.0,0.0,0.0,0.0,-0.9485412836074829,-0.1900009959936142,0.5222494006156921,0.0007086064433678985,-0.5506742000579834,-0.18338647484779358,0.35136958956718445,1.0078125,1.5,0.9991698265075684,1.5,-0.002145209116861224,-0.699999988079071,-0.699999988079071
783,1783686200.367561,367301.004027,0.049917,0,,,15,-0.13076959550380707,0.23706687986850739,0.11432826519012451,-0.21874412894248962,-0.16658233106136322,0.31553202867507935,0.7143210172653198,-0.0015875636599957943,-0.0002007943985518068,-0.0015872357180342078,-0.00020075410429853946,-0.0018902986776083708,-0.006001502741128206,-4.029423052998027e-07,-0.8256648778915405,-0.2005542814731598,0.6050587296485901,0.0013788904761895537,-0.6324251890182495,-0.22223059833049774,0.4846991002559662,0.8462392687797546,1.3507214784622192,0.4030802845954895,1.2820051908493042,-0.025351816788315773,-0.07279692590236664,-0.481239378452301,-0.16257990896701813,0.2618687152862549,0.13959312438964844,-0.29079389572143555,-0.12936505675315857,0.25873154401779175,0.7029419541358948,0.0,0.0,0.0,0.0,0.0,0.0,0.0,-0.975562334060669,-0.1900009959936142,0.5280367732048035,0.06390926241874695,-0.5396214127540588,-0.18001173436641693,0.31381016969680786,1.001953125,1.5,1.006955623626709,1.5,-0.002965398132801056,-0.699999988079071,-0.699999988079071
784,1783686200.495421,367301.131908,0.127881,1,16,0.077869,0,-0.1289343684911728,0.23757152259349823,0.11527813225984573,-0.21849681437015533,-0.16392697393894196,0.3152984380722046,0.7117584943771362,-0.001588852028362453,-0.0002011178294196725,-0.0015891736838966608,-0.00020117603708058596,-0.001890130341053009,-0.005970408674329519,-4.7650701162638143e-07,-0.8696737289428711,-0.19686022400856018,0.6012341380119324,0.046224307268857956,-0.6073838472366333,-0.2059202790260315,0.4487890899181366,0.8504027724266052,1.3537245988845825,0.40582793951034546,1.2814171314239502,-0.025179067626595497,-0.07261046022176743,-0.480835497379303,-0.1436360627412796,0.2579839825630188,0.15783491730690002,-0.3101063668727875,-0.12208215892314911,0.25238004326820374,0.7075280547142029,0.0,0.0,0.0,0.0,0.0,0.0,0.0,-0.9948631525039673,-0.1900009959936142,0.5227316617965698,-0.0013301243307068944,-0.5437662601470947,-0.18844857811927795,0.39966028928756714,1.013671875,1.5,1.004360318183899,1.5,0.004006209317594767,-0.699999988079071,-0.699999988079071
785,1783686200.495654,367301.132195,0.000287,0,,,1,-0.1281048208475113,0.23776733875274658,0.11551009863615036,-0.2182893007993698,-0.1632329374551773,0.3151187300682068,0.7099398374557495,-0.0015915135154500604,-0.00020162468717899173,-0.001592068700119853,-0.00020171674259472638,-0.001889938022941351,-0.00595513079315424,-6.825142122579564e-07,-0.8909003138542175,-0.19525665044784546,0.5997246503829956,0.07998567819595337,-0.596409261226654,-0.19828501343727112,0.4256415367126465,0.8523663282394409,1.3553634881973267,0.4063737988471985,1.281068205833435,-0.02506433241069317,-0.07251813262701035,-0.4806234538555145,-0.14217884838581085,0.26089751720428467,0.15783491730690002,-0.3117157518863678,-0.1261282116174698,0.253791481256485,0.7066108584403992,0.0,0.0,0.0,0.0,0.0,0.0,0.0,-1.0411850214004517,-0.1900009959936142,0.5328596234321594,0.035367030650377274,-0.534095048904419,-0.16988752782344818,0.3674664795398712,1.001953125,1.5,1.0017651319503784,1.5,0.002775925677269697,-0.699999988079071,-0.699999988079071
786,1783686200.517623,367301.154106,0.021911,0,,,2,-0.12686392664909363,0.23794448375701904,0.11591484397649765,-0.21802276372909546,-0.16227218508720398,0.3147774934768677,0.7082148194313049,-0.0015944476472213864,-0.00020224472973495722,-0.0015944368205964565,-0.0002022465196205303,-0.0018892657244578004,-0.0059350477531552315,-1.106214199353417e-06,-0.9054594039916992,-0.19506588578224182,0.5961905121803284,0.1161581501364708,-0.5871699452400208,-0.18472720682621002,0.40024760365486145,0.8550368547439575,1.3579643964767456,0.4069543182849884,1.2805135250091553,-0.02484651282429695,-0.0724499300122261,-0.4803141951560974,-0.1407216340303421,0.2638110816478729,0.1618005335330963,-0.31332510709762573,-0.124509796500206,0.2573201060295105,0.7056936025619507,0.0,0.0,0.0,0.0,0.0,0.0,0.0,-1.0797865390777588,-0.1900009959936142,0.5352710485458374,0.07563196122646332,-0.5382398366928101,-0.18563629686832428,0.3312484622001648,1.00634765625,1.5,1.0017651319503784,1.5,0.006056682206690311,-0.699999988079071,-0.699999988079071
787,1783686200.567528,367301.204014,0.049909,0,,,3,-0.1222287192940712,0.23811911046504974,0.12032925337553024,-0.2216818630695343,-0.16141720116138458,0.31335657835006714,0.7075539231300354,-0.0015993333654478192,-0.00020313756249379367,-0.00159803731366992,-0.00020294295973144472,-0.0018881319556385279,-0.005917742848396301,-1.0982889762090053e-06,-0.918131411075592,-0.19625718891620636,0.5997542142868042,0.1279924064874649,-0.5835073590278625,-0.17469261586666107,0.39857396483421326,0.8570072054862976,1.3595428466796875,0.408655047416687,1.2801557779312134,-0.024670161306858063,-0.07238781452178955,-0.48007774353027344,-0.13926440477371216,0.26478227972984314,0.1697317510843277,-0.31332510709762573,-0.124509796500206,0.25308576226234436,0.7020247578620911,0.0,0.0,0.0,0.0,0.0,0.0,0.0,-1.129968523979187,-0.1900009959936142,0.564690351486206,0.14443913102149963,-0.5202791094779968,-0.17663700878620148,0.2614952325820923,1.0048828125,1.5,0.9991698265075684,1.5,0.0068768709897994995,-0.699999988079071,-0.699999988079071
788,1783686200.617675,367301.254177,0.050163,0,,,4,-0.11155590415000916,0.2387494146823883,0.13085806369781494,-0.22821952402591705,-0.15985585749149323,0.3121523857116699,0.7071195244789124,-0.0016084752278402448,-0.00020475948986131698,-0.0016051200218498707,-0.00020423757086973637,-0.001887177349999547,-0.005897393450140953,-1.2921238976559835e-06,-0.9650978446006775,-0.1980515420436859,0.6142107844352722,0.14739130437374115,-0.5785311460494995,-0.170431986451149,0.4012886881828308,0.8607031106948853,1.360778570175171,0.4136066436767578,1.279583215713501,-0.024384157732129097,-0.07124554365873337,-0.47957804799079895,-0.1348927617073059,0.2638110816478729,0.17052486538887024,-0.31332510709762573,-0.11884531378746033,0.253791481256485,0.6965214014053345,0.0,0.0,0.0,0.0,0.0,0.0,0.0,-1.1724302768707275,-0.1900009959936142,0.5838611125946045,0.19234929978847504,-0.48573917150497437,-0.17944929003715515,0.21722877025604248,1.0048828125,1.5,1.004360318183899,1.5,0.004416303709149361,-0.699999988079071,-0.699999988079071
789,1783686200.667696,367301.304161,0.049984,0,,,5,-0.1067926287651062,0.238961324095726,0.13710644841194153,-0.2286578267812729,-0.15913067758083344,0.3120340406894684,0.7059775590896606,-0.0016129508148878813,-0.00020555488299578428,-0.00161128886975348,-0.00020529402536340058,-0.0018878416158258915,-0.005880296695977449,-1.182862433779519e-06,-1.012588620185852,-0.19718386232852936,0.6309488415718079,0.18364423513412476,-0.5695292353630066,-0.17071954905986786,0.3792183995246887,0.8647401928901672,1.36232590675354,0.41518133878707886,1.2791401147842407,-0.024160759523510933,-0.07025321573019028,-0.47919487953186035,-0.13634997606277466,0.2638110816478729,0.16893862187862396,-0.31493449211120605,-0.12046373635530472,0.2509685754776001,0.6983558535575867,0.0,0.0,0.0,0.0,0.0,0.0,0.0,-1.230332612991333,-0.1900009959936142,0.6109896302223206,0.2820534408092499,-0.4567256569862366,-0.18563629686832428,0.14596645534038544,1.0107421875,1.5,0.9965745806694031,1.5,0.002775925677269697,-0.699999988079071,-0.699999988079071
790,1783686200.717643,367301.354132,0.049970,0,,,6,-0.10195612907409668,0.23909001052379608,0.14257177710533142,-0.22925950586795807,-0.15689489245414734,0.3117654621601105,0.7035613656044006,-0.001616117195226252,-0.00020616149413399398,-0.001615384710021317,-0.0002060506521956995,-0.0018882753793150187,-0.005856881849467754,-1.105765363718092e-06,-1.07109534740448,-0.1948903501033783,0.6519674062728882,0.2379274219274521,-0.5484583377838135,-0.17098253965377808,0.3367682099342346,0.8693596720695496,1.3647737503051758,0.4159195125102997,1.278599500656128,-0.023847181349992752,-0.06989490985870361,-0.4787273406982422,-0.13634997606277466,0.2638110816478729,0.17845608294010162,-0.31332510709762573,-0.12127295136451721,0.24920427799224854,0.6937696933746338,0.0,0.0,0.0,0.0,0.0,0.0,0.0,-1.2805145978927612,-0.1900009959936142,0.6413735151290894,0.3819512724876404,-0.45396244525909424,-0.19013595581054688,0.1018676608800888,1.0048828125,1.5,1.0017651319503784,1.5,0.0007254528463818133,-0.699999988079071,-0.699999988079071
791,1783686200.767692,367301.404025,0.049893,0,,,7,-0.10061955451965332,0.23919108510017395,0.1449483036994934,-0.22957898676395416,-0.15584054589271545,0.3113362491130829,0.7027589678764343,-0.0016125863185152411,-0.00020565961312968284,-0.001613009488210082,-0.00020572975336108357,-0.001888688886538148,-0.005838101264089346,-9.26167786019505e-07,-1.1167975664138794,-0.1917097568511963,0.6725060939788818,0.29127952456474304,-0.5283463001251221,-0.1742885410785675,0.2957320511341095,0.8750528693199158,1.3680496215820312,0.41643568873405457,1.2782479524612427,-0.023618701845407486,-0.06973820179700851,-0.4784114956855774,-0.13052110373973846,0.26478227972984314,0.17845608294010162,-0.3278094530105591,-0.124509796500206,0.24673424661159515,0.688266396522522,0.0,0.0,0.0,0.0,0.0,0.0,0.0,-1.3268364667892456,-0.1900009959936142,0.7040703892707825,0.43903571367263794,-0.40146178007125854,-0.19238577783107758,0.024065988138318062,1.0107421875,1.5,1.006955623626709,1.5,0.001545641920529306,-0.699999988079071,-0.699999988079071
792,1783686200.817665,367301.454148,0.050123,0,,,8,-0.1000705137848854,0.23920263350009918,0.14783108234405518,-0.2306305468082428,-0.1549556702375412,0.30997657775878906,0.6993750333786011,-0.0016219113022089005,-0.00020720383326988667,-0.0016233150381594896,-0.00020742752531077713,-0.001888794475235045,-0.005815689917653799,-1.0293143759554368e-06,-1.179213047027588,-0.18676738440990448,0.705935001373291,0.38175898790359497,-0.5049903988838196,-0.17889846861362457,0.23574018478393555,0.8845345973968506,1.3737860918045044,0.4175857603549957,1.277443766593933,-0.023296339437365532,-0.06923290342092514,-0.4769262671470642,-0.13197831809520721,0.2638110816478729,0.1736973524093628,-0.3245907127857208,-0.1228913739323616,0.24638138711452484,0.6855146884918213,0.0,0.0,0.0,0.0,0.0,0.0,0.0,-1.3963192701339722,-0.1900009959936142,0.785576343536377,0.5797081589698792,-0.33514514565467834,-0.20700964331626892,-0.051052868366241455,1.001953125,1.5,1.006955623626709,1.5,0.003596114693209529,-0.699999988079071,-0.699999988079071
793,1783686200.867681,367301.504136,0.049988,0,,,9,-0.09787386655807495,0.2393377423286438,0.15113601088523865,-0.2356574982404709,-0.15447333455085754,0.30890902876853943,0.6969176530838013,-0.0016236626543104649,-0.000207549033802934,-0.0016253304202109575,-0.00020781942293979228,-0.001888898084871471,-0.005798056721687317,-9.650680112827104e-07,-1.221458911895752,-0.1866142898797989,0.7439365983009338,0.4477287530899048,-0.4808521866798401,-0.18007948994636536,0.18503932654857635,0.8908514976501465,1.3777072429656982,0.41871556639671326,1.277101993560791,-0.023063428699970245,-0.06924473494291306,-0.476690411567688,-0.12469222396612167,0.2628399133682251,0.1736973524093628,-0.3310282230377197,-0.11884531378746033,0.24285276234149933,0.6809285879135132,0.0,0.0,0.0,0.0,0.0,0.0,0.0,-1.4812426567077637,-0.1900009959936142,0.9042181968688965,0.6857221722602844,-0.22047261893749237,-0.23513244092464447,-0.13958580791950226,1.00927734375,1.5,1.006955623626709,1.5,0.002775925677269697,-0.699999988079071,-0.699999988079071
794,1783686200.917647,367301.554123,0.049987,0,,,10,-0.0964718610048294,0.23958517611026764,0.15282279253005981,-0.2405930608510971,-0.15370333194732666,0.30661454796791077,0.6933903694152832,-0.0016217906959354877,-0.00020732216944452375,-0.0016227967571467161,-0.00020749041868839413,-0.001888485625386238,-0.005773193668574095,-8.574954222240194e-07,-1.289731740951538,-0.18392466008663177,0.8262768983840942,0.5637750029563904,-0.42871904373168945,-0.18911831080913544,0.10781370103359222,0.8979150652885437,1.382307767868042,0.42002949118614197,1.2767012119293213,-0.022730188444256783,-0.06916752457618713,-0.47627168893814087,-0.12469222396612167,0.2618687152862549,0.17528359591960907,-0.33263757824897766,-0.12127295136451721,0.24320562183856964,0.6763424873352051,0.0,0.0,0.0,0.0,0.0,0.0,0.0,-1.5468653440475464,-0.1900009959936142,1.031541109085083,0.7754263281822205,-0.09751052409410477,-0.28687840700149536,-0.20665621757507324,1.00341796875,1.5,1.0017651319503784,1.5,-0.0033754927571862936,-0.699999988079071,-0.699999988079071
795,1783686200.967625,367301.604105,0.049982,0,,,11,-0.09452971816062927,0.23960261046886444,0.15342168509960175,-0.2450227588415146,-0.15292373299598694,0.30449676513671875,0.690116822719574,-0.0016246495069935918,-0.00020782905630767345,-0.0016249646432697773,-0.00020788962137885392,-0.0018879363778978586,-0.005756659898906946,-9.289057061323547e-07,-1.3477022647857666,-0.18274381756782532,0.9134402275085449,0.6562374234199524,-0.37216055393218994,-0.19968675076961517,0.048112448304891586,0.9020160436630249,1.3849880695343018,0.42084065079689026,1.2763864994049072,-0.022478828206658363,-0.06911272555589676,-0.47594887018203735,-0.12032056599855423,0.2618687152862549,0.17845608294010162,-0.33746570348739624,-0.12046373635530472,0.2357955276966095,0.6635013818740845,0.0,0.0,0.0,0.0,0.0,0.0,0.0,-1.6819708347320557,-0.1900009959936142,1.3286280632019043,0.8936727046966553,0.1732824146747589,-0.3242817521095276,-0.34616267681121826,1.013671875,1.5,1.0121461153030396,1.5,0.005236492957919836,-0.699999988079071,-0.699999988079071
796,1783686201.017681,367301.654095,0.049990,0,,,12,-0.09183656424283981,0.23951666057109833,0.15461331605911255,-0.24998824298381805,-0.15203699469566345,0.3018498122692108,0.685214102268219,-0.00162767362780869,-0.00020839412172790617,-0.0016262263525277376,-0.00020817897166125476,-0.0018870123894885182,-0.005739376414567232,-1.2968467899554526e-06,-1.4300916194915771,-0.18194332718849182,1.065885305404663,0.7715243697166443,-0.26438748836517334,-0.22624903917312622,-0.03689701482653618,0.9067150354385376,1.3878614902496338,0.4213569164276123,1.273346185684204,-0.022162901237607002,-0.06832236796617508,-0.47431936860084534,-0.11594890803098679,0.25992634892463684,0.17211110889911652,-0.3455125689506531,-0.11479926109313965,0.23755982518196106,0.6662530303001404,0.0,0.0,0.0,0.0,0.0,0.0,0.0,-1.7128520011901855,-0.1900009959936142,1.5138250589370728,0.9344472885131836,0.3501267731189728,-0.36787211894989014,-0.40518462657928467,1.0048828125,1.5,1.01474130153656,1.5,0.005236492957919836,-0.699999988079071,-0.699999988079071
797,1783686201.067716,367301.704076,0.049980,0,,,13,-0.08989271521568298,0.23944847285747528,0.1556442528963089,-0.2516995072364807,-0.15152359008789062,0.299946665763855,0.6805496215820312,-0.0016274608206003904,-0.00020838197087869048,-0.001625085948035121,-0.00020802108338102698,-0.0018867084290832281,-0.005723919719457626,-1.23421841635718e-06,-1.4986438751220703,-0.18105186522006989,1.2155777215957642,0.8390527963638306,-0.1611541360616684,-0.24779139459133148,-0.1012716218829155,0.9098002910614014,1.3894959688186646,0.42204907536506653,1.2724876403808594,-0.021912695840001106,-0.06821513921022415,-0.47400665283203125,-0.11594890803098679,0.2618687152862549,0.17211110889911652,-0.35516878962516785,-0.11803610622882843,0.2405591607093811,0.6671702265739441,0.0,0.0,0.0,0.0,0.0,0.0,0.0,-1.7128520011901855,-0.1900009959936142,1.5485494136810303,0.9466797113418579,0.39433786273002625,-0.37855878472328186,-0.41591590642929077,1.0078125,1.5,1.004360318183899,1.5,0.003186020301654935,-0.699999988079071,-0.699999988079071
798,1783686201.117644,367301.754126,0.050050,0,,,14,-0.08544991910457611,0.23809564113616943,0.15426181256771088,-0.2575627863407135,-0.15047018229961395,0.29874834418296814,0.6741499900817871,-0.0016407514922320843,-0.00021062807354610413,-0.0016396354185417295,-0.00021046157053206116,-0.0018870871281251311,-0.00570587208494544,-1.4461303408097592e-06,-1.5874907970428467,-0.17738594114780426,1.4678432941436768,0.9088094234466553,0.03734518215060234,-0.29058700799942017,-0.2034444659948349,0.9131415486335754,1.3912353515625,0.4239673316478729,1.2699693441390991,-0.021502919495105743,-0.06817009299993515,-0.47370147705078125,-0.11740612983703613,0.25604158639907837,0.16100740432739258,-0.3583875596523285,-0.11803610622882843,0.24249990284442902,0.6671702265739441,0.0,0.0,0.0,0.0,0.0,0.0,0.0,-1.7128520011901855,-0.1900009959936142,1.5601242780685425,0.9344472885131836,0.4109170436859131,-0.375746488571167,-0.42396435141563416,1.0078125,1.5,1.01474130153656,1.5,0.004006209317594767,-0.699999988079071,-0.699999988079071
799,1783686201.167527,367301.804015,0.049889,0,,,15,-0.08375737816095352,0.2379617691040039,0.1538519710302353,-0.2643338739871979,-0.14984285831451416,0.29855069518089294,0.6725418567657471,-0.0016446450026705861,-0.00021131319226697087,-0.001643673051148653,-0.0002111762878485024,-0.001887148362584412,-0.005695057101547718,-1.6346444908776903e-06,-1.6081293821334839,-0.1755821257829666,1.5582152605056763,0.922590970993042,0.13817882537841797,-0.31393373012542725,-0.24974864721298218,0.9150092601776123,1.392228364944458,0.42527663707733154,1.268038272857666,-0.02122442238032818,-0.06810134649276733,-0.473494291305542,-0.11157725006341934,0.2531280517578125,0.15347275137901306,-0.3744812607765198,-0.1228913739323616,0.24673424661159515,0.6662530303001404,0.0,0.0,0.0,0.0,0.0,0.0,0.0,-1.7128520011901855,-0.1900009959936142,1.5794155597686768,0.9466797113418579,0.40262743830680847,-0.3864331543445587,-0.43469560146331787,1.0078125,1.5,1.0121461153030396,1.5,0.004826398566365242,-0.699999988079071,-0.699999988079071
800,1783686201.295756,367301.932225,0.128210,1,16,0.078200,0,-0.08354709297418594,0.23674985766410828,0.1507241278886795,-0.2728874385356903,-0.1489724963903427,0.2983020544052124,0.6718799471855164,-0.0016397451981902122,-0.00021059733990114182,-0.001638046931475401,-0.00021034484962001443,-0.0018865718739107251,-0.005670361686497927,-1.1078806210207404e-06,-1.615912914276123,-0.17382977902889252,1.6158099174499512,0.9236062169075012,0.2334594577550888,-0.33435723185539246,-0.2948388457298279,0.9174502491950989,1.3933266401290894,0.4275023639202118,1.2674459218978882,-0.020877325907349586,-0.06796425580978394,-0.4731887876987457,-0.11303447186946869,0.25118568539619446,0.17211110889911652,-0.364825040102005,-0.09214135259389877,0.23385478556156158,0.6231435537338257,0.0,0.0,0.0,0.0,0.0,0.0,0.0,-1.7128520011901855,-0.1900009959936142,1.5832738876342773,0.9507571458816528,0.42196980118751526,-0.40555667877197266,-0.49103474617004395,1.0078125,1.5,1.0095508098602295,1.5,0.0068768709897994995,-0.699999988079071,-0.699999988079071
801,1783686201.296034,367301.932557,0.000332,0,,,1,-0.08255049586296082,0.2347729653120041,0.1454773098230362,-0.27962028980255127,-0.148671954870224,0.29835832118988037,0.6711721420288086,-0.0016376589192077518,-0.00021027815819252282,-0.0016366883646696806,-0.00021013678633607924,-0.001886555110104382,-0.005651738028973341,-7.320601866922516e-07,-1.6175639629364014,-0.17218483984470367,1.6357430219650269,0.923538327217102,0.2714613676071167,-0.3445977568626404,-0.31648704409599304,0.9187840819358826,1.3938930034637451,0.42785853147506714,1.2671171426773071,-0.020660003647208214,-0.06787418574094772,-0.4729715585708618,-0.11157725006341934,0.25118568539619446,0.1594211608171463,-0.3760906457901001,-0.09456898272037506,0.23791269958019257,0.6277296543121338,0.0,0.0,0.0,0.0,0.0,0.0,0.0,-1.7128520011901855,-0.1900009959936142,1.5832738876342773,0.9507571458816528,0.416443407535553,-0.39430755376815796,-0.49103474617004395,1.0078125,1.5,1.0121461153030396,1.5,0.011798005551099777,-0.699999988079071,-0.699999988079071
802,1783686201.317652,367301.954130,0.021573,0,,,2,-0.08158078044652939,0.2320878505706787,0.13617351651191711,-0.28876397013664246,-0.14840666949748993,0.298453688621521,0.6690073609352112,-0.0016513783484697342,-0.0002125068276654929,-0.0016505606472492218,-0.00021238584304228425,-0.0018862196011468768,-0.005635960027575493,-1.422496552550001e-06,-1.6182165145874023,-0.17072433233261108,1.6528558731079102,0.9235509037971497,0.310768187046051,-0.3554566502571106,-0.3403439521789551,0.9206071496009827,1.394670844078064,0.4285564124584198,1.2665799856185913,-0.020270023494958878,-0.06769989430904388,-0.47257450222969055,-0.11157725006341934,0.24730093777179718,0.15148994326591492,-0.3825281262397766,-0.09618740528821945,0.2386184185743332,0.6213091015815735,0.0,0.0,0.0,0.0,0.0,0.0,0.0,-1.7128520011901855,-0.1900009959936142,1.5832738876342773,0.9507571458816528,0.416443407535553,-0.3892454504966736,-0.4588409662246704,1.00927734375,1.5,1.006955623626709,1.5,0.00851724948734045,-0.699999988079071,-0.699999988079071
803,1783686201.367715,367302.004108,0.049978,0,,,3,-0.08151548355817795,0.23066875338554382,0.1347520351409912,-0.2911255359649658,-0.14529213309288025,0.29831188917160034,0.6606354713439941,-0.0016628146404400468,-0.00021423213183879852,-0.0016607948346063495,-0.00021393029601313174,-0.0018857753602787852,-0.005625099875032902,-1.5677775309086428e-06,-1.6183797121047974,-0.17061983048915863,1.6595637798309326,0.9237086176872253,0.32845571637153625,-0.3598477244377136,-0.3595091998577118,0.9217149019241333,1.395097255706787,0.4292242228984833,1.2662250995635986,-0.01997511461377144,-0.06750671565532684,-0.4722793996334076,-0.1072055995464325,0.24535855650901794,0.14435185492038727,-0.39701250195503235,-0.09295056015253067,0.235442653298378,0.6176401972770691,0.0,0.0,0.0,0.0,0.0,0.0,0.0,-1.7128520011901855,-0.1900009959936142,1.5832738876342773,0.9303698539733887,0.4247330129146576,-0.3864331543445587,-0.4695722162723541,1.0107421875,1.5,1.01474130153656,1.5,0.00851724948734045,-0.699999988079071,-0.699999988079071
804,1783686201.417586,367302.054085,0.049977,0,,,4,-0.08121785521507263,0.22812707722187042,0.13385604321956635,-0.2944812476634979,-0.1382875293493271,0.2979606091976166,0.6451991200447083,-0.0016751880757510662,-0.00021622712665703148,-0.001674802741035819,-0.00021617910533677787,-0.0018859464908018708,-0.005600723437964916,-1.0649069963619695e-06,-1.619233250617981,-0.1710813194513321,1.6620028018951416,0.9253742694854736,0.34775763750076294,-0.36243927478790283,-0.3795706033706665,0.9230306148529053,1.395673394203186,0.4297892451286316,1.2657431364059448,-0.01954548805952072,-0.0672951191663742,-0.47191035747528076,-0.11012003570795059,0.2434161901473999,0.13404127955436707,-0.4114968478679657,-0.09861503541469574,0.24038273096084595,0.613054096698761,0.0,0.0,0.0,0.0,0.0,0.0,0.0,-1.7128520011901855,-0.1900009959936142,1.5832738876342773,0.926292359828949,0.3998642563819885,-0.37462159991264343,-0.4588409662246704,1.01220703125,1.5,1.006955623626709,1.5,0.002775925677269697,-0.699999988079071,-0.699999988079071
805,1783686201.467601,367302.104024,0.049940,0,,,5,-0.07987173646688461,0.22622793912887573,0.1305510401725769,-0.30122917890548706,-0.13494646549224854,0.2977607548236847,0.6375030875205994,-0.0016803317703306675,-0.00021706137340515852,-0.0016815441194921732,-0.0002172645617974922,-0.0018862751312553883,-0.005582250654697418,-7.048785164442961e-07,-1.6202245950698853,-0.17241261899471283,1.662135362625122,0.9247016310691833,0.3571188151836395,-0.3623286187648773,-0.38718467950820923,0.9238063097000122,1.3960388898849487,0.4301784932613373,1.2654458284378052,-0.019277598708868027,-0.06716807186603546,-0.47168174386024475,-0.10866281390190125,0.24244500696659088,0.12174788862466812,-0.41954371333122253,-0.09537819772958755,0.2385743111371994,0.6103024482727051,0.0,0.0,0.0,0.0,0.0,0.0,0.0,-1.7128520011901855,-0.1900009959936142,1.5832738876342773,0.922214925289154,0.4192066192626953,-0.3661847412586212,-0.46152377128601074,1.013671875,1.5,1.0017651319503784,1.5,0.008107154630124569,-0.699999988079071,-0.699999988079071
806,1783686201.517474,367302.153977,0.049952,0,,,6,-0.07915695011615753,0.22374695539474487,0.12000512331724167,-0.31726542115211487,-0.13249778747558594,0.2975960373878479,0.6271941661834717,-0.0016886054072529078,-0.0002183734904974699,-0.0016922238282859325,-0.00021895344252698123,-0.001886800047941506,-0.005556270945817232,-6.963469445508963e-07,-1.6218740940093994,-0.17448045313358307,1.6622178554534912,0.9212745428085327,0.36195600032806396,-0.35874614119529724,-0.39391201734542847,0.9251384735107422,1.3966634273529053,0.4307433068752289,1.2649521827697754,-0.01886237971484661,-0.06697702407836914,-0.4713093042373657,-0.1042911559343338,0.23661789298057556,0.11738572269678116,-0.42598119378089905,-0.09861503541469574,0.23667767643928528,0.5979199409484863,0.0,0.0,0.0,0.0,0.0,0.0,0.0,-1.7128520011901855,-0.1900009959936142,1.5755573511123657,0.9099825024604797,0.42749619483947754,-0.36955946683883667,-0.450792521238327,1.0078125,1.5,1.0121461153030396,1.5,0.003596114693209529,-0.699999988079071,-0.699999988079071
807,1783686201.567553,367302.204023,0.050046,0,,,7,-0.07917147874832153,0.2229730784893036,0.11186348646879196,-0.32676082849502563,-0.13108618557453156,0.2973294258117676,0.6221847534179688,-0.0016990123549476266,-0.00022003160847816616,-0.0017028764123097062,-0.00022064792574383318,-0.001886390964500606,-0.005541208665817976,-8.450001587334555e-07,-1.6220566034317017,-0.1747654527425766,1.662329077720642,0.918185293674469,0.36560219526290894,-0.3548378050327301,-0.3953908085823059,0.9260797500610352,1.3970775604248047,0.4311407506465912,1.2646304368972778,-0.018567202612757683,-0.06683279573917389,-0.47105416655540466,-0.10283394157886505,0.23758907616138458,0.10747170448303223,-0.43724679946899414,-0.09780582785606384,0.23367835581302643,0.5919579863548279,0.0,0.0,0.0,0.0,0.0,0.0,0.0,-1.7128520011901855,-0.1900009959936142,1.5832738876342773,0.9181374311447144,0.4192066192626953,-0.36787211894989014,-0.4588409662246704,1.00048828125,1.5,1.0173366069793701,1.5,0.00851724948734045,-0.699999988079071,-0.699999988079071
808,1783686201.617525,367302.254006,0.049983,0,,,8,-0.07841450721025467,0.21926730871200562,0.099967822432518,-0.3403427004814148,-0.12982577085494995,0.2957907021045685,0.6113712191581726,-0.001717659062705934,-0.00022300200362224132,-0.0017217162530869246,-0.00022363895550370216,-0.001885535311885178,-0.005523513071238995,-1.1415983180995681e-06,-1.622144341468811,-0.17530229687690735,1.6622694730758667,0.9097352623939514,0.373948335647583,-0.3501643240451813,-0.3956158459186554,0.9268949627876282,1.397644281387329,0.4317615330219269,1.264180302619934,-0.018172327429056168,-0.06663258373737335,-0.4707030951976776,-0.1042911559343338,0.23661789298057556,0.10152329504489899,-0.4404655396938324,-0.09214135259389877,0.2361483871936798,0.5887476801872253,0.0,0.0,0.0,0.0,0.0,0.0,0.0,-1.7128520011901855,-0.1900009959936142,1.5832738876342773,0.9181374311447144,0.4247330129146576,-0.36337247490882874,-0.4749378561973572,1.01220703125,1.5,1.01474130153656,1.5,0.00974753312766552,-0.699999988079071,-0.699999988079071
809,1783686201.667548,367302.303995,0.049989,0,,,9,-0.07758370786905289,0.21832214295864105,0.09259963780641556,-0.3469334840774536,-0.12926021218299866,0.2950330376625061,0.6053729057312012,-0.0017324017826467752,-0.000225351337576285,-0.001735899830237031,-0.00022590205480810255,-0.0018850815249606967,-0.005513359326869249,-1.325717562394857e-06,-1.6221994161605835,-0.1752469688653946,1.6624016761779785,0.9071732759475708,0.3755726218223572,-0.3497113883495331,-0.3960065543651581,0.9272332191467285,1.398003101348877,0.4322153627872467,1.2638962268829346,-0.017917919903993607,-0.06648122519254684,-0.47046706080436707,-0.1042911559343338,0.23273314535617828,0.0872471034526825,-0.4517311453819275,-0.09699662029743195,0.2269739806652069,0.5864546298980713,0.0,0.0,0.0,0.0,0.0,0.0,0.0,-1.7128520011901855,-0.1900009959936142,1.5832738876342773,0.9181374311447144,0.42196980118751526,-0.3684345781803131,-0.4642065763473511,1.0078125,1.5,1.0199317932128906,1.5,0.00564658734947443,-0.699999988079071,-0.699999988079071
810,1783686201.717609,367302.354004,0.050009,0,,,10,-0.07709946483373642,0.21739669144153595,0.08281878381967545,-0.35489368438720703,-0.12762869894504547,0.29427191615104675,0.5978200435638428,-0.0017584959277883172,-0.00022957268811296672,-0.0017615396063774824,-0.0002300506894243881,-0.0018844843143597245,-0.005502750631421804,-1.8201095599579276e-06,-1.6222506761550903,-0.17511200904846191,1.6630054712295532,0.9061673879623413,0.37801098823547363,-0.34783366322517395,-0.400307297706604,0.9278164505958557,1.398564100265503,0.4329751431941986,1.2634514570236206,-0.017493871971964836,-0.06620785593986511,-0.47006991505622864,-0.09846228361129761,0.23273314535617828,0.09041959047317505,-0.45897331833839417,-0.09375977516174316,0.23209047317504883,0.5818685293197632,0.0,0.0,0.0,0.0,0.0,0.0,0.0,-1.7128520011901855,-0.1900009959936142,1.5755573511123657,0.9059050679206848,0.416443407535553,-0.36787211894989014,-0.4668894112110138,1.00927734375,1.5,0.9991698265075684,1.5,0.002775925677269697,-0.699999988079071,-0.699999988079071
811,1783686201.767512,367302.403986,0.049982,0,,,11,-0.07629366219043732,0.2160179615020752,0.07584594935178757,-0.36085355281829834,-0.12693598866462708,0.292758047580719,0.5941779017448425,-0.0017684202175587416,-0.00023117358796298504,-0.0017723810160532594,-0.0002317935723112896,-0.0018844330916181207,-0.005490677431225777,-1.710884930616885e-06,-1.6223315000534058,-0.17515291273593903,1.6631395816802979,0.9060348272323608,0.37942102551460266,-0.3469430208206177,-0.40185782313346863,0.9282241463661194,1.398970603942871,0.43341630697250366,1.263129711151123,-0.017202356830239296,-0.06603482365608215,-0.4697929322719574,-0.1013767197728157,0.23273314535617828,0.08526430279016495,-0.46380144357681274,-0.0880952924489975,0.23473693430423737,0.5795754790306091,0.0,0.0,0.0,0.0,0.0,0.0,0.0,-1.7128520011901855,-0.1900009959936142,1.5755573511123657,0.8936727046966553,0.40262743830680847,-0.37012192606925964,-0.45347532629966736,1.00634765625,1.5,1.006955623626709,1.5,0.001955736428499222,-0.699999988079071,-0.699999988079071
812,1783686201.817599,367302.454093,0.050107,0,,,12,-0.07307107001543045,0.21446143090724945,0.06908565014600754,-0.3710835576057434,-0.12584954500198364,0.2917613387107849,0.5885604619979858,-0.0017906982684507966,-0.00023472993052564561,-0.0017935720970854163,-0.00023518265516031533,-0.0018840093398466706,-0.005482868291437626,-2.2350152448780136e-06,-1.6224572658538818,-0.17540563642978668,1.6629432439804077,0.9016230702400208,0.3800554871559143,-0.3454477787017822,-0.4028785526752472,0.9287754893302917,1.399526834487915,0.433905690908432,1.2626914978027344,-0.016833920031785965,-0.06581727415323257,-0.46942833065986633,-0.1042911559343338,0.23273314535617828,0.08377719670534134,-0.4694342613220215,-0.08890450745820999,0.23279619216918945,0.5818685293197632,0.0,0.0,0.0,0.0,0.0,0.0,0.0,-1.7128520011901855,-0.1900009959936142,1.5832738876342773,0.9181374311447144,0.4053906500339508,-0.3644973635673523,-0.47225505113601685,1.0078125,1.5,1.006955623626709,1.5,0.0064667765982449055,-0.699999988079071,-0.699999988079071
813,1783686201.867815,367302.504293,0.050200,0,,,13,-0.07237697392702103,0.21426084637641907,0.06636957079172134,-0.376082181930542,-0.12405599653720856,0.29162368178367615,0.5856046080589294,-0.0018047874327749014,-0.0002370029833400622,-0.0018071865197271109,-0.00023738405434414744,-0.0018838078249245882,-0.005480259191244841,-2.5950312192435376e-06,-1.6225439310073853,-0.1757992058992386,1.6627724170684814,0.8953094482421875,0.3798366189002991,-0.3449995517730713,-0.4028172194957733,0.9291700720787048,1.3999298810958862,0.43429291248321533,1.2623860836029053,-0.016580568626523018,-0.06565926223993301,-0.46916458010673523,-0.09846228361129761,0.23661789298057556,0.06821218878030777,-0.4710436165332794,-0.08971371501684189,0.23755982518196106,0.5781996250152588,0.0,0.0,0.0,0.0,0.0,0.0,0.0,-1.7128520011901855,-0.1900009959936142,1.5755573511123657,0.9018276333808899,0.3639427423477173,-0.37237176299095154,-0.4642065763473511,1.001953125,1.5,0.9965745806694031,1.5,0.005236492957919836,-0.699999988079071,-0.699999988079071
814,1783686201.917589,367302.554058,0.049766,0,,,14,-0.07241444289684296,0.21415753662586212,0.06323486566543579,-0.3826811611652374,-0.12209121882915497,0.2914133369922638,0.5837180018424988,-0.0018201941857114434,-0.00023948012676555663,-0.0018228417029604316,-0.00023989856708794832,-0.001883526798337698,-0.005471897777169943,-2.5641836600698298e-06,-1.62263023853302,-0.1743396818637848,1.6629207134246826,0.8933215141296387,0.37817925214767456,-0.3450605273246765,-0.4039194583892822,0.9297128319740295,1.4004803895950317,0.434920996427536,1.2619845867156982,-0.016239630058407784,-0.0654059424996376,-0.4687754511833191,-0.1013767197728157,0.23176196217536926,0.07336747646331787,-0.467020183801651,-0.0872860848903656,0.23156118392944336,0.5804926753044128,0.0,0.0,0.0,0.0,0.0,0.0,0.0,-1.7128520011901855,-0.1900009959936142,1.5832738876342773,0.9099825024604797,0.3832851052284241,-0.38137105107307434,-0.50176602602005,1.025390625,1.5,0.9939793348312378,1.5,-0.01526823453605175,-0.699999988079071,-0.699999988079071
815,1783686201.967667,367302.604138,0.050080,0,,,15,-0.07159041613340378,0.21475481986999512,0.059344660490751266,-0.3856672942638397,-0.12055701017379761,0.2913563549518585,0.5830695629119873,-0.001822574995458126,-0.00023982296988833696,-0.0018240988720208406,-0.00024006098101381212,-0.0018820142140612006,-0.005481609143316746,-4.668461315304739e-06,-1.6228749752044678,-0.1743191033601761,1.6626780033111572,0.8932178020477295,0.37126487493515015,-0.3451024889945984,-0.4051007926464081,0.9300453066825867,1.4008289575576782,0.43526411056518555,1.261748194694519,-0.01602228358387947,-0.06527780741453171,-0.4685263931751251,-0.09409062564373016,0.22787722945213318,0.07852276414632797,-0.47426238656044006,-0.08081239461898804,0.2234453558921814,0.5772823691368103,0.0,0.0,0.0,0.0,0.0,0.0,0.0,-1.7089918851852417,-0.1900009959936142,1.5716990232467651,0.8977501392364502,0.3667059540748596,-0.39037036895751953,-0.5500566959381104,0.925048828125,0.840087890625,0.2880723476409912,0.8309326171875,-0.35072559118270874,-0.3934082090854645,-0.3916992247104645
816,1783686202.094522,367302.730996,0.126857,1,16,0.076954,0,-0.07078879326581955,0.21415624022483826,0.05421091243624687,-0.38690492510795593,-0.1190134584903717,0.29077914357185364,0.5814635157585144,-0.001837990595959127,-0.00024228839902207255,-0.0018398176180198789,-0.00024256596225313842,-0.0018816427327692509,-0.00549006974324584,-4.612173142959364e-06,-1.6228426694869995,-0.17425790429115295,1.6636489629745483,0.8926530480384827,0.36390984058380127,-0.3482276201248169,-0.41758397221565247,0.931114673614502,1.4006221294403076,0.4355432689189911,1.2598854303359985,-0.01712212525308132,-0.06315577030181885,-0.4666540026664734,-0.13052110373973846,0.2337043434381485,0.07554855942726135,-0.44609835743904114,-0.07433870434761047,0.23473693430423737,0.5699446201324463,0.0,0.0,0.0,0.0,0.0,0.0,0.0,-1.7128520011901855,-0.1900009959936142,1.5832738876342773,0.9181374311447144,0.4910496473312378,-0.34312403202056885,-0.4481096863746643,1.00048828125,1.5,1.004360318183899,1.5,0.004416303709149361,-0.699999988079071,-0.697265625
817,1783686202.094770,367302.731301,0.000305,0,,,1,-0.06815680861473083,0.21235662698745728,0.0540248304605484,-0.38869932293891907,-0.11683069169521332,0.2886815667152405,0.5801818370819092,-0.0018501621671020985,-0.0002442414406687021,-0.0018517515854910016,-0.00024448471958748996,-0.001881384989246726,-0.005486169829964638,-3.946111974073574e-06,-1.6221400499343872,-0.1742824912071228,1.6630940437316895,0.890274167060852,0.3585664629936218,-0.35198113322257996,-0.4380744397640228,0.9312964677810669,1.3766242265701294,0.4339660704135895,1.2355844974517822,-0.04006223380565643,-0.06357188522815704,-0.4613930881023407,-0.13634997606277466,0.23176196217536926,0.07098811119794846,-0.43966084718704224,-0.07433870434761047,0.23394300043582916,0.5681101679801941,0.0,0.0,0.0,0.0,0.0,0.0,0.0,-1.7128520011901855,-0.1900009959936142,1.5832738876342773,0.9426022171974182,0.48276007175445557,-0.33412474393844604,-0.4642065763473511,0.9990234375,1.5,0.9991698265075684,1.5,0.008107154630124569,-0.6904296875,-0.699999988079071
818,1783686202.117594,367302.754088,0.022787,0,,,2,-0.06526150554418564,0.21111786365509033,0.054007966071367264,-0.3901223838329315,-0.11444874107837677,0.28650733828544617,0.5793259739875793,-0.0018599407048895955,-0.0002457723894622177,-0.0018611907726153731,-0.0002459630777593702,-0.0018812917405739427,-0.0054851495660841465,-3.6895078210363863e-06,-1.6219584941864014,-0.1742827296257019,1.6600918769836426,0.8869791626930237,0.3536134362220764,-0.35742589831352234,-0.4598342776298523,0.9314931631088257,1.3033860921859741,0.42437511682510376,1.1735045909881592,-0.08697966486215591,-0.06652146577835083,-0.44663822650909424,-0.13197831809520721,0.23467552661895752,0.06543625891208649,-0.4509264826774597,-0.07676634192466736,0.235442653298378,0.5630654096603394,0.0,0.0,0.0,0.0,0.0,0.0,0.0,-1.7128520011901855,-0.1900009959936142,1.5832738876342773,0.9181374311447144,0.48276007175445557,-0.3425615727901459,-0.4588409662246704,0.984375,1.5,1.040693759918213,1.5,0.036403678357601166,-0.699999988079071,-0.699999988079071
819,1783686202.167673,367302.804112,0.050025,0,,,3,-0.0722346156835556,0.21100972592830658,0.05375589802861214,-0.3840973973274231,-0.11248617619276047,0.28630438446998596,0.5781532526016235,-0.001858792849816382,-0.0002455372887197882,-0.001860130811110139,-0.0002457453520037234,-0.0018817714881151915,-0.0054964409209787846,-4.402354079502402e-06,-1.6228611469268799,-0.17338822782039642,1.6598153114318848,0.8902753591537476,0.36499178409576416,-0.35623791813850403,-0.45732495188713074,0.931795597076416,1.268330454826355,0.4232127070426941,1.14411199092865,-0.10269288718700409,-0.07364343106746674,-0.44058099389076233,-0.1348927617073059,0.23273314535617828,0.07059155404567719,-0.4428796172142029,-0.07757554948329926,0.23438407480716705,0.5690273642539978,0.0,0.0,0.0,0.0,0.0,0.0,0.0,-1.7128520011901855,-0.1900009959936142,1.5832738876342773,0.9466797113418579,0.4661808907985687,-0.3667472004890442,-0.4642065763473511,0.888427734375,1.5,1.1315274238586426,1.5,0.13154561817646027,-0.699999988079071,-0.699999988079071
820,1783686202.217638,367302.854018,0.049906,0,,,4,-0.09051725268363953,0.21219827234745026,0.0524175800383091,-0.3745323419570923,-0.109653040766716,0.2869226336479187,0.5739174485206604,-0.0018534095725044608,-0.00024454580852761865,-0.001856038928963244,-0.0002449608000461012,-0.0018823085119947791,-0.005486454349011183,-3.225032060072408e-06,-1.6236625909805298,-0.17064721882343292,1.6607969999313354,0.8987013101577759,0.39735597372055054,-0.34424611926078796,-0.43557947874069214,0.9321972131729126,1.2732086181640625,0.44337746500968933,1.1438051462173462,-0.08955328166484833,-0.07440213859081268,-0.4379396140575409,-0.13926440477371216,0.2288484126329422,0.06186721473932266,-0.4517311453819275,-0.08566766232252121,0.2361483871936798,0.5671929121017456,0.0,0.0,0.0,0.0,0.0,0.0,0.0,-1.7128520011901855,-0.1900009959936142,1.5832738876342773,0.926292359828949,0.47447046637535095,-0.3374994695186615,-0.5071316361427307,0.0,0.0,0.0,0.0,0.0023658310528844595,0.0,0.0
821,1783686202.267691,367302.904151,0.050133,0,,,5,-0.09673607349395752,0.2124408632516861,0.0509207621216774,-0.37397387623786926,-0.10882722586393356,0.2869705557823181,0.5720535516738892,-0.0018627846147865057,-0.0002460606920067221,-0.0018653144361451268,-0.0002464544668328017,-0.0018818486714735627,-0.00548419589176774,-3.235146550650825e-06,-1.6236222982406616,-0.1702273041009903,1.6627426147460938,0.9064378142356873,0.4070921242237091,-0.342875212430954,-0.42749595642089844,0.9307507276535034,1.2857030630111694,0.45970746874809265,1.1446795463562012,-0.06874021142721176,-0.07141381502151489,-0.43205973505973816,-0.13926440477371216,0.22787722945213318,0.061074092984199524,-0.46380144357681274,-0.08243081718683243,0.2453227937221527,0.5699446201324463,0.0,0.0,0.0,0.0,0.0,0.0,0.0,-1.7128520011901855,-0.1900009959936142,1.5832738876342773,0.971144437789917,0.46065449714660645,-0.34284281730651855,-0.5071316361427307,0.0,0.0,0.0,0.0,-0.0013250198680907488,0.0,0.0
822,1783686202.317691,367302.954175,0.050024,0,,,6,-0.10157439857721329,0.21232247352600098,0.04805125668644905,-0.3739859163761139,-0.10827261209487915,0.28741809725761414,0.5711916089057922,-0.0018662156071513891,-0.00024658473557792604,-0.0018679890781641006,-0.000246854149736464,-0.0018812326015904546,-0.005479796789586544,-3.1165984637482325e-06,-1.623637318611145,-0.17129020392894745,1.6632970571517944,0.9112834334373474,0.4183734953403473,-0.335366815328598,-0.4331173598766327,0.8675826787948608,1.2154288291931152,0.4490639567375183,1.0711820125579834,-0.054171957075595856,-0.06574992090463638,-0.39590996503829956,-0.13634997606277466,0.2239924818277359,0.05948784947395325,-0.4629967510700226,-0.09052293002605438,0.247914120554924,0.5676515698432922,0.0,0.0,0.0,0.0,0.0,0.0,0.0,-1.7128520011901855,-0.1900009959936142,1.5832738876342773,0.9466797113418579,0.4496017396450043,-0.34762367606163025,-0.5285941958427429,0.0,0.0,0.0,0.0,0.0023658310528844595,0.0,0.0
823,1783686202.367625,367303.004098,0.049923,0,,,7,-0.10292013734579086,0.21162448823451996,0.04515346512198448,-0.3758574426174164,-0.10801783204078674,0.28958070278167725,0.5708212852478027,-0.0018721007509157062,-0.0002475165238138288,-0.001873790635727346,-0.00024777036742307246,-0.001881232252344489,-0.005476239137351513,-3.047998006877606e-06,-1.6248873472213745,-0.17065410315990448,1.6607192754745483,0.9225329756736755,0.4222584664821625,-0.33443260192871094,-0.4407750368118286,0.7851241230964661,1.102750301361084,0.4179096817970276,0.9667995572090149,-0.05285780131816864,-0.061291977763175964,-0.3571445941925049,-0.13926440477371216,0.22302129864692688,0.0523497574031353,-0.4597780108451843,-0.0880952924489975,0.24743996560573578,0.5681101679801941,0.0,0.0,0.0,0.0,0.0,0.0,0.0,-1.7128520011901855,-0.1900009959936142,1.5832738876342773,0.9466797113418579,0.42196980118751526,-0.3554980754852295,-0.5339598059654236,0.005859375,0.005859375,0.0025952463038265705,0.0087890625,0.0007254528463818133,0.0,-0.004101562313735485
824,1783686202.417656,367303.054143,0.050045,0,,,8,-0.10300489515066147,0.2090015858411789,0.04190371185541153,-0.37910547852516174,-0.10798719525337219,0.2927958071231842,0.5701698064804077,-0.0018801861442625523,-0.0002487818128429353,-0.0018815250368788838,-0.00024897896219044924,-0.0018809641478583217,-0.00547807989642024,-3.4505940220697084e-06,-1.6287569999694824,-0.17414487898349762,1.6530381441116333,0.9316060543060303,0.42439839243888855,-0.33229970932006836,-0.4603218138217926,0.637945294380188,0.884834349155426,0.3565196990966797,0.7752898931503296,-0.05192883312702179,-0.05925605818629265,-0.29430848360061646,-0.13926440477371216,0.22302129864692688,0.049177270382642746,-0.46380144357681274,-0.09133213758468628,0.24726353585720062,0.57086181640625,0.0,0.0,0.0,0.0,0.0,0.0,0.0,-1.7128520011901855,-0.1900009959936142,1.5832738876342773,0.9548345804214478,0.4496017396450043,-0.35887280106544495,-0.5500566959381104,0.0,0.0087890625,0.0,0.0,0.001545641920529306,-0.0027343749534338713,0.0
825,1783686202.467574,367303.104042,0.049899,0,,,9,-0.10306137055158615,0.2080114334821701,0.03935091570019722,-0.3792400062084198,-0.10800690948963165,0.2944090962409973,0.5699577927589417,-0.0018800984835252166,-0.00024873288930393755,-0.0018811865011230111,-0.0002488930185791105,-0.0018809216562658548,-0.005476485937833786,-3.3679405078146374e-06,-1.631178379058838,-0.17538943886756897,1.6494560241699219,0.9320464730262756,0.4239547848701477,-0.3323511481285095,-0.4711184799671173,0.5618969202041626,0.7694335579872131,0.3234248459339142,0.6757113337516785,-0.0515173003077507,-0.059001751244068146,-0.2640838325023651,-0.13926440477371216,0.22107893228530884,0.04759102687239647,-0.4662155210971832,-0.08485844731330872,0.24920427799224854,0.563524067401886,0.0,0.0,0.0,0.0,0.0,0.0,0.0,-1.7128520011901855,-0.1900009959936142,1.5832738876342773,0.9385247826576233,0.4385489523410797,-0.35437315702438354,-0.539325475692749,0.005859375,0.017578125,0.0,0.0,0.001955736428499222,-0.004101562313735485,0.0
826,1783686202.517674,367303.154173,0.050130,0,,,10,-0.10348190367221832,0.20691834390163422,0.033610254526138306,-0.380018413066864,-0.1081797406077385,0.2959858179092407,0.5695876479148865,-0.00188610446639359,-0.0002496480301488191,-0.0018876424292102456,-0.0002498797548469156,-0.0018808433087542653,-0.0054736752063035965,-3.3099784104706487e-06,-1.6339373588562012,-0.17545953392982483,1.6461730003356934,0.9329127669334412,0.42426833510398865,-0.33440831303596497,-0.48783111572265625,0.45392584800720215,0.604947030544281,0.2756631374359131,0.5338845252990723,-0.05088958144187927,-0.05858113244175911,-0.22224028408527374,-0.14217884838581085,0.22690604627132416,0.04005637392401695,-0.4662155210971832,-0.08971371501684189,0.2477928251028061,0.5726962685585022,0.0,0.0,0.0,0.0,0.0,0.0,0.0,-1.7128520011901855,-0.1900009959936142,1.5832738876342773,0.971144437789917,0.4192066192626953,-0.36337247490882874,-0.5768848657608032,0.005859375,0.0029296875,0.0,0.0,0.0068768709897994995,0.0,-0.0013671874767169356
827,1783686202.567576,367303.204046,0.049873,0,,,11,-0.10367672890424728,0.2060708999633789,0.03098655678331852,-0.38134247064590454,-0.10809136182069778,0.2968970835208893,0.5686308741569519,-0.0018917395500466228,-0.00025051008560694754,-0.0018931827507913113,-0.000250728742685169,-0.0018807303858920932,-0.0054727285169065,-3.346641506141168e-06,-1.6347107887268066,-0.17547309398651123,1.6451327800750732,0.9327002167701721,0.4244024157524109,-0.33483830094337463,-0.49345046281814575,0.39662665128707886,0.5180445313453674,0.24987177550792694,0.45798033475875854,-0.05045238509774208,-0.058308862149715424,-0.20011115074157715,-0.14217884838581085,0.22496366500854492,0.03965981304645538,-0.4694342613220215,-0.08566766232252121,0.25114500522613525,0.5736135244369507,0.0,0.0,0.0,0.0,0.0,0.0,0.0,-1.7128520011901855,-0.1900009959936142,1.5832738876342773,0.9833768606185913,0.4109170436859131,-0.36112263798713684,-0.5768848657608032,0.0,0.0,0.0,0.0,-0.002555303508415818,0.0,0.0
828,1783686202.617727,367303.254174,0.050128,0,,,12,-0.10562515258789062,0.20635752379894257,0.025072474032640457,-0.38324785232543945,-0.10806502401828766,0.29762163758277893,0.5683651566505432,-0.001898129703477025,-0.00025148666463792324,-0.0018996004946529865,-0.00025170997832901776,-0.0018804760184139013,-0.005470962263643742,-3.3318767691525863e-06,-1.6348164081573486,-0.17400629818439484,1.644926905632019,0.9408214092254639,0.41988036036491394,-0.33919620513916016,-0.5098224878311157,0.3347647786140442,0.4223390519618988,0.22194376587867737,0.3744586706161499,-0.04955814406275749,-0.057911522686481476,-0.1758851855993271,-0.14509329199790955,0.2239924818277359,0.04045293480157852,-0.46138739585876465,-0.0880952924489975,0.24567565321922302,0.5722376704216003,0.0,0.0,0.0,0.0,0.0,0.0,0.0,-1.7128520011901855,-0.1900009959936142,1.5832738876342773,0.9915317893028259,0.40262743830680847,-0.36112263798713684,-0.5715192556381226,0.0,0.0,0.0,0.0,0.002775925677269697,0.0,0.0
829,1783686202.667598,367303.304007,0.049833,0,,,13,-0.10644179582595825,0.20640043914318085,0.022141743451356888,-0.38478049635887146,-0.10799518972635269,0.29827019572257996,0.5683708190917969,-0.0019063882064074278,-0.0002527856267988682,-0.0019077820470556617,-0.00025299593107774854,-0.0018802853301167488,-0.005471440032124519,-3.461350161160226e-06,-1.6348261833190918,-0.17366303503513336,1.644792914390564,0.9496584534645081,0.41573208570480347,-0.3407479524612427,-0.517837643623352,0.30312779545783997,0.3727112412452698,0.207723006606102,0.3317696154117584,-0.049204688519239426,-0.05765943229198456,-0.16353891789913177,-0.13926440477371216,0.22496366500854492,0.03252171725034714,-0.47426238656044006,-0.09052293002605438,0.24549922347068787,0.5671929121017456,0.0,0.0,0.0,0.0,0.0,0.0,0.0,-1.7128520011901855,-0.1900009959936142,1.5832738876342773,0.9833768606185913,0.43578577041625977,-0.37012192606925964,-0.5876161456108093,0.0,0.0,0.0,0.0,0.00031535830930806696,0.0,0.0
830,1783686202.717517,367303.353991,0.049984,0,,,14,-0.10777610540390015,0.20637483894824982,0.020485131070017815,-0.38519665598869324,-0.10795968770980835,0.29851603507995605,0.5683171153068542,-0.0019192717736586928,-0.0002548026095610112,-0.0019203294068574905,-0.0002549593336880207,-0.0018799203680828214,-0.005473649129271507,-3.613229637267068e-06,-1.6347917318344116,-0.17391857504844666,1.6445468664169312,0.9631479978561401,0.4100833833217621,-0.3412487804889679,-0.5252793431282043,0.25950437784194946,0.304439902305603,0.18829689919948578,0.2736240327358246,-0.04860975220799446,-0.05722528323531151,-0.1466623693704605,-0.1407216340303421,0.22593484818935394,0.03291827812790871,-0.47506704926490784,-0.08971371501684189,0.24673424661159515,0.5726962685585022,0.0,0.0,0.0,0.0,0.0,0.0,0.0,-1.7128520011901855,-0.1900009959936142,1.5755573511123657,0.9752219319343567,0.4192066192626953,-0.36955946683883667,-0.5500566959381104,0.0029296875,0.0029296875,0.0,0.0087890625,0.001545641920529306,0.0,0.0
831,1783686202.767559,367303.404028,0.050037,0,,,15,-0.10761015862226486,0.20644055306911469,0.018901044502854347,-0.3866232633590698,-0.10804875195026398,0.2986452579498291,0.5681930780410767,-0.0019195403438061476,-0.00025480444310232997,-0.0019208129961043596,-0.0002549955097492784,-0.0018799243262037635,-0.0054700556211173534,-3.3347891985613387e-06,-1.6347103118896484,-0.17526696622371674,1.6440645456314087,0.9663524627685547,0.4102157652378082,-0.34217938780784607,-0.5313251614570618,0.23928271234035492,0.272838294506073,0.17938804626464844,0.24686294794082642,-0.04826625436544418,-0.05697070434689522,-0.13885954022407532,-0.13926440477371216,0.22787722945213318,0.03252171725034714,-0.475871741771698,-0.09052293002605438,0.24267633259296417,0.5713204145431519,0.0,0.0,0.0,0.0,0.0,0.0,0.0,-1.7089918851852417,-0.1900009959936142,1.567840814590454,0.9548345804214478,0.40815383195877075,-0.37687140703201294,-0.5446910858154297,0.0,0.0,0.0,0.0,0.003186020301654935,0.0,0.0
832,1783686202.895050,367303.531530,0.127502,1,16,0.077540,0,-0.10735345631837845,0.20664498209953308,0.015361669473350048,-0.39046183228492737,-0.10822498798370361,0.2988479435443878,0.5681346654891968,-0.0019259144319221377,-0.0002557705156505108,-0.0019273156067356467,-0.00025598311913199723,-0.0018799018580466509,-0.005470063537359238,-3.4738632166408934e-06,-1.6344023942947388,-0.1761426031589508,1.6387908458709717,0.9652095437049866,0.41012734174728394,-0.3444313704967499,-0.5291050672531128,0.21169456839561462,0.22999410331249237,0.16696344316005707,0.21115756034851074,-0.047678571194410324,-0.056537874042987823,-0.1282574087381363,-0.14217884838581085,0.22690604627132416,0.023797381669282913,-0.4646061360836029,-0.08404923975467682,0.25238004326820374,0.5892062783241272,0.0,0.0,0.0,0.0,0.0,0.0,0.0,-1.7128520011901855,-0.1900009959936142,1.5524077415466309,1.0404613018035889,0.24236224591732025,-0.39487001299858093,-0.6144443154335022,0.0,0.0,0.0,0.0,0.005236492957919836,0.0,0.0
833,1783686202.895412,367303.531873,0.000343,0,,,1,-0.10727361589670181,0.207172229886055,0.01408175379037857,-0.3920566737651825,-0.10834016650915146,0.298817902803421,0.5680968761444092,-0.0019321235595270991,-0.00025672896299511194,-0.0019332132069393992,-0.00025689342874102294,-0.0018797199008986354,-0.005471660289913416,-3.61529532710847e-06,-1.6335757970809937,-0.17666654288768768,1.6342912912368774,0.9593180418014526,0.4092387855052948,-0.3462710380554199,-0.5258488655090332,0.19898952543735504,0.21028637886047363,0.16120824217796326,0.19481748342514038,-0.0473291240632534,-0.05628727003931999,-0.12338053435087204,-0.14800772070884705,0.22690604627132416,0.015469604171812534,-0.46380144357681274,-0.08081239461898804,0.24885141849517822,0.5892062783241272,0.0,0.0,0.0,0.0,0.0,0.0,0.0,-1.6896910667419434,-0.1900009959936142,1.494533658027649,1.0200740098953247,0.1732824146747589,-0.40611913800239563,-0.59298175573349,0.0,0.0,0.0,0.0,0.004006209317594767,0.0,0.0
834,1783686202.917609,367303.554057,0.022184,0,,,2,-0.1071959063410759,0.20777331292629242,0.013161411508917809,-0.3933345079421997,-0.10852021723985672,0.29869309067726135,0.5679968595504761,-0.0019435305148363113,-0.00025851544342003763,-0.0019445987418293953,-0.0002586735354270786,-0.0018793924245983362,-0.005472656339406967,-3.647639914561296e-06,-1.6327474117279053,-0.1765354722738266,1.631786584854126,0.9495976567268372,0.40681710839271545,-0.3507092595100403,-0.5216257572174072,0.18291568756103516,0.18529030680656433,0.15397076308727264,0.17373304069042206,-0.046780724078416824,-0.05589444190263748,-0.11723615229129791,-0.1378071904182434,0.2288484126329422,0.019038651138544083,-0.4629967510700226,-0.08404923975467682,0.24567565321922302,0.5855373740196228,0.0,0.0,0.0,0.0,0.0,0.0,0.0,-1.6395090818405151,-0.1900009959936142,1.374927282333374,1.0037641525268555,0.08209703862667084,-0.37687140703201294,-0.5554223656654358,0.0,0.0,0.0,0.0,0.002775925677269697,0.0,0.0
835,1783686202.967718,367303.604176,0.050120,0,,,3,-0.10818180441856384,0.20814602077007294,0.01015179418027401,-0.3933202028274536,-0.10836123675107956,0.29875391721725464,0.5699296593666077,-0.0019456681329756975,-0.00025885464856401086,-0.001946916338056326,-0.00025903942878358066,-0.001879221759736538,-0.005470273084938526,-3.4293834687559865e-06,-1.6257137060165405,-0.17411716282367706,1.612158179283142,0.9575850367546082,0.366144061088562,-0.3584219217300415,-0.5230087637901306,0.17433178424835205,0.1709890216588974,0.15019923448562622,0.16151881217956543,-0.046382512897253036,-0.05560120567679405,-0.11367274820804596,-0.1436360627412796,0.23467552661895752,0.010710875503718853,-0.4662155210971832,-0.09133213758468628,0.24638138711452484,0.5956268310546875,0.0,0.0,0.0,0.0,0.0,0.0,0.0,-1.5044035911560059,-0.1900009959936142,0.9871710538864136,0.877362847328186,-0.27711808681488037,-0.30712684988975525,-0.4373784363269806,0.0,0.005859375,0.0,0.0029296875,0.001955736428499222,0.0,0.0
836,1783686203.017536,367303.654026,0.049850,0,,,4,-0.10889236629009247,0.2089153677225113,0.0008792431908659637,-0.3922314941883087,-0.10791859775781631,0.29886987805366516,0.5734199285507202,-0.0019529038108885288,-0.0002599138533696532,-0.0019547741394490004,-0.0002601891756057739,-0.0018787798471748829,-0.00546783022582531,-3.374540938239079e-06,-1.580675721168518,-0.17349182069301605,1.4815281629562378,0.9690925478935242,0.23463116586208344,-0.361217200756073,-0.5167571306228638,0.16582529246807098,0.15556374192237854,0.14758023619651794,0.1483943909406662,-0.045844413340091705,-0.055190037935972214,-0.10970096290111542,-0.13926440477371216,0.24050264060497284,0.014279922470450401,-0.4694342613220215,-0.09699662029743195,0.23826555907726288,0.5914993286132812,0.0,0.0,0.0,0.0,0.0,0.0,0.0,-1.411759853363037,-0.1900009959936142,0.8289819359779358,0.7672713994979858,-0.4221857190132141,-0.2700047194957733,-0.32470014691352844,0.0,0.0029296875,0.0,0.0,0.001955736428499222,0.0,0.0
837,1783686203.067581,367303.704081,0.050055,0,,,5,-0.10849828273057938,0.2119157612323761,-0.004985059145838022,-0.3914790153503418,-0.10810632258653641,0.2989877164363861,0.5767077207565308,-0.001962766982614994,-0.0002614395634736866,-0.001964637078344822,-0.0002617208519950509,-0.0018787471344694495,-0.005472605582326651,-3.7706718103436287e-06,-1.5011855363845825,-0.17575322091579437,1.261906623840332,0.9293346405029297,0.07925144582986832,-0.3411506712436676,-0.48304542899131775,0.16082122921943665,0.14700305461883545,0.14645719528198242,0.14105042815208435,-0.04546501114964485,-0.054903365671634674,-0.10741204023361206,-0.13926440477371216,0.24050264060497284,0.007934950292110443,-0.47265300154685974,-0.09780582785606384,0.23403121531009674,0.5859960317611694,0.0,0.0,0.0,0.0,0.0,0.0,0.0,-1.3654379844665527,-0.1900009959936142,0.7248085737228394,0.6734897494316101,-0.4705415964126587,-0.23513244092464447,-0.26567816734313965,0.0029296875,0.0029296875,0.0,0.0,0.00113554741255939,0.0,0.0
838,1783686203.117744,367303.754146,0.050065,0,,,6,-0.10783122479915619,0.2174651026725769,-0.00785593967884779,-0.39120787382125854,-0.10885435342788696,0.29858458042144775,0.5787968635559082,-0.00197739084251225,-0.0002636995050124824,-0.0019793198443949223,-0.0002639949962031096,-0.001878863899037242,-0.005476491525769234,-3.8838788896100596e-06,-1.3947745561599731,-0.17712503671646118,1.0112216472625732,0.839894711971283,-0.1250167042016983,-0.3077852129936218,-0.4126691222190857,0.15330065786838531,0.1376415491104126,0.14210745692253113,0.13256189227104187,-0.04495072364807129,-0.05454747751355171,-0.10517154633998871,-0.13634997606277466,0.24050264060497284,0.008728071115911007,-0.4662155210971832,-0.10023345798254013,0.2326197624206543,0.5837029814720154,0.0,0.0,0.0,0.0,0.0,0.0,0.0,-1.3152559995651245,-0.1900009959936142,0.6336569786071777,0.559320867061615,-0.5506742000579834,-0.19013595581054688,-0.20665621757507324,0.0,0.0,0.0,0.005859375,0.002775925677269697,-0.0013671874767169356,0.0
839,1783686203.167767,367303.804199,0.050053,0,,,7,-0.10726366192102432,0.22027352452278137,-0.008597438223659992,-0.3913481533527374,-0.10938281565904617,0.29706043004989624,0.5793425440788269,-0.0019785072654485703,-0.0002638572477735579,-0.0019815198611468077,-0.0002643172047100961,-0.0018787796143442392,-0.005474197678267956,-3.5927857879869407e-06,-1.3355382680892944,-0.17818082869052887,0.8935131430625916,0.776279628276825,-0.23855043947696686,-0.2812303900718689,-0.35764604806900024,0.1487932652235031,0.1321713626384735,0.13904410600662231,0.12748613953590393,-0.044584695249795914,-0.05426132306456566,-0.10386849194765091,-0.13343553245067596,0.2482721209526062,0.005555585026741028,-0.4734576940536499,-0.1042795181274414,0.22415107488632202,0.5809512734413147,0.0,0.0,0.0,0.0,0.0,0.0,0.0,-1.2612138986587524,-0.1900009959936142,0.5878399610519409,0.4777716100215912,-0.5644901990890503,-0.16088822484016418,-0.18519368767738342,0.0029296875,0.0,0.0,0.0029296875,0.002775925677269697,0.0,0.0
840,1783686203.217782,367303.854217,0.050018,0,,,8,-0.10564371198415756,0.22226259112358093,-0.009988090954720974,-0.3914653956890106,-0.11025835573673248,0.2939142882823944,0.5794602036476135,-0.001981128240004182,-0.00026423620874993503,-0.001984315225854516,-0.0002647147048264742,-0.0018780829850584269,-0.005471835844218731,-3.4188738027296495e-06,-1.265749454498291,-0.18096989393234253,0.7670080661773682,0.6742352247238159,-0.36663660407066345,-0.2369920164346695,-0.2832171618938446,0.14503999054431915,0.1261347234249115,0.1369941383600235,0.12257631868124008,-0.04407646507024765,-0.05385652184486389,-0.10229597985744476,-0.13197831809520721,0.24632975459098816,0.010314314626157284,-0.4662155210971832,-0.09699662029743195,0.2170938402414322,0.5681101679801941,0.0,0.0,0.0,0.0,0.0,0.0,0.0,-1.2071716785430908,-0.1900009959936142,0.5434698462486267,0.35952523350715637,-0.589358925819397,-0.14288963377475739,-0.13153736293315887,0.0,0.0,0.0,0.0,0.003186020301654935,0.0,0.0
841,1783686203.267823,367303.904225,0.050008,0,,,9,-0.1031208336353302,0.22526662051677704,-0.011794986203312874,-0.39147064089775085,-0.11148545891046524,0.2915838360786438,0.5792471170425415,-0.0019857122097164392,-0.0002649172965902835,-0.0019888223614543676,-0.0002653878182172775,-0.0018782041734084487,-0.005471089854836464,-3.426762305025477e-06,-1.223671317100525,-0.18258357048034668,0.7031413316726685,0.602349579334259,-0.4315904378890991,-0.20840740203857422,-0.24152658879756927,0.14308996498584747,0.1224876269698143,0.13618382811546326,0.12005160748958588,-0.04370655491948128,-0.05356688052415848,-0.10134991258382797,-0.12906387448310852,0.2434161901473999,0.02022833377122879,-0.4597780108451843,-0.09861503541469574,0.21074232459068298,0.5644412636756897,0.0,0.0,0.0,0.0,0.0,0.0,0.0,-1.1531294584274292,-0.1900009959936142,0.4933123290538788,0.2616661489009857,-0.5838325619697571,-0.0978931337594986,-0.08592948317527771,0.0,0.0,0.0,0.0,0.0068768709897994995,0.0,0.0
842,1783686203.317627,367303.954043,0.049818,0,,,10,-0.10012052953243256,0.22741888463497162,-0.01225077174603939,-0.391019731760025,-0.11215389519929886,0.2857370674610138,0.5759798288345337,-0.0019895692821592093,-0.00026549812173470855,-0.0019935378804802895,-0.00026610417990013957,-0.0018783224513754249,-0.005473596975207329,-3.6499559428193606e-06,-1.1620441675186157,-0.18547028303146362,0.6334313750267029,0.48728278279304504,-0.4956681728363037,-0.1715955138206482,-0.18412865698337555,0.1407550573348999,0.11837334930896759,0.13528095185756683,0.11699280887842178,-0.043196938931941986,-0.05317327007651329,-0.10034546256065369,-0.12323500216007233,0.24438737332820892,0.01983177289366722,-0.4533405303955078,-0.09456898272037506,0.20933087170124054,0.5534346103668213,0.0,0.0,0.0,0.0,0.0,0.0,0.0,-1.0952271223068237,-0.1900009959936142,0.45955246686935425,0.176039457321167,-0.561726987361908,-0.0753948837518692,-0.05910131707787514,0.0,0.0,0.0,0.0,-9.47362495935522e-05,0.0,0.0
843,1783686203.367607,367304.004009,0.049966,0,,,11,-0.09848984330892563,0.2274589091539383,-0.010979030281305313,-0.38947027921676636,-0.1125146821141243,0.28075453639030457,0.5721908211708069,-0.0019961080979555845,-0.00026653544045984745,-0.0019999633077532053,-0.0002671226393431425,-0.0018781308317556977,-0.0054760947823524475,-3.7993218029441778e-06,-1.1178858280181885,-0.18549583852291107,0.5920118093490601,0.3999679982662201,-0.5237181186676025,-0.14567331969738007,-0.1434844583272934,0.1392947882413864,0.1159839853644371,0.13478969037532806,0.1150117814540863,-0.04281313717365265,-0.0528850331902504,-0.09975674003362656,-0.11886334419250488,0.23953144252300262,0.031728595495224,-0.4477077126502991,-0.08890450745820999,0.19733357429504395,0.5483898520469666,0.0,0.0,0.0,0.0,0.0,0.0,0.0,-1.0411850214004517,-0.1900009959936142,0.4180760681629181,0.01294099073857069,-0.5534374117851257,0.007848634384572506,-0.01081062387675047,0.0,0.0,0.0,0.0,0.002775925677269697,0.0,0.0
844,1783686203.417599,367304.054015,0.050006,0,,,12,-0.09430071711540222,0.22739987075328827,-0.007728769909590483,-0.38498273491859436,-0.11265594512224197,0.27445852756500244,0.5652981996536255,-0.0020027533173561096,-0.0002675774449016899,-0.0020051912870258093,-0.00026793917641043663,-0.0018773687770590186,-0.005477316677570343,-3.7717541090387385e-06,-1.0569417476654053,-0.18540100753307343,0.5434616208076477,0.2836987376213074,-0.5395733714103699,-0.10995535552501678,-0.09484755992889404,0.13754574954509735,0.11335418373346329,0.13406915962696075,0.11271852254867554,-0.04232801869511604,-0.05249522253870964,-0.0991164892911911,-0.12177778780460358,0.24438737332820892,0.027762988582253456,-0.4533405303955078,-0.09052293002605438,0.19698069989681244,0.5451796054840088,0.0,0.0,0.0,0.0,0.0,0.0,0.0,-1.0257443189620972,-0.1900009959936142,0.40457209944725037,-0.035988546907901764,-0.5175158977508545,0.012348284013569355,-0.01081062387675047,0.0,0.0,0.0,0.0,-0.0005048307939432561,0.0,0.0
845,1783686203.467639,367304.104030,0.050014,0,,,13,-0.09009376168251038,0.22679533064365387,-0.00268947659060359,-0.3812757432460785,-0.11245814710855484,0.2689564526081085,0.5604425072669983,-0.0020088162273168564,-0.0002685838262550533,-0.002010297030210495,-0.00026879599317908287,-0.0018768270965665579,-0.005483024287968874,-4.109982000954915e-06,-1.012370228767395,-0.18595410883426666,0.5123254656791687,0.18665453791618347,-0.5428118109703064,-0.07123714685440063,-0.059471551328897476,0.13681024312973022,0.1118844673037529,0.1336522251367569,0.11140090972185135,-0.04197966307401657,-0.05220361053943634,-0.09869511425495148,-0.11303447186946869,0.24050264060497284,0.03767700865864754,-0.4469030499458313,-0.09295056015253067,0.1927463710308075,0.5357780456542969,0.0,0.0,0.0,0.0,0.0,0.0,0.0,-0.9581916332244873,-0.1900009959936142,0.3370523750782013,-0.1848158985376358,-0.47744959592819214,0.10009144991636276,0.010651906952261925,0.0,0.0,0.0,0.0,-0.0005048307939432561,0.0,0.0
846,1783686203.517552,367304.154004,0.049974,0,,,14,-0.08672396093606949,0.22679631412029266,0.00360550987534225,-0.37636512517929077,-0.11218879371881485,0.26501399278640747,0.5556101202964783,-0.0019972745794802904,-0.00026670924853533506,-0.0019987761043012142,-0.000266928575001657,-0.001877439091913402,-0.005482333712279797,-3.731488732228172e-06,-0.9701695442199707,-0.1861460953950882,0.47741958498954773,0.07262183725833893,-0.5375922322273254,-0.027069976553320885,-0.024746999144554138,0.13605619966983795,0.1102997437119484,0.13305923342704773,0.1099475547671318,-0.04151975363492966,-0.051788873970508575,-0.09811846166849136,-0.11303447186946869,0.24050264060497284,0.03093547560274601,-0.4469030499458313,-0.09052293002605438,0.1863948553800583,0.5229369401931763,0.0,0.0,0.0,0.0,0.0,0.0,0.0,-0.9195901155471802,-0.1900009959936142,0.31390273571014404,-0.2724813222885132,-0.42909371852874756,0.16083672642707825,0.050894152373075485,0.0,0.0,0.0,0.0,-0.0017351144924759865,0.0,0.0
847,1783686203.567514,367304.203984,0.049980,0,,,15,-0.08403926342725754,0.2263309210538864,0.0058010295033454895,-0.37536486983299255,-0.11214179545640945,0.2608426809310913,0.549521267414093,-0.002001504646614194,-0.00026737729785963893,-0.0020037395879626274,-0.00026771248667500913,-0.001877355040051043,-0.0054832203313708305,-3.7692527712351875e-06,-0.9311918616294861,-0.1854386329650879,0.4416419565677643,-0.026694711297750473,-0.5219926238059998,0.01573541760444641,-0.0012931762030348182,0.13565197587013245,0.1094551831483841,0.13268029689788818,0.10920339077711105,-0.041196778416633606,-0.051500361412763596,-0.09770244359970093,-0.10283394157886505,0.24147382378578186,0.039263252168893814,-0.45253583788871765,-0.09214135259389877,0.18745343387126923,0.5176628828048706,0.0,0.0,0.0,0.0,0.0,0.0,0.0,-0.8742333054542542,-0.1900009959936142,0.2637452185153961,-0.3316045105457306,-0.3890274167060852,0.19908374547958374,0.050894152373075485,0.0,0.0,0.0,0.0,-0.0005048307939432561,0.0,0.0
848,1783686203.694525,367304.331006,0.127022,1,16,0.077014,0,-0.07888178527355194,0.22620868682861328,0.00958486832678318,-0.37304723262786865,-0.11187578737735748,0.2558369040489197,0.5411543846130371,-0.0019870451651513577,-0.0002650354872457683,-0.0019881553016602993,-0.00026519680977799,-0.0018774097552523017,-0.005484363064169884,-3.6887929582007928e-06,-0.883708119392395,-0.18514133989810944,0.3898816704750061,-0.15632882714271545,-0.48751989006996155,0.07757817208766937,0.027709266170859337,0.13445226848125458,0.108393095433712,0.13177019357681274,0.10822515934705734,-0.040765248239040375,-0.05109989270567894,-0.09713350236415863,-0.11740612983703613,0.23564670979976654,0.03252171725034714,-0.42115306854248047,-0.08000318706035614,0.14510999619960785,0.5080320239067078,0.0,0.0,0.0,0.0,0.0,0.0,0.0,-0.9427510499954224,-0.1900009959936142,0.3486271798610687,-0.19500954449176788,-0.47192320227622986,0.09334197640419006,0.061625417321920395,0.0,0.0,0.0,0.0,-0.0005048307939432561,0.0,-0.0013671874767169356
849,1783686203.694756,367304.331296,0.000290,0,,,1,-0.07398322969675064,0.22615282237529755,0.011550557799637318,-0.3727860748767853,-0.11177530884742737,0.2537328004837036,0.5348138809204102,-0.001983062596991658,-0.0002644178457558155,-0.0019842071924358606,-0.00026458819047547877,-0.0018777134828269482,-0.005484727211296558,-3.6990670650993707e-06,-0.8537920117378235,-0.18492980301380157,0.352304071187973,-0.22687427699565887,-0.459728866815567,0.1156684011220932,0.04151267558336258,0.13306277990341187,0.10764652490615845,0.13071072101593018,0.1075105294585228,-0.04045073688030243,-0.050806351006031036,-0.09672128409147263,-0.11303447186946869,0.24050264060497284,0.033314839005470276,-0.4243718087673187,-0.08404923975467682,0.14228710532188416,0.49926111102104187,0.0,0.0,0.0,0.0,0.0,0.0,0.0,-0.9137998819351196,-0.1900009959936142,0.32547757029533386,-0.2847137153148651,-0.4415280818939209,0.15633706748485565,0.04821133613586426,0.0,0.0,0.0,0.0,-0.0005048307939432561,0.0,0.0
850,1783686203.717529,367304.354024,0.022728,0,,,2,-0.06929459422826767,0.2261970341205597,0.016031960025429726,-0.37266406416893005,-0.11162111163139343,0.2522232234477997,0.5297744274139404,-0.0019703952129930258,-0.00026246687048114836,-0.001971488120034337,-0.00026263564359396696,-0.0018781403778120875,-0.005487942602485418,-3.830425157502759e-06,-0.8318598866462708,-0.18567419052124023,0.3134222626686096,-0.2723943591117859,-0.43298181891441345,0.154668927192688,0.049447063356637955,0.13012062013149261,0.10659901797771454,0.12802529335021973,0.10646306723356247,-0.040019262582063675,-0.05039184167981148,-0.096156045794487,-0.10866281390190125,0.24244500696659088,0.04124605655670166,-0.41954371333122253,-0.09214135259389877,0.1345241367816925,0.4938150942325592,0.0,0.0,0.0,0.0,0.0,0.0,0.0,-0.8578276038169861,-0.1900009959936142,0.26760348677635193,-0.3988826274871826,-0.35448750853538513,0.23508094251155853,0.057601191103458405,0.0,0.0,0.0,0.0,0.00113554741255939,0.0,0.0
851,1783686203.767494,367304.404014,0.049990,0,,,3,-0.06909013539552689,0.226274311542511,0.018444407731294632,-0.3669906258583069,-0.11119572073221207,0.24296244978904724,0.5254853963851929,-0.0019459399627521634,-0.00025850473321042955,-0.0019474637228995562,-0.0002587546478025615,-0.0018779251258820295,-0.005490378942340612,-3.853527232422493e-06,-0.8338059782981873,-0.18849317729473114,0.3088762164115906,-0.2694515883922577,-0.42804795503616333,0.16987501084804535,0.050839588046073914,0.1271577924489975,0.10579395294189453,0.12508782744407654,0.10563312470912933,-0.03970882669091225,-0.050088632851839066,-0.09574701637029648,-0.1013767197728157,0.2385602593421936,0.04600478336215019,-0.4227624535560608,-0.09214135259389877,0.12393828481435776,0.4822351634502411,0.0,0.0,0.0,0.0,0.0,0.0,0.0,-0.8105407357215881,-0.1900009959936142,0.24445386230945587,-0.4681994616985321,-0.28264448046684265,0.26432865858078003,0.07503949850797653,0.0,0.0,0.0,0.005859375,-0.0005048307939432561,0.0,-0.0013671874767169356
852,1783686203.817499,367304.454007,0.049994,0,,,4,-0.07288821041584015,0.22581180930137634,0.0169964786618948,-0.3551746606826782,-0.11083385348320007,0.22310611605644226,0.5120992660522461,-0.0019530184799805284,-0.00025961612118408084,-0.001956402324140072,-0.00026014927425421774,-0.0018777502700686455,-0.005495038349181414,-4.091509708814556e-06,-0.8184866905212402,-0.18842443823814392,0.3134979009628296,-0.29717934131622314,-0.4063381850719452,0.20289663970470428,0.06261486560106277,0.12419947236776352,0.10494372993707657,0.12282098084688187,0.10483117401599884,-0.03927797079086304,-0.04971490800380707,-0.09519258141517639,-0.09554784744977951,0.24438737332820892,0.052944596856832504,-0.4243718087673187,-0.09618740528821945,0.12182111293077469,0.4809739589691162,0.0,0.0,0.0,0.0,0.0,0.0,0.0,-0.7729042172431946,-0.1900009959936142,0.19043807685375214,-0.5660585761070251,-0.20803825557231903,0.3430725336074829,0.061625417321920395,0.0,0.0,0.0,0.0,0.001955736428499222,0.0,0.0
853,1783686203.867552,367304.504039,0.050032,0,,,5,-0.07037676870822906,0.22534964978694916,0.01840008795261383,-0.3531196415424347,-0.11070927232503891,0.21017268300056458,0.5038112998008728,-0.001955527812242508,-0.000260048866039142,-0.0019576693885028362,-0.00026038315263576806,-0.001877158647403121,-0.005503693595528603,-4.503645413933555e-06,-0.7852445840835571,-0.18701298534870148,0.30504700541496277,-0.3557959198951721,-0.36893898248672485,0.23136252164840698,0.07406952977180481,0.12375345826148987,0.10453035682439804,0.12244074046611786,0.10443610697984695,-0.038968976587057114,-0.04942541942000389,-0.09479139745235443,-0.09554784744977951,0.24438737332820892,0.0626603364944458,-0.4179343283176422,-0.1067071482539177,0.11264669895172119,0.4791395366191864,0.0,0.0,0.0,0.0,0.0,0.0,0.0,-0.718620777130127,-0.1900009959936142,0.14413882791996002,-0.6353753805160522,-0.13066884875297546,0.3790697455406189,0.05290626361966133,0.0,0.0,0.0,0.0,0.003596114693209529,0.0,0.0
854,1783686203.917541,367304.554025,0.049986,0,,,6,-0.06538797169923782,0.22544865310192108,0.02226387895643711,-0.35173702239990234,-0.11087451130151749,0.19732728600502014,0.4946812093257904,-0.001962253823876381,-0.0002611368545331061,-0.0019626400899142027,-0.00026119095855392516,-0.0018765587592497468,-0.005519312806427479,-5.067628080723807e-06,-0.7366848587989807,-0.1855296641588211,0.2701054513454437,-0.4555853605270386,-0.30135461688041687,0.28517863154411316,0.08258730173110962,0.12326580286026001,0.10397334396839142,0.12196256965398788,0.1038888618350029,-0.038533974438905716,-0.049004871398210526,-0.09423503279685974,-0.08826175332069397,0.2434161901473999,0.07376404106616974,-0.42115306854248047,-0.10751636326313019,0.11123525351285934,0.4697379767894745,0.0,0.0,0.0,0.0,0.0,0.0,0.0,-0.6841206550598145,-0.19095422327518463,0.12484746426343918,-0.6883823871612549,-0.0629706084728241,0.4195665717124939,0.04485781490802765,0.0,0.0,0.0,0.0,-0.0005048307939432561,0.0,0.0
855,1783686203.967631,367304.604102,0.050077,0,,,7,-0.06210143491625786,0.22557957470417023,0.028283381834626198,-0.34798452258110046,-0.11162513494491577,0.190064936876297,0.48985007405281067,-0.00196650717407465,-0.0002618264697957784,-0.001966600539162755,-0.0002618328435346484,-0.0018766531720757484,-0.005534348078072071,-5.513712039828533e-06,-0.7009716629981995,-0.18523192405700684,0.22816944122314453,-0.5262238383293152,-0.24725215137004852,0.32304564118385315,0.08225861936807632,0.12287858128547668,0.10356462001800537,0.12157744914293289,0.10348011553287506,-0.03820832818746567,-0.048708975315093994,-0.09383266419172287,-0.08389009535312653,0.24244500696659088,0.08110041171312332,-0.42598119378089905,-0.10994399338960648,0.10135511308908463,0.46927937865257263,0.0,0.0,0.0,0.0,0.0,0.0,0.0,-0.6358686685562134,-0.20048654079437256,0.07083167135715485,-0.729157030582428,0.0033460301347076893,0.4600634276866913,0.018700355663895607,0.0,0.0,0.0,0.0,0.001955736428499222,0.0,0.0
856,1783686204.017563,367304.654016,0.049914,0,,,8,-0.056086715310811996,0.22577039897441864,0.04234137386083603,-0.3448373079299927,-0.11287391185760498,0.18331067264080048,0.4837881028652191,-0.0019580889493227005,-0.0002604781766422093,-0.001958258217200637,-0.00026050108135677874,-0.0018772718030959368,-0.00554596446454525,-5.241713097348111e-06,-0.6559349298477173,-0.18600685894489288,0.17281942069530487,-0.6065006852149963,-0.17273443937301636,0.3735398054122925,0.07366222143173218,0.12171795219182968,0.10299429297447205,0.12047912925481796,0.10290973633527756,-0.03778929263353348,-0.04830562323331833,-0.09328323602676392,-0.08097565919160843,0.24147382378578186,0.0820918157696724,-0.42598119378089905,-0.10994399338960648,0.09006353467702866,0.46675699949264526,0.0,0.0,0.0,0.0,0.0,0.0,0.0,-0.6011272668838501,-0.21097208559513092,0.0515403188765049,-0.7536217570304871,0.07380745559930801,0.4690627157688141,-0.0161762572824955,0.0,0.0,0.0,0.0,0.001955736428499222,0.0,0.0
857,1783686204.067634,367304.704104,0.050088,0,,,9,-0.05256377160549164,0.22578564286231995,0.050123460590839386,-0.3444555401802063,-0.11398518085479736,0.1776372492313385,0.4804082214832306,-0.0019495192682370543,-0.00025911189732141793,-0.0019509741105139256,-0.0002593431854620576,-0.0018778280355036259,-0.005550222937017679,-4.888137482339516e-06,-0.6217759251594543,-0.1897016167640686,0.13479028642177582,-0.6522208452224731,-0.11720635741949081,0.4075607657432556,0.062081094831228256,0.12053531408309937,0.1025809571146965,0.11941087990999222,0.10249652713537216,-0.03748336806893349,-0.04801417887210846,-0.09288561344146729,-0.07951843738555908,0.24244500696659088,0.09041959047317505,-0.4227624535560608,-0.11560846865177155,0.08582919090986252,0.45575034618377686,0.0,0.0,0.0,0.0,0.0,0.0,0.0,-0.542259931564331,-0.24433520436286926,0.024532422423362732,-0.7984738349914551,0.1732824146747589,0.4780620336532593,-0.05239427834749222,0.0,0.0,0.0,0.0,-0.004605776164680719,0.0,0.0
858,1783686204.117515,367304.754002,0.049898,0,,,10,-0.04886378347873688,0.2257605642080307,0.05778928101062775,-0.3444819152355194,-0.11513179540634155,0.1673646867275238,0.47677797079086304,-0.0019297635881230235,-0.0002559131826274097,-0.001931792707182467,-0.000256236526183784,-0.0018780187238007784,-0.00555657921358943,-4.610906216839794e-06,-0.5754261612892151,-0.20115165412425995,0.09047325700521469,-0.6941778659820557,-0.03915342316031456,0.44587570428848267,0.03486720845103264,0.11854533851146698,0.1020108088850975,0.11757559329271317,0.10192661732435226,-0.03706483170390129,-0.04761744290590286,-0.09234219044446945,-0.07150373607873917,0.24050264060497284,0.10152329504489899,-0.4308093190193176,-0.11965452879667282,0.08018340170383453,0.4415333867073059,0.0,0.0,0.0,0.0,0.0,0.0,0.0,-0.4824275076389313,-0.29009032249450684,-0.010192015208303928,-0.8025513291358948,0.2727573812007904,0.4690627157688141,-0.11275764554738998,0.005859375,0.0,0.0,0.005859375,-0.0013250198680907488,0.0,0.0
859,1783686204.167510,367304.803984,0.049981,0,,,11,-0.0472683310508728,0.22565101087093353,0.06154816597700119,-0.34453895688056946,-0.1167655661702156,0.1603887379169464,0.47152426838874817,-0.0019213143968954682,-0.0002545036841183901,-0.001923493342474103,-0.0002548463235143572,-0.001877877744846046,-0.00556432968005538,-4.7435969463549554e-06,-0.5358102321624756,-0.2190561443567276,0.06626015901565552,-0.7213298678398132,0.024815082550048828,0.4674113392829895,0.010700630955398083,0.11668669432401657,0.10159619152545929,0.11583628505468369,0.10151316970586777,-0.03679598495364189,-0.04734451323747635,-0.09195124357938766,-0.0678606852889061,0.24244500696659088,0.10509233921766281,-0.4291999340057373,-0.11965452879667282,0.0731261596083641,0.43740588426589966,0.0,0.0,0.0,0.0,0.0,0.0,0.0,-0.43514060974121094,-0.3186872601509094,-0.02562509849667549,-0.8107062578201294,0.34736359119415283,0.4555637836456299,-0.14763425290584564,0.0,0.0,0.0,0.0,-0.004605776164680719,0.0,0.0
860,1783686204.217536,367304.854019,0.050035,0,,,12,-0.042344704270362854,0.22508828341960907,0.06989649683237076,-0.34614115953445435,-0.11994101852178574,0.15196938812732697,0.46088436245918274,-0.0019186425488442183,-0.0002540484711062163,-0.0019202419789507985,-0.0002542989677749574,-0.0018775025382637978,-0.005576889030635357,-4.99477482662769e-06,-0.472210556268692,-0.25860393047332764,0.03594619408249855,-0.7470463514328003,0.1256026327610016,0.4821356534957886,-0.0323261022567749,0.1154133602976799,0.10103394091129303,0.11426015943288803,0.10097284615039825,-0.03642810881137848,-0.04695580527186394,-0.09141336381435394,-0.06421764194965363,0.23953144252300262,0.11143731325864792,-0.4308093190193176,-0.1228913739323616,0.06465747207403183,0.4341956079006195,0.0,0.0,0.0,0.0,0.0,0.0,0.0,-0.35986757278442383,-0.34251806139945984,-0.04491645470261574,-0.818861186504364,0.39433786273002625,0.4060676395893097,-0.15836551785469055,0.0029296875,0.0,0.0,0.0,-0.002555303508415818,0.0,0.0
861,1783686204.267580,367304.904063,0.050044,0,,,13,-0.03857812285423279,0.22505785524845123,0.07620403170585632,-0.3467447757720947,-0.12150583416223526,0.14605498313903809,0.4547441601753235,-0.0019111214205622673,-0.00025285998708568513,-0.0019123946549370885,-0.00025305902818217874,-0.001877275062724948,-0.005586269311606884,-5.088961643195944e-06,-0.42689627408981323,-0.2857639193534851,0.014983887784183025,-0.7539100646972656,0.19441841542720795,0.4864060580730438,-0.06499128043651581,0.11473944038152695,0.10062472522258759,0.1133480817079544,0.100570909678936,-0.03617270663380623,-0.046677738428115845,-0.09102468192577362,-0.06348902732133865,0.23953144252300262,0.11183387041091919,-0.4291999340057373,-0.12774664163589478,0.06606891751289368,0.4250233769416809,0.0,0.0,0.0,0.0,0.0,0.0,0.0,-0.3174058794975281,-0.3477608263492584,-0.056491266936063766,-0.818861186504364,0.4109170436859131,0.3970683217048645,-0.1744624227285385,0.0,0.0,0.0,0.0087890625,0.00031535830930806696,0.0,0.0
862,1783686204.317557,367304.954020,0.049957,0,,,14,-0.033910419791936874,0.22460725903511047,0.08355453610420227,-0.34747445583343506,-0.12394101917743683,0.13791538774967194,0.4478946924209595,-0.0018992619588971138,-0.00025098014157265425,-0.0019007496302947402,-0.00025120892678387463,-0.0018770977621898055,-0.005600884091109037,-5.292662535794079e-06,-0.35651811957359314,-0.31499379873275757,-0.008465501479804516,-0.7585731148719788,0.27406784892082214,0.4781818985939026,-0.10082278400659561,0.11321521550416946,0.10006186366081238,0.1116451844573021,0.10001181066036224,-0.03581748530268669,-0.04631393402814865,-0.09049557149410248,-0.05766015499830246,0.2385602593421936,0.12492037564516068,-0.4332233667373657,-0.13745717704296112,0.04772009700536728,0.4094305634498596,0.0,0.0,0.0,0.0,0.0,0.0,0.0,-0.24406293034553528,-0.3496673107147217,-0.0719243511557579,-0.8310935497283936,0.46065449714660645,0.3925686776638031,-0.17982804775238037,0.0,0.0,0.0,0.0,-0.002555303508415818,0.0,0.0
863,1783686204.367508,367305.003988,0.049968,0,,,15,-0.031802430748939514,0.22436527907848358,0.08817105740308762,-0.34760352969169617,-0.12640219926834106,0.13398045301437378,0.4428471624851227,-0.0018806103616952896,-0.0002479488030076027,-0.0018825141014531255,-0.0002482370473444462,-0.0018771491013467312,-0.005609148647636175,-5.164356934983516e-06,-0.311219185590744,-0.3260020911693573,-0.02016359567642212,-0.7590489387512207,0.3173215985298157,0.47213467955589294,-0.12173676490783691,0.11199691891670227,0.09965400397777557,0.1103873923420906,0.09962832927703857,-0.035544026643037796,-0.046045463532209396,-0.09011182934045792,-0.05766015499830246,0.23661789298057556,0.12690317630767822,-0.42598119378089905,-0.1406940221786499,0.04489720240235329,0.4057616889476776,0.0,0.0,0.0,0.0,0.0,0.0,0.0,-0.20353129506111145,-0.346807599067688,-0.07578261941671371,-0.8107062578201294,0.45512813329696655,0.3610711395740509,-0.17714524269104004,0.0,0.0,0.0,0.0,-0.0005048307939432561,0.0,0.0
864,1783686204.497914,367305.134369,0.130381,1,16,0.080264,0,-0.028058594092726707,0.22300375998020172,0.09411264210939407,-0.34837061166763306,-0.13242408633232117,0.12476498633623123,0.4311707317829132,-0.001871796092018485,-0.0002465117140673101,-0.0018750722520053387,-0.0002470161416567862,-0.0018772062612697482,-0.005623802542686462,-5.392669208958978e-06,-0.2430727332830429,-0.3321661651134491,-0.035451438277959824,-0.76321941614151,0.3715936541557312,0.46183067560195923,-0.14309397339820862,0.10997944325208664,0.0990942195057869,0.1086236909031868,0.09908219426870346,-0.03518267720937729,-0.045701928436756134,-0.08959051221609116,-0.064946249127388,0.23273314535617828,0.1308687925338745,-0.39057499170303345,-0.1228913739323616,0.013845350593328476,0.3782449960708618,0.0,0.0,0.0,0.0,0.0,0.0,0.0,-0.24985314905643463,-0.3711149990558624,-0.04105818271636963,-0.8147836923599243,0.5159183740615845,0.3880690336227417,-0.23885001242160797,0.0,0.0,0.0,0.0,-0.0013250198680907488,0.0,0.0
865,1783686204.498168,367305.134702,0.000332,0,,,1,-0.02626374550163746,0.22208382189273834,0.09957098215818405,-0.34835943579673767,-0.13613370060920715,0.11886175721883774,0.42495012283325195,-0.0018602429190650582,-0.0002446894650347531,-0.0018629314145073295,-0.0002451019245199859,-0.0018771409522742033,-0.005636504851281643,-5.556799351325026e-06,-0.2010846734046936,-0.33269330859184265,-0.04099832847714424,-0.7597771286964417,0.3974975049495697,0.4514898955821991,-0.15265272557735443,0.108624167740345,0.09868914633989334,0.10738448053598404,0.09867676347494125,-0.034918125718832016,-0.04544225335121155,-0.08921153843402863,-0.06421764194965363,0.2337043434381485,0.12650662660598755,-0.39057499170303345,-0.12936505675315857,0.0025537682231515646,0.3718244135379791,0.0,0.0,0.0,0.0,0.0,0.0,0.0,-0.1842305213212967,-0.36968517303466797,-0.04877472296357155,-0.8025513291358948,0.49933922290802,0.3565714955329895,-0.2334843873977661,0.0,0.0,0.0,0.0,0.00113554741255939,0.0,0.0
866,1783686204.517591,367305.154100,0.019398,0,,,2,-0.02567455545067787,0.2215459644794464,0.10330633074045181,-0.348128080368042,-0.13943782448768616,0.1137467548251152,0.4196456968784332,-0.0018374491482973099,-0.00024104346812237054,-0.001839419943280518,-0.0002413439506199211,-0.0018771208124235272,-0.005648080725222826,-5.308024810801726e-06,-0.17217455804347992,-0.3327542841434479,-0.043623313307762146,-0.7478883862495422,0.4189484119415283,0.4445016384124756,-0.16196131706237793,0.1067303791642189,0.09813243895769119,0.10558381676673889,0.09811945259571075,-0.03455226495862007,-0.0450863316655159,-0.08869316428899765,-0.05766015499830246,0.23079077899456024,0.12373069673776627,-0.39057499170303345,-0.13260190188884735,-0.005914919078350067,0.35347995162010193,0.0,0.0,0.0,0.0,0.0,0.0,0.0,-0.12632818520069122,-0.35491007566452026,-0.060349538922309875,-0.8066287636756897,0.49933922290802,0.3340732455253601,-0.18787650763988495,0.0,0.0,0.0025952463038265705,0.0029296875,0.004826398566365242,0.0,-0.004101562313735485
867,1783686204.567544,367305.204005,0.049906,0,,,3,-0.02656005509197712,0.22050344944000244,0.10349780321121216,-0.3429100811481476,-0.1402498036623001,0.10490608215332031,0.41249409317970276,-0.0018242420628666878,-0.00023882059031166136,-0.0018265655962750316,-0.00023918111401144415,-0.0018763303523883224,-0.005658323410898447,-5.35448316441034e-06,-0.16347664594650269,-0.33743444085121155,-0.04205998033285141,-0.7438098192214966,0.4333455264568329,0.4397042393684387,-0.1738177239894867,0.10526305437088013,0.09772831946611404,0.1042274460196495,0.09771519899368286,-0.03428345546126366,-0.04484490677714348,-0.08832049369812012,-0.05547432601451874,0.23176196217536926,0.1296791136264801,-0.4002312421798706,-0.14393086731433868,-0.008737814612686634,0.350728303194046,0.0,0.0,0.0,0.0,0.0,0.0,0.0,-0.07614617049694061,-0.34299468994140625,-0.0680660828948021,-0.7780865430831909,0.4496017396450043,0.3070753514766693,-0.14361003041267395,0.0,0.0,0.0,0.0,-0.0037855871487408876,0.0,-0.0013671874767169356
868,1783686204.617496,367305.253984,0.049978,0,,,4,-0.02748836763203144,0.2173226773738861,0.10301943868398666,-0.32548385858535767,-0.14068518579006195,0.08432814478874207,0.3909076154232025,-0.001818617107346654,-0.0002379148209001869,-0.0018219704506918788,-0.0002384249964961782,-0.0018759573576971889,-0.005671133752912283,-5.340907136996975e-06,-0.12863461673259735,-0.34361159801483154,-0.0379810631275177,-0.744550347328186,0.45686858892440796,0.41871559619903564,-0.18589510023593903,0.10346397012472153,0.09717600792646408,0.10276612639427185,0.0971701592206955,-0.033892497420310974,-0.044548872858285904,-0.08782599121332169,-0.05401710793375969,0.23273314535617828,0.13166190683841705,-0.4002312421798706,-0.15890125930309296,-0.020029397681355476,0.3397216200828552,0.0,0.0,0.0,0.0,0.0,0.0,0.0,-0.025964148342609406,-0.32250019907951355,-0.060349538922309875,-0.7536217570304871,0.42196980118751526,0.2755777835845947,-0.11812327802181244,0.0,0.0,0.0,0.0,-0.0013250198680907488,0.0,0.0
869,1783686204.667530,367305.303994,0.050011,0,,,5,-0.024263454601168633,0.21635010838508606,0.10395817458629608,-0.3230980634689331,-0.1427207887172699,0.07449812442064285,0.3791045844554901,-0.0018093542894348502,-0.00023646951012779027,-0.0018136317376047373,-0.00023712711117696017,-0.0018763249972835183,-0.005685117095708847,-5.666008291882463e-06,-0.0851164236664772,-0.33651626110076904,-0.03823870047926903,-0.7393244504928589,0.45803403854370117,0.39737358689308167,-0.17348681390285492,0.10292603075504303,0.0967801958322525,0.10233020037412643,0.09677699208259583,-0.033642563968896866,-0.04432110860943794,-0.08746595680713654,-0.04891683906316757,0.23273314535617828,0.1284894198179245,-0.39701250195503235,-0.16901640594005585,-0.027086636051535606,0.3259632885456085,0.0,0.0,0.0,0.0,0.0,0.0,0.0,0.0010569391306489706,-0.3091549575328827,-0.056491266936063766,-0.7169246077537537,0.3777587115764618,0.24183042347431183,-0.1047092005610466,0.005859375,0.0,0.0025952463038265705,0.0087890625,-0.0013250198680907488,-0.0027343749534338713,-0.0027343749534338713
870,1783686204.717526,367305.354009,0.050015,0,,,6,-0.02167089842259884,0.216166153550148,0.10672791302204132,-0.32250335812568665,-0.14975854754447937,0.061489224433898926,0.3651949465274811,-0.0017890178132802248,-0.00023319116735365242,-0.0017937335651367903,-0.00023391838476527482,-0.0018766148714348674,-0.005705174058675766,-5.904753834329313e-06,-0.02808792144060135,-0.3201441466808319,-0.03754623234272003,-0.7126649618148804,0.448361337184906,0.3691393733024597,-0.15239304304122925,0.10237275809049606,0.09623811393976212,0.10177919268608093,0.09623820334672928,-0.03330520540475845,-0.04400315880775452,-0.0869646742939949,-0.0481882318854332,0.23079077899456024,0.12690317630767822,-0.3937937319278717,-0.16982561349868774,-0.034143876284360886,0.3167910575866699,0.0,0.0,0.0,0.0,0.0,0.0,0.0,0.028078027069568634,-0.2948564887046814,-0.06420780718326569,-0.6965373158454895,0.3639427423477173,0.22833146154880524,-0.0939779281616211,0.0,0.0,0.0,0.0,0.00113554741255939,0.0,0.0
871,1783686204.767512,367305.403984,0.049975,0,,,7,-0.019640766084194183,0.2161230742931366,0.10756099224090576,-0.3218707740306854,-0.15589119493961334,0.0527273453772068,0.35498398542404175,-0.0017710134852677584,-0.00023028600844554603,-0.001774909091182053,-0.00023088381567504257,-0.001876477967016399,-0.005715957377105951,-5.7596657825342845e-06,0.004918837454169989,-0.3075723648071289,-0.035784509032964706,-0.6817617416381836,0.4314151108264923,0.3491120934486389,-0.13858099281787872,0.10198070108890533,0.09584471583366394,0.1013789251446724,0.09586812555789948,-0.0330561101436615,-0.04378269612789154,-0.08660753071308136,-0.042359355837106705,0.22981959581375122,0.13205847144126892,-0.395403116941452,-0.17306245863437653,-0.03696677088737488,0.30853602290153503,0.0,0.0,0.0,0.0,0.0,0.0,0.0,0.055099114775657654,-0.28723061084747314,-0.056491266936063766,-0.68430495262146,0.31696847081184387,0.19233426451683044,-0.07251539826393127,0.0,0.0,0.0,0.0,0.0007254528463818133,0.0,0.0
872,1783686204.817529,367305.453992,0.050008,0,,,8,-0.017234181985259056,0.21590158343315125,0.1076667383313179,-0.32031139731407166,-0.16214138269424438,0.04225454106926918,0.3414857089519501,-0.0017544522415846586,-0.00022768809867557138,-0.0017568800831213593,-0.00022805649496149272,-0.0018760781968012452,-0.005735933315008879,-6.012046924297465e-06,0.0418696366250515,-0.291280061006546,-0.03563043847680092,-0.640598475933075,0.4060913622379303,0.32700425386428833,-0.12301355600357056,0.10129188001155853,0.09530241042375565,0.10067113488912582,0.09533865749835968,-0.03269977867603302,-0.04349711537361145,-0.08611661940813065,-0.04163074493408203,0.22496366500854492,0.12690317630767822,-0.39057499170303345,-0.1702302247285843,-0.041201114654541016,0.29936379194259644,0.0,0.0,0.0,0.0,0.0,0.0,0.0,0.06281942129135132,-0.2748386263847351,-0.060349538922309875,-0.663917601108551,0.2838101387023926,0.18558479845523834,-0.03495597094297409,0.0,0.0,0.0,0.0,0.001955736428499222,0.0,0.0
873,1783686204.867543,367305.503994,0.050002,0,,,9,-0.014651107601821423,0.2155647575855255,0.10795485228300095,-0.3200052082538605,-0.1651940941810608,0.03691656142473221,0.33379659056663513,-0.0017445250414311886,-0.00022614788031205535,-0.0017460457747802138,-0.00022637266374658793,-0.0018757673678919673,-0.005748184397816658,-6.087796919018729e-06,0.06308963149785995,-0.2832145094871521,-0.03543071076273918,-0.6209156513214111,0.3848862051963806,0.3114337623119354,-0.11155938357114792,0.10068449378013611,0.09495818614959717,0.10001968592405319,0.09499385207891464,-0.03247219696640968,-0.043320637196302414,-0.08580423891544342,-0.03580187261104584,0.22496366500854492,0.12888598442077637,-0.3889656364917755,-0.16375653445720673,-0.04543545842170715,0.28652268648147583,0.0,0.0,0.0,0.0,0.0,0.0,0.0,0.07826004177331924,-0.2719789147377014,-0.056491266936063766,-0.6516852378845215,0.2727573812007904,0.16308654844760895,-0.05641850084066391,0.0,0.0,0.0,0.0,-0.004195681773126125,0.0,0.0
874,1783686204.917582,367305.554049,0.050055,0,,,10,-0.011117247864603996,0.21275635063648224,0.10852242261171341,-0.31698283553123474,-0.1674705594778061,0.029559778049588203,0.32159489393234253,-0.0017186402110382915,-0.0002220718452008441,-0.0017199001740664244,-0.00022225023712962866,-0.0018754155607894063,-0.005769482813775539,-6.138292974355863e-06,0.08605500310659409,-0.27003252506256104,-0.0353044793009758,-0.5942371487617493,0.3461298644542694,0.28764182329177856,-0.08546450734138489,0.09949645400047302,0.09437047690153122,0.09887044131755829,0.09440577775239944,-0.032082464545965195,-0.04301287978887558,-0.08527030050754547,-0.031430214643478394,0.22496366500854492,0.1324550360441208,-0.3825281262397766,-0.1609243005514145,-0.0468469075858593,0.28193655610084534,0.0,0.0,0.0,0.0,0.0,0.0,0.0,0.07826004177331924,-0.2662595212459564,-0.05263299494981766,-0.6312979459762573,0.2534150183200836,0.14958760142326355,-0.04300441965460777,0.005859375,0.0,0.0,0.0,-0.002965398132801056,0.0,0.0
875,1783686204.967542,367305.604035,0.049986,0,,,11,-0.008051502518355846,0.2112341821193695,0.10855332016944885,-0.31466418504714966,-0.16791372001171112,0.025440089404582977,0.31221699714660645,-0.001707378076389432,-0.0002202778559876606,-0.001707651885226369,-0.00022030450054444373,-0.0018752007745206356,-0.005781577434390783,-6.040300831955392e-06,0.09678855538368225,-0.264153391122818,-0.034546710550785065,-0.5813375115394592,0.32523113489151,0.27074456214904785,-0.07623180747032166,0.09907209128141403,0.09398368746042252,0.09845937788486481,0.09401879459619522,-0.031856290996074677,-0.04280887171626091,-0.08491584658622742,-0.033616043627262115,0.22496366500854492,0.1284894198179245,-0.3777000308036804,-0.15971048176288605,-0.048258353024721146,0.27918490767478943,0.0,0.0,0.0,0.0,0.0,0.0,0.0,0.0859803557395935,-0.2624466121196747,-0.05263299494981766,-0.6149880886077881,0.2395990490913391,0.13608865439891815,-0.051052868366241455,0.0,0.0,0.0,0.0,0.002775925677269697,0.0,0.0
876,1783686205.017492,367305.653983,0.049948,0,,,12,-0.0037543009966611862,0.21067827939987183,0.1087762787938118,-0.309566468000412,-0.16814470291137695,0.020990589633584023,0.30184006690979004,-0.0016930211568251252,-0.00021805320284329355,-0.0016926979878917336,-0.00021798368834424764,-0.001874915906228125,-0.005802069790661335,-6.215389475983102e-06,0.10369344800710678,-0.25799793004989624,-0.03407715633511543,-0.5632349252700806,0.29947954416275024,0.24831436574459076,-0.06605776399374008,0.09854001551866531,0.09345368295907974,0.09790898859500885,0.09348855912685394,-0.03154962882399559,-0.04252951964735985,-0.08443097770214081,-0.03288743272423744,0.22302129864692688,0.1257134974002838,-0.3760906457901001,-0.15485520660877228,-0.055315591394901276,0.26817822456359863,0.0,0.0,0.0,0.0,0.0,0.0,0.0,0.08212020248174667,-0.25863367319107056,-0.04877472296357155,-0.6027557253837585,0.22025670111179352,0.12483952939510345,-0.06178413704037666,0.0029296875,0.0,0.0,0.0,-0.0037855871487408876,0.0,-0.0013671874767169356
877,1783686205.067490,367305.703981,0.049999,0,,,13,-0.0026693909894675016,0.2104485034942627,0.10884889960289001,-0.30504730343818665,-0.16818395256996155,0.019223565235733986,0.29679375886917114,-0.0016825583297759295,-0.0002164190955227241,-0.0016823295736685395,-0.00021636510791722685,-0.0018749905284494162,-0.0058152396231889725,-6.274082807067316e-06,0.10670291632413864,-0.25472164154052734,-0.03359810262918472,-0.5521631240844727,0.2849731743335724,0.2349037230014801,-0.0628291666507721,0.09819943457841873,0.09311867505311966,0.09756504744291306,0.0931534543633461,-0.03132878988981247,-0.042355604469776154,-0.08412442356348038,-0.02705855667591095,0.22205011546611786,0.1284894198179245,-0.36804378032684326,-0.14757230877876282,-0.06096138432621956,0.26267489790916443,0.0,0.0,0.0,0.0,0.0,0.0,0.0,0.09370066970586777,-0.259586900472641,-0.07578261941671371,-0.5905233025550842,0.1926247626543045,0.11359040439128876,-0.05641850084066391,0.0,0.01171875,0.0,0.0,0.00031535830930806696,-0.0013671874767169356,-0.004101562313735485
878,1783686205.117510,367305.753992,0.050011,0,,,14,-0.0014964743750169873,0.2092234343290329,0.10886509716510773,-0.29911428689956665,-0.16786563396453857,0.015122788026928902,0.28744417428970337,-0.0016593821346759796,-0.00021273303718771785,-0.0016598704969510436,-0.00021279838983900845,-0.0018753643380478024,-0.005831755232065916,-5.96412064624019e-06,0.1087271198630333,-0.2500409185886383,-0.032376959919929504,-0.5343486070632935,0.2607167959213257,0.2157520204782486,-0.061993468552827835,0.09762196987867355,0.09255233407020569,0.09697933495044708,0.09258191287517548,-0.030984116718173027,-0.04205866530537605,-0.08360791951417923,-0.028515776619315147,0.22302129864692688,0.1245238184928894,-0.3632156550884247,-0.1406940221786499,-0.05954993516206741,0.25350266695022583,0.0,0.0,0.0,0.0,0.0,0.0,0.0,0.08984050899744034,-0.2567272186279297,-0.056491266936063766,-0.5864458680152893,0.18986158072948456,0.10459110140800476,-0.05641850084066391,0.005859375,0.0,0.0,0.0,-0.002145209116861224,0.0,0.0
879,1783686205.167556,367305.804013,0.050021,0,,,15,0.000393151945900172,0.20829059183597565,0.10882148146629333,-0.29562026262283325,-0.16701191663742065,0.010820204392075539,0.2808372974395752,-0.001651179394684732,-0.00021144913625903428,-0.0016508533153682947,-0.00021138951706234366,-0.0018751360476016998,-0.005842533893883228,-5.861664249096066e-06,0.11237629503011703,-0.24842673540115356,-0.03507428616285324,-0.5246241688728333,0.24303671717643738,0.20382940769195557,-0.06063377112150192,0.0972481295466423,0.09220949560403824,0.09660235792398453,0.09220462292432785,-0.030750591307878494,-0.04186876490712166,-0.08327436447143555,-0.027787167578935623,0.22302129864692688,0.11857540905475616,-0.36160629987716675,-0.13907559216022491,-0.055315591394901276,0.25350266695022583,0.0,0.0,0.0,0.0,0.0,0.0,0.0,0.0859803557395935,-0.2510078251361847,-0.060349538922309875,-0.5579036474227905,0.20091435313224792,0.09334197640419006,-0.06446695327758789,0.0029296875,0.0,0.0,0.005859375,0.001955736428499222,-0.0013671874767169356,0.0
880,1783686205.295319,367305.931779,0.127765,1,16,0.077792,0,0.0021077082492411137,0.20811812579631805,0.10876774042844772,-0.2895601689815521,-0.16389882564544678,0.0077604083344340324,0.27262741327285767,-0.0016314778476953506,-0.00020832476729992777,-0.0016303089214488864,-0.00020813023729715496,-0.0018749936716631055,-0.00585927115753293,-5.883069206902292e-06,0.11480051279067993,-0.24663671851158142,-0.0371691919863224,-0.5116912126541138,0.22556088864803314,0.18946573138237,-0.06037129834294319,0.09672608226537704,0.09170696884393692,0.09606582671403885,0.09168831259012222,-0.030436446890234947,-0.04160379618406296,-0.08280597627162933,-0.037259090691804886,0.22302129864692688,0.12531693279743195,-0.3406844437122345,-0.13179269433021545,-0.0651957243680954,0.24433042109012604,0.0,0.0,0.0,0.0,0.0,0.0,0.0,0.12072174996137619,-0.23480288684368134,-0.09121570736169815,-0.5538261532783508,0.18433518707752228,0.04384583234786987,-0.06849117577075958,0.0,0.0,0.0,0.0029296875,-0.002965398132801056,0.0,0.0
881,1783686205.295576,367305.932112,0.000333,0,,,1,0.002520351205021143,0.20804043114185333,0.10788645595312119,-0.2862253785133362,-0.1620013266801834,0.007544283755123615,0.2687641978263855,-0.001620415598154068,-0.00020660053996834904,-0.0016196873039007187,-0.0002064749860437587,-0.0018752088071778417,-0.005867828615009785,-5.753881396231009e-06,0.11437218636274338,-0.24370118975639343,-0.037193551659584045,-0.5004295706748962,0.22085785865783691,0.17987360060214996,-0.06040019914507866,0.09640131145715714,0.09137856960296631,0.09573298692703247,0.0913761779665947,-0.030223939567804337,-0.041436560451984406,-0.08250506222248077,-0.037259090691804886,0.22205011546611786,0.12095477432012558,-0.3422938287258148,-0.11965452879667282,-0.062372833490371704,0.24433042109012604,0.0,0.0,0.0,0.0,0.0,0.0,0.0,0.11686159670352936,-0.2309899628162384,-0.08349916338920593,-0.5375162959098816,0.1497952789068222,0.037096358835697174,-0.07788103073835373,0.005859375,0.0,0.0,0.0,-0.004605776164680719,0.0,0.0
882,1783686205.317482,367305.953978,0.021866,0,,,2,0.0030823962297290564,0.20789901912212372,0.10568836331367493,-0.2837975025177002,-0.15996450185775757,0.00735577242448926,0.264520525932312,-0.0016063835937529802,-0.00020440135267563164,-0.001606154371984303,-0.00020435871556401253,-0.001875626272521913,-0.005882008001208305,-5.706490810553078e-06,0.11407533288002014,-0.240854874253273,-0.03719053789973259,-0.486191064119339,0.2168448269367218,0.17167142033576965,-0.060574281960725784,0.09589071571826935,0.09086494147777557,0.09520959854125977,0.09089541435241699,-0.029882725328207016,-0.04118242487311363,-0.08203526586294174,-0.038716308772563934,0.22107893228530884,0.11342011392116547,-0.3422938287258148,-0.11560846865177155,-0.05672704055905342,0.23148930072784424,0.0,0.0,0.0,0.0,0.0,0.0,0.0,0.12072174996137619,-0.2281302660703659,-0.09893224388360977,-0.5171290040016174,0.1456504762172699,0.028097057715058327,-0.09129511564970016,0.0029296875,0.0,0.0,0.0,0.00031535830930806696,-0.0013671874767169356,0.0
883,1783686205.367570,367306.004044,0.050066,0,,,3,0.001659537199884653,0.20772245526313782,0.1043981984257698,-0.2797081470489502,-0.1557653397321701,0.005906405858695507,0.2606014907360077,-0.0016028506215661764,-0.0002038360107690096,-0.001600806717760861,-0.00020351856073830277,-0.001875281217508018,-0.005894839763641357,-5.864201739314012e-06,0.11924505233764648,-0.2347690761089325,-0.03982418030500412,-0.47863754630088806,0.20705144107341766,0.15846040844917297,-0.06100209057331085,0.09554145485162735,0.09049593657255173,0.09484502673149109,0.09054114669561386,-0.029655620455741882,-0.04099814221262932,-0.08169517666101456,-0.03434465080499649,0.22205011546611786,0.1027129739522934,-0.3406844437122345,-0.10266109555959702,-0.05249269679188728,0.23332373797893524,0.0,0.0,0.0,0.0,0.0,0.0,0.0,0.1091412901878357,-0.2281302660703659,-0.09121570736169815,-0.5130515694618225,0.16222964227199554,0.01684793457388878,-0.09129511564970016,0.0,0.0,0.0,0.0,-0.0009149253601208329,0.0,0.0
884,1783686205.417554,367306.054039,0.049995,0,,,4,-0.001508558401837945,0.20746229588985443,0.1036975085735321,-0.2703081965446472,-0.14611674845218658,0.004395153373479843,0.25311726331710815,-0.001583527191542089,-0.00020070478785783052,-0.0015805752482265234,-0.0002002419496420771,-0.001874916604720056,-0.005905875936150551,-5.466709808388259e-06,0.13262958824634552,-0.22220318019390106,-0.05168675258755684,-0.46143168210983276,0.18782339990139008,0.12970447540283203,-0.06630899757146835,0.09508167207241058,0.08999387919902802,0.09436564147472382,0.09004023671150208,-0.02936084382236004,-0.04073456674814224,-0.0812280923128128,-0.03215882554650307,0.22496366500854492,0.09319551289081573,-0.3422938287258148,-0.10023345798254013,-0.04261256381869316,0.23148930072784424,0.0,0.0,0.0,0.0,0.0,0.0,0.0,0.10142097622156143,-0.2281302660703659,-0.09507397562265396,-0.5069353580474854,0.14288729429244995,0.004473897162824869,-0.08056385070085526,0.0029296875,0.005859375,0.0,0.0146484375,-0.0013250198680907488,-0.0027343749534338713,-0.0054687499068677425
885,1783686205.467534,367306.104024,0.049985,0,,,5,-0.0016781841404736042,0.20745229721069336,0.09963247925043106,-0.2661707103252411,-0.1381123811006546,0.004444815218448639,0.24907788634300232,-0.0015624426305294037,-0.0001973329490283504,-0.0015595461009070277,-0.00019687633903231472,-0.0018748784204944968,-0.0059091756120324135,-5.033220531913685e-06,0.13537757098674774,-0.21894365549087524,-0.06130122020840645,-0.44458433985710144,0.18117843568325043,0.1153164952993393,-0.07258015125989914,0.09470417350530624,0.08962671458721161,0.09398739039897919,0.08967532217502594,-0.029139751568436623,-0.040543489158153534,-0.08089210093021393,-0.03434465080499649,0.22107893228530884,0.08288493752479553,-0.3455125689506531,-0.09052293002605438,-0.03696677088737488,0.23515819013118744,0.0,0.0,0.0,0.0,0.0,0.0,0.0,0.10142097622156143,-0.22336409986019135,-0.09121570736169815,-0.48858678340911865,0.1456504762172699,0.007848634384572506,-0.09129511564970016,0.005859375,0.0,0.0,0.0,-0.0033754927571862936,0.0,0.0
886,1783686205.517585,367306.154059,0.050035,0,,,6,-0.0013391230022534728,0.20764940977096558,0.08821617811918259,-0.26409876346588135,-0.12903939187526703,0.007313328329473734,0.24444854259490967,-0.0015427923062816262,-0.00019418606825638562,-0.001540822209790349,-0.00019387007341720164,-0.0018753050826489925,-0.005915905814617872,-4.885458110948093e-06,0.13389313220977783,-0.21709176898002625,-0.06905888020992279,-0.4287053346633911,0.17083510756492615,0.09938902407884598,-0.07579059153795242,0.09417998045682907,0.08914157003164291,0.09345410764217377,0.08922266215085983,-0.028846753761172295,-0.040296245366334915,-0.08045202493667603,-0.031430214643478394,0.22107893228530884,0.08883334696292877,-0.33907508850097656,-0.08890450745820999,-0.03837822005152702,0.22965484857559204,0.0,0.0,0.0,0.0,0.0,0.0,0.0,0.0975608229637146,-0.2224108725786209,-0.10279051959514618,-0.5089740753173828,0.13183452188968658,0.006723721977323294,-0.08056385070085526,0.0,0.0029296875,0.0,0.0,0.006056682206690311,0.0,0.0
887,1783686205.567627,367306.204103,0.050043,0,,,7,-0.0012985293287783861,0.20757712423801422,0.07863455265760422,-0.26392191648483276,-0.12256825715303421,0.010346422903239727,0.24216559529304504,-0.0015387404710054398,-0.00019355247786734253,-0.0015372189227491617,-0.00019330841314513236,-0.0018754919292405248,-0.005923106335103512,-4.98359167977469e-06,0.13130539655685425,-0.21472635865211487,-0.07009421288967133,-0.4207751154899597,0.16550388932228088,0.09063932299613953,-0.0782833844423294,0.09381667524576187,0.08878304809331894,0.0930762067437172,0.08887409418821335,-0.02864401414990425,-0.04011279717087746,-0.08012498915195465,-0.03288743272423744,0.22302129864692688,0.07574684172868729,-0.3422938287258148,-0.08324002474546432,-0.03132098168134689,0.22965484857559204,0.0,0.0,0.0,0.0,0.0,0.0,0.0,0.0975608229637146,-0.22431734204292297,-0.09507397562265396,-0.5008191466331482,0.11801855266094208,-0.004525402095168829,-0.09934356063604355,0.0,0.0,0.0,0.0,0.0007254528463818133,0.0,0.0
888,1783686205.617531,367306.253997,0.049895,0,,,8,-0.0011823148233816028,0.2069542407989502,0.07108966261148453,-0.2631673216819763,-0.11539071053266525,0.0131598599255085,0.2374677062034607,-0.0015514196129515767,-0.00019558673375286162,-0.0015496559208258986,-0.00019530876306816936,-0.001875611487776041,-0.005937162786722183,-5.339521067071473e-06,0.12851974368095398,-0.2115451544523239,-0.0713806226849556,-0.4190341532230377,0.15629790723323822,0.08423703163862228,-0.07892947643995285,0.09331972151994705,0.08829614520072937,0.0925726667046547,0.0883757472038269,-0.02830706723034382,-0.03985508531332016,-0.07966820895671844,-0.03434465080499649,0.22010774910449982,0.07495371997356415,-0.3358563184738159,-0.07919397205114365,-0.028498083353042603,0.22782041132450104,0.0,0.0,0.0,0.0,0.0,0.0,0.0,0.0975608229637146,-0.2252705693244934,-0.10279051959514618,-0.5028579235076904,0.12768971920013428,-0.01014996413141489,-0.1047092005610466,0.0,0.0,0.0,0.005859375,-0.004195681773126125,0.0,0.0
889,1783686205.667496,367306.303984,0.049986,0,,,9,-0.0011193108512088656,0.2069847285747528,0.0669899433851242,-0.2628708481788635,-0.11044946312904358,0.016099009662866592,0.23586249351501465,-0.0015514811966568232,-0.00019559725478757173,-0.001549802371300757,-0.00019533194426912814,-0.001875674701295793,-0.005943584255874157,-5.18978276886628e-06,0.12670402228832245,-0.21136684715747833,-0.0716647058725357,-0.419059157371521,0.1482958048582077,0.07692182064056396,-0.08221128582954407,0.09295717626810074,0.0879393145442009,0.09221269935369492,0.08801650255918503,-0.02807491086423397,-0.03966544196009636,-0.07933693379163742,-0.03434465080499649,0.22107893228530884,0.07653996348381042,-0.334246963262558,-0.07595712691545486,-0.024263741448521614,0.22598595917224884,0.0,0.0,0.0,0.0,0.0,0.0,0.0,0.08984050899744034,-0.2252705693244934,-0.10664878785610199,-0.48450931906700134,0.1456504762172699,-0.007900139316916466,-0.10739201307296753,0.0,0.005859375,0.0,0.0,-0.0009149253601208329,-0.004101562313735485,-0.0013671874767169356
890,1783686205.717491,367306.353983,0.050000,0,,,10,-0.0011662798933684826,0.20687371492385864,0.06219617649912834,-0.261098176240921,-0.10441318154335022,0.019656101241707802,0.23328617215156555,-0.0015551329124718904,-0.00019614724442362785,-0.0015536241699010134,-0.00019590562442317605,-0.0018755145138129592,-0.005952687934041023,-5.107815468363697e-06,0.12482887506484985,-0.2113228142261505,-0.0733439177274704,-0.4190283417701721,0.1441282033920288,0.06779523193836212,-0.08749682456254959,0.0924631655216217,0.08744961023330688,0.09172471612691879,0.08754614740610123,-0.02780728042125702,-0.03940613940358162,-0.07888398319482803,-0.03434465080499649,0.22010774910449982,0.07217779755592346,-0.33263757824897766,-0.07352949678897858,-0.024263741448521614,0.21864818036556244,0.0,0.0,0.0,0.0,0.0,0.0,0.0,0.0859803557395935,-0.22145764529705048,-0.10664878785610199,-0.48450931906700134,0.12354493886232376,-0.012399788945913315,-0.07788103073835373,0.0,0.0,0.0,0.0,0.003596114693209529,0.0,0.0
891,1783686205.767526,367306.403987,0.050004,0,,,11,-0.0012220267672091722,0.20677870512008667,0.061003830283880234,-0.25891172885894775,-0.10071312636137009,0.022640367969870567,0.23127970099449158,-0.0015610808040946722,-0.0001970773155335337,-0.001559584867209196,-0.00019683635036926717,-0.0018754826160147786,-0.0059588816948235035,-5.040003543399507e-06,0.12124989181756973,-0.21130038797855377,-0.07656317204236984,-0.4161977767944336,0.14393801987171173,0.06302843987941742,-0.09037425369024277,0.09210573881864548,0.08710961788892746,0.09137037396430969,0.0871967300772667,-0.027606885880231857,-0.03922443836927414,-0.07855895906686783,-0.037259090691804886,0.22010774910449982,0.06979843229055405,-0.32620009779930115,-0.06462816894054413,-0.027086636051535606,0.22415152192115784,0.0,0.0,0.0,0.0,0.0,0.0,0.0,0.09370066970586777,-0.22050440311431885,-0.11436533182859421,-0.48043185472488403,0.13874249160289764,-0.021399088203907013,-0.11007483303546906,0.0,0.0,0.0,0.0029296875,0.00031535830930806696,0.0,-0.0027343749534338713
892,1783686205.817581,367306.454053,0.050066,0,,,12,-0.0012780077522620559,0.2066783756017685,0.05987224355340004,-0.2556443214416504,-0.09600813686847687,0.02563207782804966,0.22783367335796356,-0.0015623822109773755,-0.00019724162120837718,-0.001560957171022892,-0.00019701471319422126,-0.0018754967022687197,-0.005964066833257675,-4.78036008644267e-06,0.1166297197341919,-0.21056552231311798,-0.08148572593927383,-0.41041848063468933,0.1418268233537674,0.057938434183597565,-0.08895662426948547,0.09160488098859787,0.08662927150726318,0.09087338298559189,0.08670824766159058,-0.027292251586914062,-0.038975391536951065,-0.07811366766691208,-0.03070160560309887,0.2191365510225296,0.06575846672058105,-0.33263757824897766,-0.06058211624622345,-0.02285229228436947,0.22415152192115784,0.0,0.0,0.0,0.0,0.0,0.0,0.0,0.07439988851547241,-0.22336409986019135,-0.11822360008955002,-0.4783931374549866,0.13183452188968658,-0.024773824959993362,-0.08324666321277618,0.0,0.0,0.0,0.0,-0.0033754927571862936,0.0,0.0
893,1783686205.867522,367306.503987,0.049934,0,,,13,-0.0015081997262313962,0.20659443736076355,0.0579846017062664,-0.2525830566883087,-0.09161317348480225,0.026378421112895012,0.2269437164068222,-0.0015647455584257841,-0.00019760571012739092,-0.0015631081769242883,-0.00019734693341888487,-0.0018754302291199565,-0.0059686508029699326,-4.732286015496356e-06,0.1164155974984169,-0.20943190157413483,-0.08382359892129898,-0.4076390564441681,0.1414172500371933,0.05321936309337616,-0.09042511135339737,0.09125209599733353,0.0862768217921257,0.09052404761314392,0.0863635465502739,-0.027073733508586884,-0.038787566125392914,-0.07779595255851746,-0.038716308772563934,0.2191365510225296,0.06583282351493835,-0.31976261734962463,-0.05734527111053467,-0.027086636051535606,0.22598595917224884,0.0,0.0,0.0,0.0,0.0,0.0,0.0,0.08984050899744034,-0.22050440311431885,-0.11436533182859421,-0.4722769260406494,0.13459770381450653,-0.02702365070581436,-0.10202638059854507,0.0,0.0,0.0025952463038265705,0.0,0.001955736428499222,0.0,-0.0013671874767169356
894,1783686205.917478,367306.553979,0.049992,0,,,14,-0.0009342654375359416,0.2064351588487625,0.054901063442230225,-0.25110912322998047,-0.08567370474338531,0.028434041887521744,0.22657376527786255,-0.001564983744174242,-0.00019758360576815903,-0.0015637913020327687,-0.0001973963517230004,-0.001875709742307663,-0.005971445236355066,-4.4740386329067405e-06,0.11133494973182678,-0.20915989577770233,-0.08890502154827118,-0.40154969692230225,0.1408873349428177,0.048481281846761703,-0.08980917185544968,0.09076348692178726,0.08579352498054504,0.09003981202840805,0.08588474243879318,-0.02680898830294609,-0.038522783666849136,-0.07735517621040344,-0.035073261708021164,0.21816536784172058,0.06186721473932266,-0.32137197256088257,-0.061391327530145645,-0.021440844982862473,0.21864818036556244,0.0,0.0,0.0,0.0,0.0,0.0,0.0,0.07826004177331924,-0.22050440311431885,-0.1105070635676384,-0.4681994616985321,0.14150568842887878,-0.02814856357872486,-0.08458807319402695,0.0,0.0,0.0,0.0,-0.0005048307939432561,0.0,0.0
895,1783686205.967518,367306.603950,0.049971,0,,,15,-0.0016170762246474624,0.20629091560840607,0.052483219653367996,-0.24806365370750427,-0.08210141211748123,0.028664957731962204,0.22627152502536774,-0.0015711812302470207,-0.00019853502453770489,-0.0015702616656199098,-0.00019838765729218721,-0.0018755891360342503,-0.0059778424911201,-4.676866410591174e-06,0.11055907607078552,-0.20901374518871307,-0.09059727936983109,-0.39947912096977234,0.14055532217025757,0.044237758964300156,-0.09033545851707458,0.09040328860282898,0.0854426771402359,0.08968985080718994,0.08553361147642136,-0.026600580662488937,-0.03834139183163643,-0.07703763991594315,-0.04017352685332298,0.21719418466091156,0.06186721473932266,-0.32137197256088257,-0.05491764098405838,-0.029909532517194748,0.21681372821331024,0.0,0.0,0.0,0.0,0.0,0.0,0.0,0.09370066970586777,-0.22431734204292297,-0.10664878785610199,-0.46616074442863464,0.1401240974664688,-0.03264821320772171,-0.10202638059854507,0.0,0.0,0.0,0.0,0.00031535830930806696,0.0,0.0
896,1783686206.094857,367306.731323,0.127374,1,16,0.077351,0,-0.0019507945980876684,0.20599347352981567,0.05045562610030174,-0.24437151849269867,-0.07976871728897095,0.02986285649240017,0.22435851395130157,-0.001574136083945632,-0.00019892452110070735,-0.0015738961519673467,-0.00019888047245331109,-0.0018757079960778356,-0.005979291163384914,-4.363291282061255e-06,0.10970760136842728,-0.20853658020496368,-0.09063795953989029,-0.39503052830696106,0.14059177041053772,0.04012938588857651,-0.08978816866874695,0.08991651982069016,0.08496361970901489,0.08921104669570923,0.08505407720804214,-0.02631845697760582,-0.03808325156569481,-0.07659858465194702,-0.05984598398208618,0.21330945193767548,0.0820918157696724,-0.2521689534187317,-0.06705580651760101,-0.07225296646356583,0.21864818036556244,0.0,0.0,0.0,0.0,0.0,0.0,0.0,0.08984050899744034,-0.2195511758327484,-0.12208187580108643,-0.4641219973564148,0.14841367304325104,-0.05177172273397446,-0.08458807319402695,0.0,0.0,0.0,0.0,-0.002145209116861224,0.0,0.0
897,1783686206.095103,367306.731637,0.000314,0,,,1,-0.0025512389838695526,0.20527516305446625,0.048751480877399445,-0.24272418022155762,-0.07752800732851028,0.0300524290651083,0.22239376604557037,-0.0015796589432284236,-0.00019976466137450188,-0.0015795165672898293,-0.00019974182941950858,-0.0018759779632091522,-0.00598310399800539,-4.444571004569298e-06,0.11185242980718613,-0.20856159925460815,-0.09038098156452179,-0.392943412065506,0.14066696166992188,0.03718406334519386,-0.09026813507080078,0.08956768363714218,0.08461746573448181,0.08886473625898361,0.08470752090215683,-0.026116028428077698,-0.037900716066360474,-0.07627993077039719,-0.058388762176036835,0.21330945193767548,0.07455716282129288,-0.24895021319389343,-0.06786501407623291,-0.07507586479187012,0.22048261761665344,0.0,0.0,0.0,0.0,0.0,0.0,0.0,0.09370066970586777,-0.21859794855117798,-0.12979841232299805,-0.4600445628166199,0.14841367304325104,-0.0641457587480545,-0.09666074812412262,0.0,0.0029296875,0.0,0.005859375,-0.0009149253601208329,0.0,0.0
898,1783686206.117703,367306.754084,0.022447,0,,,2,-0.0037847498897463083,0.2048158049583435,0.04790005832910538,-0.2421475499868393,-0.07499200105667114,0.03007224202156067,0.2205256223678589,-0.0015881641302257776,-0.00020105895237065852,-0.0015881742583587766,-0.00020106426381971687,-0.0018762527033686638,-0.0059885140508413315,-4.494847871683305e-06,0.11633019149303436,-0.20867234468460083,-0.08988841623067856,-0.390546977519989,0.14073513448238373,0.03479747474193573,-0.091545470058918,0.0890912115573883,0.0841439887881279,0.08839202672243118,0.08423352241516113,-0.02583802118897438,-0.03764424845576286,-0.07584288716316223,-0.05620293691754341,0.21233825385570526,0.07777921855449677,-0.24573145806789398,-0.06786501407623291,-0.07648731023073196,0.22231706976890564,0.0,0.0,0.0,0.0,0.0,0.0,0.0,0.07053973525762558,-0.22050440311431885,-0.11436533182859421,-0.46208328008651733,0.15394006669521332,-0.059646110981702805,-0.11275764554738998,0.0,0.0,0.0,0.0,-0.0005048307939432561,0.0,0.0
899,1783686206.167675,367306.804043,0.049959,0,,,3,-0.010707298293709755,0.20379632711410522,0.04802248999476433,-0.22702556848526,-0.07426295429468155,0.019898436963558197,0.21968166530132294,-0.0015978404553607106,-0.00020256622519809753,-0.0015983375487849116,-0.0002026412112172693,-0.0018747433787211776,-0.006003791466355324,-5.29963426743052e-06,0.11811668425798416,-0.20811264216899872,-0.0914761945605278,-0.3866576850414276,0.14101187884807587,0.029260804876685143,-0.091910220682621,0.0887477919459343,0.0838063657283783,0.08805222809314728,0.08390042930841446,-0.02564162202179432,-0.03745567798614502,-0.07552611082792282,-0.05766015499830246,0.21330945193767548,0.06979843229055405,-0.24251271784305573,-0.061391327530145645,-0.07507586479187012,0.22415152192115784,0.0,0.0,0.0,0.0,0.0,0.0,0.0,0.07826004177331924,-0.22145764529705048,-0.12208187580108643,-0.4498508870601654,0.15394006669521332,-0.0731450617313385,-0.08592948317527771,0.0,0.0,0.0,0.0,-0.002145209116861224,0.0,0.0
900,1783686206.217650,367306.854033,0.049989,0,,,4,-0.020173119381070137,0.2019476592540741,0.052122101187705994,-0.1908605545759201,-0.07410763949155807,0.004509605001658201,0.2195642739534378,-0.0016053218860179186,-0.00020373877487145364,-0.0016043409705162048,-0.00020355184096843004,-0.001873269211500883,-0.006000614259392023,-4.303778041503392e-06,0.11235716938972473,-0.20695745944976807,-0.0940617173910141,-0.3802202343940735,0.1424279659986496,0.019924692809581757,-0.09444884210824966,0.08827628940343857,0.08334458619356155,0.0875847116112709,0.08344511687755585,-0.025380991399288177,-0.03719232603907585,-0.07509186118841171,-0.05911737307906151,0.21525181829929352,0.06940186768770218,-0.24251271784305573,-0.06543738394975662,-0.07084152102470398,0.22048261761665344,0.0,0.0,0.0,0.0,0.0,0.0,0.0,0.08984050899744034,-0.22336409986019135,-0.1105070635676384,-0.45188963413238525,0.14150568842887878,-0.0641457587480545,-0.07788103073835373,0.0,0.0,0.0,0.0,0.003596114693209529,0.0,0.0
901,1783686206.267635,367306.904031,0.049999,0,,,5,-0.021358946338295937,0.20125027000904083,0.05233234539628029,-0.1755852848291397,-0.07385694235563278,0.0009108211379498243,0.21958893537521362,-0.0016092421719804406,-0.00020435595070011914,-0.0016084786038845778,-0.00020420186046976596,-0.001873639295808971,-0.0059935422614216805,-3.6978731259296183e-06,0.10895200073719025,-0.2069520205259323,-0.0954902246594429,-0.3776993155479431,0.14323535561561584,0.011986802332103252,-0.09370842576026917,0.08796664327383041,0.08304575085639954,0.08727666735649109,0.08314582705497742,-0.025220725685358047,-0.03703606501221657,-0.07481862604618073,-0.05911737307906151,0.21136707067489624,0.06821218878030777,-0.23929397761821747,-0.06624659150838852,-0.07225296646356583,0.22598595917224884,0.0,0.0,0.0,0.0,0.0,0.0,0.0,0.0859803557395935,-0.22050440311431885,-0.11436533182859421,-0.4498508870601654,0.15670324862003326,-0.06302084773778915,-0.10068497061729431,0.0029296875,0.0,0.0,0.005859375,0.00031535830930806696,0.0,0.0
902,1783686206.317587,367306.953979,0.049948,0,,,6,-0.02140897326171398,0.20088905096054077,0.052220940589904785,-0.16268448531627655,-0.07361702620983124,-0.00041940054506994784,0.2194974571466446,-0.0016160720260813832,-0.00020537854288704693,-0.0016161843668669462,-0.00020537935779429972,-0.0018750892486423254,-0.005992664955556393,-3.7645481825165916e-06,0.11029358953237534,-0.2071179300546646,-0.09557829052209854,-0.37706926465034485,0.14360278844833374,0.004102732054889202,-0.08926888555288315,0.08744771778583527,0.08253736793994904,0.08676031231880188,0.08263900876045227,-0.024912642315030098,-0.03676560893654823,-0.07435169816017151,-0.058388762176036835,0.21136707067489624,0.06860874593257904,-0.24251271784305573,-0.06705580651760101,-0.07225296646356583,0.22415152192115784,0.0,0.0,0.0,0.0,0.0,0.0,0.0,0.0859803557395935,-0.2195511758327484,-0.11436533182859421,-0.4498508870601654,0.15394006669521332,-0.0731450617313385,-0.09129511564970016,0.0,0.0,0.0,0.0,-0.0013250198680907488,0.0,-0.0013671874767169356
903,1783686206.367609,367307.004065,0.050086,0,,,7,-0.021482544019818306,0.19986900687217712,0.05217204615473747,-0.15969537198543549,-0.07356873154640198,-0.0015525202034041286,0.21961723268032074,-0.0016186623834073544,-0.00020576835959218442,-0.001619629212655127,-0.00020591139036696404,-0.001875799847766757,-0.005991214886307716,-3.726277327587013e-06,0.11102582514286041,-0.20706860721111298,-0.09536486864089966,-0.3755107522010803,0.1444358378648758,0.0024102958850562572,-0.08933710306882858,0.08711885660886765,0.0822015106678009,0.08642634004354477,0.08231983333826065,-0.02471502125263214,-0.03657727688550949,-0.07404086738824844,-0.05911737307906151,0.2142806351184845,0.06523798406124115,-0.24251271784305573,-0.061391327530145645,-0.07084152102470398,0.22415152192115784,0.0,0.0,0.0,0.0,0.0,0.0,0.0,0.07826004177331924,-0.22050440311431885,-0.12208187580108643,-0.4396572411060333,0.16084805130958557,-0.0686454102396965,-0.08324666321277618,0.0,0.0,0.0,0.0,0.001955736428499222,0.0,0.0
904,1783686206.417467,367307.053954,0.049889,0,,,8,-0.021627260372042656,0.1989177167415619,0.05202142521739006,-0.15923506021499634,-0.07351547479629517,-0.0034300133120268583,0.21972043812274933,-0.001625502947717905,-0.00020679880981333554,-0.001626197132281959,-0.00020690874953288585,-0.0018762341933324933,-0.005989368539303541,-3.700662091432605e-06,0.11113196611404419,-0.20687371492385864,-0.09527166187763214,-0.37250903248786926,0.14556443691253662,-0.0012420022394508123,-0.08937593549489975,0.08665622025728226,0.08174100518226624,0.085963174700737,0.08186745643615723,-0.024463161826133728,-0.036324337124824524,-0.07362101227045059,-0.062031809240579605,0.21136707067489624,0.06662594527006149,-0.23929397761821747,-0.061391327530145645,-0.07507586479187012,0.22415152192115784,0.0,0.0,0.0,0.0,0.0,0.0,0.0,0.06281942129135132,-0.2195511758327484,-0.10279051959514618,-0.44373470544815063,0.18433518707752228,-0.056271374225616455,-0.0939779281616211,0.0,0.0,0.0,0.0,-0.00624615466222167,0.0,0.0
905,1783686206.467580,367307.104035,0.050081,0,,,9,-0.021942783147096634,0.19890233874320984,0.05189188942313194,-0.1591971516609192,-0.07328204065561295,-0.00437262374907732,0.21977971494197845,-0.0016286764293909073,-0.0002072747447527945,-0.001629199250601232,-0.00020735884027089924,-0.0018762986874207854,-0.005988177377730608,-3.687221351356129e-06,0.10969656705856323,-0.20678462088108063,-0.09538774192333221,-0.3691871464252472,0.14756350219249725,-0.0027852789498865604,-0.08877789229154587,0.08631743490695953,0.08140761405229568,0.08562839031219482,0.0815337672829628,-0.024272490292787552,-0.03613748401403427,-0.07331438362598419,-0.06057459115982056,0.21330945193767548,0.06186721473932266,-0.23285648226737976,-0.06300975382328033,-0.07366441190242767,0.22965484857559204,0.0,0.0,0.0,0.0,0.0,0.0,0.0,0.058959268033504486,-0.22050440311431885,-0.10664878785610199,-0.435579776763916,0.1732824146747589,-0.058521196246147156,-0.10739201307296753,0.0029296875,0.0,0.0,0.0029296875,-0.0013250198680907488,0.0,0.0
906,1783686206.517494,367307.153982,0.049947,0,,,10,-0.023745695129036903,0.1987912356853485,0.05164723098278046,-0.15887004137039185,-0.07278032600879669,-0.006436176132410765,0.21990185976028442,-0.0016340583097189665,-0.0002080947015201673,-0.0016347880009561777,-0.00020821417274419218,-0.001876513590104878,-0.005986712407320738,-3.7149573017813964e-06,0.10025624185800552,-0.20663030445575714,-0.09348097443580627,-0.3631361722946167,0.1574891209602356,-0.0016872620908543468,-0.08936983346939087,0.08584419637918472,0.08094973117113113,0.08515959978103638,0.08107656985521317,-0.024059664458036423,-0.03588297218084335,-0.07289302349090576,-0.05766015499830246,0.21136707067489624,0.06464313715696335,-0.23929397761821747,-0.061391327530145645,-0.07084152102470398,0.22965484857559204,0.0,0.0,0.0,0.0,0.0,0.0,0.0,0.06667958199977875,-0.2224108725786209,-0.11822360008955002,-0.43761852383613586,0.17880879342556,-0.0663955882191658,-0.08861229568719864,0.0,0.0,0.0,0.0,-0.002555303508415818,0.0,0.0
907,1783686206.567539,367307.203997,0.050015,0,,,11,-0.024704841896891594,0.1987585425376892,0.05063006281852722,-0.15822479128837585,-0.07251988351345062,-0.00786364171653986,0.2201944887638092,-0.001639295369386673,-0.0002089160989271477,-0.0016398592852056026,-0.00020900514209643006,-0.0018762715626507998,-0.0059833405539393425,-3.5612310966826044e-06,0.09375148266553879,-0.2065412551164627,-0.09109578281641006,-0.3611975312232971,0.16046567261219025,-0.001500433194451034,-0.09128060936927795,0.08551917225122452,0.08061990141868591,0.08482704311609268,0.08075443655252457,-0.02389608323574066,-0.035703059285879135,-0.07258862257003784,-0.06348902732133865,0.21233825385570526,0.05631536617875099,-0.22641900181770325,-0.06462816894054413,-0.06801862269639969,0.23148930072784424,0.0,0.0,0.0,0.0,0.0,0.0,0.0,0.07053973525762558,-0.21859794855117798,-0.11436533182859421,-0.4498508870601654,0.18433518707752228,-0.0708952322602272,-0.09129511564970016,0.0,0.0,0.0,0.0,-0.0013250198680907488,0.0,0.0
908,1783686206.617510,367307.253992,0.049994,0,,,12,-0.02470596693456173,0.19859205186367035,0.049588561058044434,-0.15785694122314453,-0.07214926183223724,-0.008292530663311481,0.2206939309835434,-0.0016496101161465049,-0.0002105421299347654,-0.001649977988563478,-0.00021059674327261746,-0.001876088441349566,-0.0059830015525221825,-3.732097638931009e-06,0.09202173352241516,-0.20657344162464142,-0.09111509472131729,-0.36095625162124634,0.1643681675195694,-0.002461461815983057,-0.09119558334350586,0.08506803959608078,0.0801686942577362,0.08437493443489075,0.08030683547258377,-0.02366945706307888,-0.03546268865466118,-0.07217299193143845,-0.0678606852889061,0.2142806351184845,0.05393600091338158,-0.22802837193012238,-0.061391327530145645,-0.07366441190242767,0.22415152192115784,0.0,0.0,0.0,0.0,0.0,0.0,0.0,0.06667958199977875,-0.2224108725786209,-0.11822360008955002,-0.4396572411060333,0.16775602102279663,-0.060771021991968155,-0.09263652563095093,0.005859375,0.0,0.0,0.0,-0.0033754927571862936,0.0,0.0
909,1783686206.667519,367307.303988,0.049997,0,,,13,-0.025694256648421288,0.19857968389987946,0.04831303656101227,-0.15522760152816772,-0.0720130130648613,-0.00846131332218647,0.22154764831066132,-0.0016494691371917725,-0.00021048259804956615,-0.001649700105190277,-0.00021050957730039954,-0.001875745365396142,-0.005982895381748676,-3.766887175515876e-06,0.09325303882360458,-0.20648178458213806,-0.09126956015825272,-0.3613406717777252,0.1670214980840683,-0.003490845672786236,-0.09106294810771942,0.08477670699357986,0.07988232374191284,0.08408471941947937,0.08001992851495743,-0.023524150252342224,-0.035307664424180984,-0.07190931588411331,-0.06276042014360428,0.21525181829929352,0.05631536617875099,-0.2296377420425415,-0.06220053881406784,-0.07366441190242767,0.22782041132450104,0.0,0.0,0.0,0.0,0.0,0.0,0.0,0.07053973525762558,-0.2195511758327484,-0.11436533182859421,-0.4416959583759308,0.1732824146747589,-0.0686454102396965,-0.09531933814287186,0.0029296875,0.0,0.0,0.0029296875,-0.004605776164680719,0.0,-0.004101562313735485
910,1783686206.717515,367307.353988,0.050000,0,,,14,-0.028110455721616745,0.19869719445705414,0.04438699036836624,-0.14995883405208588,-0.07171666622161865,-0.008691631257534027,0.2217690348625183,-0.001650113146752119,-0.00021051675139460713,-0.001650569960474968,-0.00021058224956505,-0.0018759772647172213,-0.005978594068437815,-3.557165427992004e-06,0.09387877583503723,-0.20645831525325775,-0.09157346934080124,-0.3613041639328003,0.167898029088974,-0.0036336551420390606,-0.09098879992961884,0.08430110663175583,0.07939384877681732,0.08358948677778244,0.07953210175037384,-0.023290328681468964,-0.03503827005624771,-0.07146106660366058,-0.06567485630512238,0.21136707067489624,0.05324201658368111,-0.22802837193012238,-0.061391327530145645,-0.07366441190242767,0.22965484857559204,0.0,0.0,0.0,0.0,0.0,0.0,0.0,0.07053973525762558,-0.22050440311431885,-0.10279051959514618,-0.4315023124217987,0.17051921784877777,-0.0686454102396965,-0.08592948317527771,0.0,0.0,0.0,0.0,-0.0009149253601208329,0.0,0.0
911,1783686206.767542,367307.403997,0.050008,0,,,15,-0.02825072780251503,0.1987800896167755,0.042543090879917145,-0.149549663066864,-0.07153500616550446,-0.008881096728146076,0.2218071073293686,-0.0016580374212935567,-0.00021177611779421568,-0.0016584974946454167,-0.0002118451229762286,-0.0018761291867122054,-0.005976831540465355,-3.5774694424617337e-06,0.09443552047014236,-0.20640257000923157,-0.09166288375854492,-0.3612195551395416,0.1681816726922989,-0.0038743081968277693,-0.09103720635175705,0.084023118019104,0.07911011576652527,0.0833016037940979,0.07925534248352051,-0.023164059966802597,-0.03488371521234512,-0.07121022790670395,-0.064946249127388,0.21330945193767548,0.05155663564801216,-0.2232002466917038,-0.06300975382328033,-0.07225296646356583,0.22965484857559204,0.0,0.0,0.0,0.0,0.0,0.0,0.0,0.07439988851547241,-0.2252705693244934,-0.09507397562265396,-0.4315023124217987,0.1732824146747589,-0.0731450617313385,-0.09666074812412262,0.0,0.0,0.0,0.0,-0.0037855871487408876,0.0,0.0
912,1783686206.895310,367307.531744,0.127747,1,16,0.077658,0,-0.028493450954556465,0.19872185587882996,0.04107731580734253,-0.14907652139663696,-0.07121261209249496,-0.009252292104065418,0.22208043932914734,-0.0016677286475896835,-0.00021330277377273887,-0.0016682042041793466,-0.000213374660233967,-0.0018761770334094763,-0.005974935367703438,-3.634498170868028e-06,0.09550945460796356,-0.2064347267150879,-0.09033971279859543,-0.35879990458488464,0.16858863830566406,-0.005154273007065058,-0.09080661088228226,0.0835273340344429,0.0786251351237297,0.08280468732118607,0.07877504825592041,-0.022926930338144302,-0.03462057560682297,-0.07077238708734512,-0.09991950541734695,0.20748233795166016,0.06652680784463882,-0.2232002466917038,-0.054108429700136185,-0.11318495124578476,0.18379369378089905,0.0,0.0,0.0,0.0,0.0,0.0,0.0,0.07826004177331924,-0.22431734204292297,-0.09507397562265396,-0.45188963413238525,0.18433518707752228,-0.061895936727523804,-0.11275764554738998,0.0,0.0,0.0,0.005859375,0.00113554741255939,0.0,0.0
913,1783686206.895590,367307.532118,0.000374,0,,,1,-0.028735939413309097,0.19872693717479706,0.04012735188007355,-0.14800165593624115,-0.07107970863580704,-0.009480533190071583,0.22227346897125244,-0.0016717376420274377,-0.0002139243733836338,-0.0016720563871785998,-0.00021396893134806305,-0.0018759850645437837,-0.0059728906489908695,-3.585294734875788e-06,0.09715265780687332,-0.20744960010051727,-0.08641402423381805,-0.35682249069213867,0.16887442767620087,-0.006283860187977552,-0.09096653014421463,0.08319129049777985,0.07830289006233215,0.08247152715921402,0.0784521996974945,-0.022777846083045006,-0.03444927930831909,-0.07047737389802933,-0.10283394157886505,0.20748233795166016,0.06583282351493835,-0.2232002466917038,-0.05815448239445686,-0.11318495124578476,0.17829036712646484,0.0,0.0,0.0,0.0,0.0,0.0,0.0,0.08212020248174667,-0.22431734204292297,-0.09893224388360977,-0.44373470544815063,0.17880879342556,-0.06302084773778915,-0.10739201307296753,0.0,0.0,0.0,0.0,0.00031535830930806696,0.0,0.0
914,1783686206.917657,367307.554038,0.021920,0,,,2,-0.028882702812552452,0.19875729084014893,0.03876691684126854,-0.14560027420520782,-0.07091564685106277,-0.0097322016954422,0.22255848348140717,-0.001680484157986939,-0.00021529369405470788,-0.0016807500505819917,-0.00021532918617594987,-0.0018759340746328235,-0.005969483871012926,-3.553225724317599e-06,0.09948544949293137,-0.20822355151176453,-0.08010987937450409,-0.3543584942817688,0.16938817501068115,-0.007009959314018488,-0.09119710326194763,0.08274493366479874,0.07786420732736588,0.08202927559614182,0.07801270484924316,-0.02258179523050785,-0.03420741483569145,-0.07007233798503876,-0.1042911559343338,0.20553995668888092,0.06166893616318703,-0.2232002466917038,-0.06058211624622345,-0.11318495124578476,0.17645591497421265,0.0,0.0,0.0,0.0,0.0,0.0,0.0,0.07826004177331924,-0.22336409986019135,-0.10279051959514618,-0.4498508870601654,0.18157199025154114,-0.0663955882191658,-0.11275764554738998,0.0,0.0,0.0,0.0,-0.0005048307939432561,0.0,0.0
915,1783686206.967690,367307.604083,0.050045,0,,,3,-0.03530864045023918,0.19777904450893402,0.03905506059527397,-0.1400911957025528,-0.07075332850217819,-0.01334958802908659,0.21696990728378296,-0.0016771807568147779,-0.0002145654143532738,-0.0016791140660643578,-0.00021488060883712023,-0.0018770069582387805,-0.005976404529064894,-4.131963123654714e-06,0.10179144889116287,-0.20841041207313538,-0.0793367326259613,-0.3544163703918457,0.1698043793439865,-0.007099479902535677,-0.09240929782390594,0.08246209472417831,0.07758632302284241,0.08174856752157211,0.07773423194885254,-0.022446060553193092,-0.0340556874871254,-0.069815993309021,-0.09700506180524826,0.20553995668888092,0.06186721473932266,-0.2232002466917038,-0.05896369367837906,-0.11318495124578476,0.17645591497421265,0.0,0.0,0.0,0.0,0.0,0.0,0.0,0.08212020248174667,-0.2252705693244934,-0.08735743165016174,-0.4498508870601654,0.1732824146747589,-0.0776447057723999,-0.11007483303546906,0.0,0.0,0.0,0.0,-0.002555303508415818,0.0,-0.0013671874767169356
916,1783686207.017744,367307.654145,0.050062,0,,,4,-0.052493512630462646,0.19553770124912262,0.04203161969780922,-0.13612394034862518,-0.0703808069229126,-0.024614406749606133,0.2023417204618454,-0.0016700858250260353,-0.00021330385061446577,-0.001673519378527999,-0.00021388777531683445,-0.0018789832247421145,-0.00597991282120347,-4.1406519812881015e-06,0.10439637303352356,-0.20848561823368073,-0.07909894734621048,-0.3561081290245056,0.17077359557151794,-0.006836676970124245,-0.09629790484905243,0.08202429860830307,0.07715242356061935,0.08131461590528488,0.07729947566986084,-0.02221682108938694,-0.0338178388774395,-0.06941517442464828,-0.09846228361129761,0.2045687735080719,0.06444486230611801,-0.2232002466917038,-0.05653605982661247,-0.11318495124578476,0.17462146282196045,0.0,0.0,0.0,0.0,0.0,0.0,0.0,0.07053973525762558,-0.22336409986019135,-0.09121570736169815,-0.4315023124217987,0.15255846083164215,-0.054021548479795456,-0.11544046550989151,0.0,0.0,0.0,0.0029296875,0.001955736428499222,0.0,0.0
917,1783686207.067742,367307.704130,0.049984,0,,,5,-0.05912218615412712,0.1947101503610611,0.04224175587296486,-0.13789744675159454,-0.07000219076871872,-0.03387187421321869,0.19425363838672638,-0.0016739823622629046,-0.00021395126532297581,-0.001676647923886776,-0.00021440743876155466,-0.0018783846171572804,-0.005973547697067261,-3.6347826153360074e-06,0.10543199628591537,-0.2086925357580185,-0.07713501900434494,-0.35842400789260864,0.17110593616962433,-0.007574514020234346,-0.09912596642971039,0.08169759809970856,0.07683674991130829,0.08099088072776794,0.07698368281126022,-0.022062571719288826,-0.03364872932434082,-0.06912918388843536,-0.1042911559343338,0.2045687735080719,0.06622938066720963,-0.2232002466917038,-0.05734527111053467,-0.11318495124578476,0.17462146282196045,0.0,0.0,0.0,0.0,0.0,0.0,0.0,0.07439988851547241,-0.22717702388763428,-0.08349916338920593,-0.44373470544815063,0.15394006669521332,-0.0686454102396965,-0.0899537056684494,0.0,0.0,0.0,0.0,-0.002965398132801056,-0.004101562313735485,0.0
918,1783686207.117713,367307.754129,0.049999,0,,,6,-0.06300751864910126,0.19330614805221558,0.04243011400103569,-0.13982389867305756,-0.06922469288110733,-0.0429072305560112,0.1855776011943817,-0.0016901401104405522,-0.00021657442266587168,-0.0016917382599785924,-0.00021683957311324775,-0.0018771184841170907,-0.005974798928946257,-3.913223281415412e-06,0.10316888242959976,-0.20880821347236633,-0.07451852411031723,-0.35795456171035767,0.16899582743644714,-0.006383982021361589,-0.1017770990729332,0.0812148004770279,0.07636646181344986,0.08051137626171112,0.07652350515127182,-0.021809756755828857,-0.03339146822690964,-0.06869809329509735,-0.10283394157886505,0.20553995668888092,0.05938871204853058,-0.2232002466917038,-0.061391327530145645,-0.11177350580692291,0.18195925652980804,0.0,0.0,0.0,0.0,0.0,0.0,0.0,0.06281942129135132,-0.2224108725786209,-0.08735743165016174,-0.42538613080978394,0.16084805130958557,-0.07651979476213455,-0.09934356063604355,0.0,0.0,0.0,0.0,0.00113554741255939,0.0,0.0
919,1783686207.167811,367307.804050,0.049921,0,,,7,-0.06467524915933609,0.19295059144496918,0.042604196816682816,-0.13996689021587372,-0.0688115656375885,-0.045406587421894073,0.18270546197891235,-0.0016983110690489411,-0.00021787955483887345,-0.0016993306344375014,-0.00021804658172186464,-0.0018767236033454537,-0.005979702342301607,-4.261685262463288e-06,0.10242090374231339,-0.20957280695438385,-0.07287269830703735,-0.3579478859901428,0.16793309152126312,-0.006380931474268436,-0.10077092796564102,0.08092749118804932,0.07609226554632187,0.08022675663232803,0.07625138759613037,-0.021676277741789818,-0.03325781598687172,-0.06844762712717056,-0.10283394157886505,0.20651113986968994,0.0638500228524208,-0.2232002466917038,-0.06462816894054413,-0.10895060747861862,0.17829036712646484,0.0,0.0,0.0,0.0,0.0,0.0,0.0,0.07053973525762558,-0.2224108725786209,-0.09121570736169815,-0.43761852383613586,0.17604561150074005,-0.0776447057723999,-0.09934356063604355,0.0,0.0,0.0,0.0,-0.0037855871487408876,0.0,-0.0013671874767169356
920,1783686207.217573,367307.854060,0.050010,0,,,8,-0.06566109508275986,0.1928090751171112,0.04269754886627197,-0.14011143147945404,-0.0684620812535286,-0.047152936458587646,0.1816505342721939,-0.0017082421109080315,-0.00021943596948403865,-0.001708918483927846,-0.00021953959367237985,-0.00187626329716295,-0.005986892152577639,-4.508151505433489e-06,0.09800561517477036,-0.20962046086788177,-0.07034137845039368,-0.354559063911438,0.1673584133386612,-0.008072341792285442,-0.09966974705457687,0.08045519143342972,0.07562755793333054,0.07975926995277405,0.07578588277101517,-0.021437611430883408,-0.03300672769546509,-0.06801877170801163,-0.1072055995464325,0.20553995668888092,0.05869472771883011,-0.2232002466917038,-0.061391327530145645,-0.11318495124578476,0.17462146282196045,0.0,0.0,0.0,0.0,0.0,0.0,0.0,0.07053973525762558,-0.22050440311431885,-0.09507397562265396,-0.4315023124217987,0.14703208208084106,-0.0708952322602272,-0.10336779057979584,0.0,0.0,0.0,0.0,-0.0037855871487408876,0.0,0.0
921,1783686207.267645,367307.904116,0.050056,0,,,9,-0.06572578847408295,0.19277510046958923,0.04279011860489845,-0.14014577865600586,-0.06843768060207367,-0.04737699776887894,0.181151881814003,-0.0017122844001278281,-0.00022002708283253014,-0.0017129018669947982,-0.00022011982218828052,-0.001876163762062788,-0.005992580205202103,-4.685726253228495e-06,0.09708428382873535,-0.20950199663639069,-0.0702269971370697,-0.3540385961532593,0.16766245663166046,-0.009576141834259033,-0.09951724857091904,0.08017996698617935,0.075357586145401,0.07948633283376694,0.07551531493663788,-0.021313892677426338,-0.03286329656839371,-0.06777393072843552,-0.1042911559343338,0.20748233795166016,0.05572052299976349,-0.2232002466917038,-0.06058211624622345,-0.11036206036806107,0.17645591497421265,0.0,0.0,0.0,0.0,0.0,0.0,0.0,0.058959268033504486,-0.2224108725786209,-0.08349916338920593,-0.4274248480796814,0.1594664454460144,-0.0753948837518692,-0.1047092005610466,0.0,0.005859375,0.0025952463038265705,0.0,-0.0017351144924759865,0.0,-0.0027343749534338713
922,1783686207.317755,367307.954174,0.050058,0,,,10,-0.06652996689081192,0.19273598492145538,0.042836811393499374,-0.14008373022079468,-0.06827622652053833,-0.04773448035120964,0.17961427569389343,-0.001713672885671258,-0.00022013018315192312,-0.0017143635777756572,-0.00022023639758117497,-0.0018762709805741906,-0.006003033369779587,-4.884057489107363e-06,0.09674573689699173,-0.20899955928325653,-0.07032766193151474,-0.35356640815734863,0.1655694991350174,-0.010137137025594711,-0.09956729412078857,0.07970865815877914,0.07490021735429764,0.07902000844478607,0.07505343109369278,-0.02111523225903511,-0.03261169418692589,-0.06735320389270782,-0.10283394157886505,0.20553995668888092,0.05790160596370697,-0.2232002466917038,-0.06543738394975662,-0.11036206036806107,0.17829036712646484,0.0,0.0,0.0,0.0,0.0,0.0,0.0,0.07826004177331924,-0.22145764529705048,-0.09893224388360977,-0.4172312021255493,0.15670324862003326,-0.0933934822678566,-0.11544046550989151,0.0,0.005859375,0.0,0.0,-0.0037855871487408876,0.0,-0.0013671874767169356
923,1783686207.367730,367308.004133,0.049959,0,,,11,-0.06674784421920776,0.19277168810367584,0.04270446300506592,-0.1401091367006302,-0.06811750680208206,-0.0479421429336071,0.17905272543430328,-0.001716751721687615,-0.00022057602473068982,-0.001717359060421586,-0.000220667730900459,-0.0018761612009257078,-0.006007828284054995,-4.86436238134047e-06,0.09451621025800705,-0.20891305804252625,-0.0700744241476059,-0.3515474200248718,0.16513952612876892,-0.010761945508420467,-0.09972203522920609,0.07943354547023773,0.07464827597141266,0.07875422388315201,0.07478519529104233,-0.020991895347833633,-0.03246356546878815,-0.06711353361606598,-0.09991950541734695,0.20748233795166016,0.059884410351514816,-0.2232002466917038,-0.061391327530145645,-0.10753916203975677,0.17462146282196045,0.0,0.0,0.0,0.0,0.0,0.0,0.0,0.04737880453467369,-0.2224108725786209,-0.07964089512825012,-0.4192699193954468,0.1732824146747589,-0.0776447057723999,-0.11007483303546906,0.0029296875,0.01171875,0.0,0.0029296875,-0.002145209116861224,-0.0027343749534338713,-0.0054687499068677425
924,1783686207.417834,367308.054258,0.050124,0,,,12,-0.06666513532400131,0.19274230301380157,0.042525824159383774,-0.14013704657554626,-0.068107008934021,-0.04818439483642578,0.1786358803510666,-0.0017235989216715097,-0.00022159666696097702,-0.0017242218600586057,-0.00022168911527842283,-0.001876043388620019,-0.0060170902870595455,-4.955809799866984e-06,0.09547633677721024,-0.20878683030605316,-0.0701269879937172,-0.3474287986755371,0.1647098809480667,-0.017118902876973152,-0.10165969282388687,0.07901128381490707,0.07426542043685913,0.07833930104970932,0.07436765730381012,-0.02080686390399933,-0.03223978355526924,-0.06674006581306458,-0.09991950541734695,0.20748233795166016,0.055125683546066284,-0.2232002466917038,-0.061391327530145645,-0.10895060747861862,0.17095257341861725,0.0,0.0,0.0,0.0,0.0,0.0,0.0,0.055099114775657654,-0.22336409986019135,-0.08349916338920593,-0.4233473837375641,0.16222964227199554,-0.0776447057723999,-0.09129511564970016,0.0,0.0,0.0,0.0,-0.002965398132801056,0.0,0.0
925,1783686207.467806,367308.104210,0.049953,0,,,13,-0.06604791432619095,0.1928488165140152,0.042736802250146866,-0.14014336466789246,-0.06803254783153534,-0.04826150834560394,0.1781684160232544,-0.0017215816769748926,-0.0002211855462519452,-0.0017220753943547606,-0.0002212567051174119,-0.001875954563729465,-0.006022468209266663,-4.881408585788449e-06,0.09096280485391617,-0.2087303102016449,-0.06940688192844391,-0.34186452627182007,0.165040984749794,-0.01780250482261181,-0.1028413325548172,0.07870218902826309,0.07400040328502655,0.07802572101354599,0.07407117635011673,-0.020671363919973373,-0.03207370266318321,-0.06647639721632004,-0.1042911559343338,0.20651113986968994,0.06097495183348656,-0.2232002466917038,-0.06462816894054413,-0.11318495124578476,0.16544923186302185,0.0,0.0,0.0,0.0,0.0,0.0,0.0,0.06667958199977875,-0.21859794855117798,-0.07964089512825012,-0.4233473837375641,0.1732824146747589,-0.0956433042883873,-0.10739201307296753,0.0,0.0,0.0,0.0,-0.002965398132801056,0.0,-0.0027343749534338713
926,1783686207.517733,367308.154146,0.049936,0,,,14,-0.0655873715877533,0.19291043281555176,0.042498525232076645,-0.14010898768901825,-0.0678601861000061,-0.04834628105163574,0.17560340464115143,-0.0017283577471971512,-0.00022216940124053508,-0.0017288714880123734,-0.00022224473650567234,-0.0018760114908218384,-0.0060311658307909966,-4.946562967234058e-06,0.0861387774348259,-0.20871999859809875,-0.06805332005023956,-0.3406171500682831,0.1652391254901886,-0.018219757825136185,-0.10115379095077515,0.07827366888523102,0.07360195368528366,0.0775962844491005,0.073658786714077,-0.020487630739808083,-0.031857967376708984,-0.06610481441020966,-0.1013767197728157,0.20748233795166016,0.05314287915825844,-0.2232002466917038,-0.06381896138191223,-0.10895060747861862,0.17462146282196045,0.0,0.0,0.0,0.0,0.0,0.0,0.0,0.055099114775657654,-0.22145764529705048,-0.07964089512825012,-0.41519248485565186,0.15808485448360443,-0.0911436602473259,-0.0939779281616211,0.0,0.0,0.0,0.0,-0.002965398132801056,0.0,0.0
927,1783686207.567700,367308.204065,0.049919,0,,,15,-0.06558118760585785,0.19292710721492767,0.04248420521616936,-0.14008718729019165,-0.06787241995334625,-0.048557668924331665,0.1733754277229309,-0.001731633092276752,-0.00022262963466346264,-0.0017322419444099069,-0.00022272055502980947,-0.001876050140708685,-0.006039073225110769,-5.07123058923753e-06,0.08739650249481201,-0.20813067257404327,-0.06614615023136139,-0.34074410796165466,0.16561056673526764,-0.021901974454522133,-0.10106419771909714,0.07796690613031387,0.07330169528722763,0.07729267328977585,0.07335833460092545,-0.02035669796168804,-0.03169794753193855,-0.06583642214536667,-0.10574837774038315,0.20651113986968994,0.049177270382642746,-0.2232002466917038,-0.06462816894054413,-0.11318495124578476,0.17829036712646484,0.0,0.0,0.0,0.0,0.0,0.0,0.0,0.07053973525762558,-0.22050440311431885,-0.08349916338920593,-0.4172312021255493,0.17880879342556,-0.0866440087556839,-0.10336779057979584,0.0,0.0,0.0,0.0,-0.002145209116861224,0.0,0.0
928,1783686207.695094,367308.331476,0.127411,1,16,0.077441,0,-0.06559166312217712,0.19299793243408203,0.041897162795066833,-0.14008447527885437,-0.06791006028652191,-0.048758335411548615,0.17278598248958588,-0.0017349164700135589,-0.0002230862737633288,-0.0017355941236019135,-0.00022318688570521772,-0.001876011141575873,-0.006047998555004597,-5.026545750297373e-06,0.08762693405151367,-0.20776686072349548,-0.06405701488256454,-0.33988431096076965,0.16559936106204987,-0.02432144619524479,-0.10013967007398605,0.07754814624786377,0.07289092242717743,0.07687687873840332,0.07294712215662003,-0.020178060978651047,-0.03146952763199806,-0.06546191871166229,-0.09554784744977951,0.21136707067489624,0.06543625891208649,-0.2232002466917038,-0.05491764098405838,-0.11318495124578476,0.14343588054180145,0.0,0.0,0.0,0.0,0.0,0.0,0.0,0.055099114775657654,-0.23003672063350677,-0.09507397562265396,-0.44373470544815063,0.18709838390350342,-0.021399088203907013,-0.12483032047748566,0.0,0.0,0.0,0.0,-0.00624615466222167,0.0,0.0
929,1783686207.695569,367308.331967,0.000490,0,,,1,-0.06582619249820709,0.19302135705947876,0.03997594490647316,-0.14006663858890533,-0.0679565966129303,-0.04896032437682152,0.17287233471870422,-0.001736392150633037,-0.00022325318423099816,-0.0017372423317283392,-0.00022338081907946616,-0.0018760384991765022,-0.006054345518350601,-5.0161265789938625e-06,0.08971790224313736,-0.20769460499286652,-0.06388548016548157,-0.3397314250469208,0.16635632514953613,-0.02492959052324295,-0.10001029074192047,0.07724631577730179,0.07259383052587509,0.07657792419195175,0.07264984399080276,-0.02004501037299633,-0.031310051679611206,-0.06518839299678802,-0.09700506180524826,0.20651113986968994,0.05948784947395325,-0.2232002466917038,-0.05491764098405838,-0.11318495124578476,0.14893922209739685,0.0,0.0,0.0,0.0,0.0,0.0,0.0,0.05123895779252052,-0.22622379660606384,-0.10279051959514618,-0.4213086664676666,0.16775602102279663,-0.04727207496762276,-0.1342201828956604,0.0,0.0,0.0,0.0,0.002775925677269697,0.0,0.0
930,1783686207.717510,367308.354013,0.022046,0,,,2,-0.0663217082619667,0.19301536679267883,0.03794226795434952,-0.1400548815727234,-0.06803098320960999,-0.04930517449975014,0.17302176356315613,-0.001740921288728714,-0.00022388246725313365,-0.001741711050271988,-0.00022400113812182099,-0.0018760369857773185,-0.006064609624445438,-5.10036852574558e-06,0.09444740414619446,-0.20756743848323822,-0.06377212703227997,-0.3393838107585907,0.16800063848495483,-0.025115851312875748,-0.10007550567388535,0.07683087140321732,0.07218694686889648,0.07616595923900604,0.0722426101565361,-0.01986156776547432,-0.031087657436728477,-0.0648135095834732,-0.09991950541734695,0.20651113986968994,0.062462057918310165,-0.2232002466917038,-0.05329921841621399,-0.11318495124578476,0.14893922209739685,0.0,0.0,0.0,0.0,0.0,0.0,0.0,0.055099114775657654,-0.22908349335193634,-0.08349916338920593,-0.42946359515190125,0.17051921784877777,-0.04389733821153641,-0.11275764554738998,0.0,0.0,0.0,0.0,-0.0037855871487408876,0.0,0.0
931,1783686207.767664,367308.404029,0.050016,0,,,3,-0.06615715473890305,0.1930176168680191,0.03781547769904137,-0.1400827020406723,-0.06778040528297424,-0.04960741102695465,0.1696448028087616,-0.0017404560931026936,-0.00022365679615177214,-0.0017408557469025254,-0.00022371446539182216,-0.0018758971709758043,-0.006067244336009026,-4.784809789271094e-06,0.09301837533712387,-0.20762579143047333,-0.06478376686573029,-0.33911406993865967,0.1684497594833374,-0.019076261669397354,-0.10406159609556198,0.07653918117284775,0.07189404219388962,0.07587637007236481,0.07194939255714417,-0.01971414126455784,-0.0309136975556612,-0.06454003602266312,-0.09263340383768082,0.20748233795166016,0.061619363725185394,-0.2232002466917038,-0.052490007132291794,-0.11318495124578476,0.15260811150074005,0.0,0.0,0.0,0.0,0.0,0.0,0.0,0.04737880453467369,-0.2281302660703659,-0.09121570736169815,-0.42946359515190125,0.17880879342556,-0.03827277570962906,-0.11544046550989151,0.0,0.0,0.0,0.0,-0.0009149253601208329,0.0,0.0
932,1783686207.817628,367308.454024,0.049995,0,,,4,-0.06454020738601685,0.1930168718099594,0.03841497749090195,-0.14011618494987488,-0.06695949286222458,-0.049974046647548676,0.16159960627555847,-0.0017488693119958043,-0.0002249333047075197,-0.0017490001628175378,-0.00022494747827295214,-0.0018757395446300507,-0.0060753109864890575,-4.907890343019972e-06,0.08678983151912689,-0.2107722908258438,-0.06752234697341919,-0.3398677110671997,0.168768048286438,-0.006388034671545029,-0.10896138846874237,0.07611258327960968,0.07148852199316025,0.07545255869626999,0.07154342532157898,-0.0195192601531744,-0.030697958543896675,-0.06416977941989899,-0.09846228361129761,0.2094247043132782,0.05790160596370697,-0.2232002466917038,-0.05329921841621399,-0.11318495124578476,0.15260811150074005,0.0,0.0,0.0,0.0,0.0,0.0,0.0,0.04737880453467369,-0.22908349335193634,-0.09893224388360977,-0.435579776763916,0.16499283909797668,-0.050646811723709106,-0.09934356063604355,0.0,0.0,0.0025952463038265705,0.0029296875,0.005236492957919836,0.0,-0.0013671874767169356
933,1783686207.867665,367308.504025,0.050002,0,,,5,-0.06237331032752991,0.19308887422084808,0.03887384757399559,-0.14017745852470398,-0.06629429757595062,-0.050292421132326126,0.15873754024505615,-0.001756147132255137,-0.00022608900326304138,-0.001756118144840002,-0.0002260751061839983,-0.001875511952675879,-0.006080743856728077,-4.901423835690366e-06,0.08268748968839645,-0.2117164433002472,-0.06765468418598175,-0.341016560792923,0.16931892931461334,0.0006715128547511995,-0.10914358496665955,0.07580918818712234,0.07119601964950562,0.07515373080968857,0.07125169038772583,-0.019382918253540993,-0.030539846047759056,-0.06390171498060226,-0.09991950541734695,0.20748233795166016,0.058099888265132904,-0.2232002466917038,-0.0516807958483696,-0.11318495124578476,0.15077367424964905,0.0,0.0,0.0,0.0,0.0,0.0,0.0,0.04351864755153656,-0.22717702388763428,-0.10279051959514618,-0.43354105949401855,0.17051921784877777,-0.04389733821153641,-0.09129511564970016,0.0,0.0,0.0,0.0,0.00113554741255939,0.0,0.0
934,1783686207.917694,367308.554106,0.050081,0,,,6,-0.06124699115753174,0.19333148002624512,0.03903402015566826,-0.14004230499267578,-0.0654725432395935,-0.050451211631298065,0.15662764012813568,-0.0017625654581934214,-0.0002270218392368406,-0.0017627455526962876,-0.0002270454278914258,-0.0018758572405204177,-0.006092939060181379,-5.172576038603438e-06,0.07901544123888016,-0.21199029684066772,-0.0699051097035408,-0.3440428674221039,0.16945642232894897,0.004230973776429892,-0.10644783079624176,0.0753999799489975,0.0707966536283493,0.0747571736574173,0.07086285203695297,-0.01914738304913044,-0.030326485633850098,-0.06353998929262161,-0.09409062564373016,0.21136707067489624,0.05591880530118942,-0.2232002466917038,-0.05006237328052521,-0.11318495124578476,0.14893922209739685,0.0,0.0,0.0,0.0,0.0,0.0,0.0,0.031938180327415466,-0.22717702388763428,-0.09121570736169815,-0.4172312021255493,0.17051921784877777,-0.04164751246571541,-0.12080609798431396,0.0,0.0,0.0,0.0,-0.004605776164680719,0.0,0.0
935,1783686207.967703,367308.604100,0.049994,0,,,7,-0.06128881871700287,0.19344496726989746,0.03914855793118477,-0.14000658690929413,-0.06484649330377579,-0.050608549267053604,0.15531663596630096,-0.0017646367195993662,-0.000227272990741767,-0.001764923450537026,-0.00022731417266186327,-0.0018759358208626509,-0.006099140737205744,-5.092464562039822e-06,0.07578670233488083,-0.21207159757614136,-0.0726526603102684,-0.34566935896873474,0.1695633977651596,0.0057881115935742855,-0.10351336747407913,0.07510622590780258,0.07050809264183044,0.07446863502264023,0.07057691365480423,-0.018989242613315582,-0.03016732446849346,-0.06327499449253082,-0.09700506180524826,0.21039588749408722,0.05651364475488663,-0.2232002466917038,-0.05329921841621399,-0.11318495124578476,0.14893922209739685,0.0,0.0,0.0,0.0,0.0,0.0,0.0,0.03965849056839943,-0.22908349335193634,-0.08349916338920593,-0.4233473837375641,0.15670324862003326,-0.02927347458899021,-0.13153736293315887,0.0029296875,0.0,0.0,0.0,-0.0009149253601208329,0.0,0.0
936,1783686208.017705,367308.654105,0.050006,0,,,8,-0.06092643737792969,0.19457773864269257,0.03913024067878723,-0.14000797271728516,-0.0639389231801033,-0.05084402114152908,0.15315352380275726,-0.0017717161681503057,-0.00022829680528957397,-0.0017716101137921214,-0.00022827745124232024,-0.0018758631777018309,-0.006106050219386816,-4.945827186020324e-06,0.06838580965995789,-0.21217703819274902,-0.07290785014629364,-0.34450432658195496,0.1696907877922058,0.00850977748632431,-0.10670667141675949,0.0747014582157135,0.07011266052722931,0.0740666463971138,0.0701812133193016,-0.018824711441993713,-0.029949061572551727,-0.0629105418920517,-0.09991950541734695,0.20553995668888092,0.05591880530118942,-0.2232002466917038,-0.05734527111053467,-0.11318495124578476,0.15627701580524445,0.0,0.0,0.0,0.0,0.0,0.0,0.0,0.031938180327415466,-0.23003672063350677,-0.08735743165016174,-0.42946359515190125,0.18433518707752228,-0.03602294996380806,-0.10739201307296753,0.0,0.0087890625,0.005190492607653141,0.005859375,0.004416303709149361,-0.004101562313735485,0.0
937,1783686208.067595,367308.704015,0.049910,0,,,9,-0.06083577126264572,0.19488908350467682,0.039121244102716446,-0.14000119268894196,-0.06345222145318985,-0.05099976807832718,0.1522323042154312,-0.001778029021807015,-0.00022926862584427,-0.001778378034941852,-0.00022931891726329923,-0.0018759028753265738,-0.006113291718065739,-5.0506123443483375e-06,0.06677696853876114,-0.21261247992515564,-0.07170063257217407,-0.3444492518901825,0.16932791471481323,0.011805766262114048,-0.11137998104095459,0.07441244274377823,0.06982824951410294,0.07377337664365768,0.0698956772685051,-0.018696030601859093,-0.029802044853568077,-0.06264837831258774,-0.1013767197728157,0.2094247043132782,0.05393600091338158,-0.2232002466917038,-0.05491764098405838,-0.11318495124578476,0.15627701580524445,0.0,0.0,0.0,0.0,0.0,0.0,0.0,0.0357983373105526,-0.2281302660703659,-0.09121570736169815,-0.42946359515190125,0.15117686986923218,-0.04614716023206711,-0.11007483303546906,0.0,0.0,0.0,0.0,-0.0009149253601208329,0.0,0.0
938,1783686208.117907,367308.754299,0.050284,0,,,10,-0.061029545962810516,0.19471921026706696,0.039134539663791656,-0.13999125361442566,-0.06312282383441925,-0.0512053444981575,0.1521400809288025,-0.0017828098498284817,-0.0002299393672728911,-0.0017834171885624528,-0.00023002905072644353,-0.0018759171944111586,-0.006122029386460781,-5.038561539549846e-06,0.06576842069625854,-0.2129189372062683,-0.07062123715877533,-0.344476580619812,0.17058075964450836,0.015452609397470951,-0.11164037138223648,0.07401242852210999,0.06946897506713867,0.07339213788509369,0.06952514499425888,-0.01847563497722149,-0.029605776071548462,-0.062288325279951096,-0.09846228361129761,0.20651113986968994,0.054729122668504715,-0.2232002466917038,-0.0516807958483696,-0.11318495124578476,0.14893922209739685,0.0,0.0,0.0,0.0,0.0,0.0,0.0,0.031938180327415466,-0.23003672063350677,-0.09121570736169815,-0.4274248480796814,0.17880879342556,-0.03602294996380806,-0.1194646880030632,0.0,0.0,0.0,0.0,0.00031535830930806696,0.0,0.0
